MatchID,Map,AverageRank,EconRating,FirstBloods,SpikePlants,Kills,Deaths,KD_Ratio,TeamWin
VAL-00001,Pearl,Gold,58,13,2,66,69,0.96,0
VAL-00002,Split,Silver,71,11,3,56,65,0.86,0
VAL-00003,Lotus,Gold,55,11,8,73,61,1.2,1
VAL-00004,Icebox,Platinum,53,14,10,64,54,1.19,1
VAL-00005,Pearl,Silver,36,10,6,62,73,0.85,1
VAL-00006,Haven,Silver,45,14,4,75,72,1.04,0
VAL-00007,Pearl,Silver,59,9,3,47,58,0.81,1
VAL-00008,Lotus,Diamond,58,9,12,68,68,1.0,1
VAL-00009,Icebox,Silver,62,7,6,46,66,0.7,0
VAL-00010,Split,Platinum,60,5,2,62,66,0.94,0
VAL-00011,Lotus,Gold,54,13,7,62,51,1.22,0
VAL-00012,Lotus,Diamond,43,4,7,65,51,1.27,0
VAL-00013,Haven,Ascendant,55,13,10,44,58,0.76,0
VAL-00014,Breeze,Silver,54,12,3,64,64,1.0,0
VAL-00015,Icebox,Gold,71,20,10,74,78,0.95,1
VAL-00016,Bind,Diamond,71,14,11,56,45,1.24,1
VAL-00017,Lotus,Gold,49,14,7,55,71,0.77,0
VAL-00018,Breeze,Silver,48,9,9,56,47,1.19,1
VAL-00019,Bind,Diamond,39,10,9,70,62,1.13,1
VAL-00020,Icebox,Immortal,53,10,5,54,42,1.29,1
VAL-00021,Ascent,Platinum,49,12,3,58,74,0.78,0
VAL-00022,Breeze,Gold,86,10,5,70,63,1.11,1
VAL-00023,Sunset,Gold,42,14,2,53,64,0.83,0
VAL-00024,Ascent,Silver,56,10,8,71,68,1.04,1
VAL-00025,Haven,Diamond,47,16,12,56,57,0.98,1
VAL-00026,Pearl,Diamond,55,9,4,60,43,1.4,1
VAL-00027,Split,Diamond,51,15,6,70,42,1.67,1
VAL-00028,Sunset,Silver,65,20,6,70,66,1.06,0
VAL-00029,Haven,Platinum,60,19,13,57,57,1.0,0
VAL-00030,Icebox,Silver,64,9,6,52,72,0.72,0
VAL-00031,Haven,Gold,46,17,10,75,60,1.25,1
VAL-00032,Pearl,Diamond,68,3,7,59,67,0.88,0
VAL-00033,Icebox,Silver,49,6,0,66,69,0.96,0
VAL-00034,Sunset,Platinum,38,14,5,68,69,0.99,0
VAL-00035,Pearl,Platinum,53,14,10,54,58,0.93,1
VAL-00036,Bind,Ascendant,56,14,6,48,61,0.79,1
VAL-00037,Split,Diamond,40,10,9,67,68,0.99,0
VAL-00038,Sunset,Diamond,65,8,12,47,63,0.75,1
VAL-00039,Bind,Gold,45,5,9,51,42,1.21,0
VAL-00040,Sunset,Silver,45,9,5,68,38,1.79,0
VAL-00041,Icebox,Gold,55,15,9,65,54,1.2,1
VAL-00042,Bind,Gold,65,15,8,64,69,0.93,1
VAL-00043,Split,Platinum,40,13,10,56,60,0.93,0
VAL-00044,Pearl,Platinum,66,13,7,73,76,0.96,1
VAL-00045,Lotus,Gold,29,19,5,52,68,0.76,0
VAL-00046,Haven,Gold,59,18,9,41,47,0.87,1
VAL-00047,Ascent,Silver,41,16,9,44,70,0.63,0
VAL-00048,Split,Platinum,45,17,5,62,48,1.29,1
VAL-00049,Bind,Platinum,76,13,2,60,77,0.78,0
VAL-00050,Lotus,Platinum,43,14,6,68,65,1.05,0
VAL-00051,Split,Gold,54,9,3,67,74,0.91,0
VAL-00052,Bind,Gold,42,14,6,60,66,0.91,0
VAL-00053,Breeze,Diamond,64,9,9,47,60,0.78,0
VAL-00054,Breeze,Diamond,60,17,1,55,61,0.9,0
VAL-00055,Split,Gold,62,14,8,55,51,1.08,1
VAL-00056,Breeze,Platinum,69,10,8,76,62,1.23,1
VAL-00057,Bind,Gold,51,15,4,59,61,0.97,0
VAL-00058,Bind,Platinum,68,16,8,70,66,1.06,0
VAL-00059,Split,Diamond,73,9,11,62,58,1.07,1
VAL-00060,Lotus,Platinum,58,11,8,59,51,1.16,0
VAL-00061,Pearl,Gold,42,8,13,55,60,0.92,0
VAL-00062,Sunset,Gold,41,12,7,65,52,1.25,1
VAL-00063,Lotus,Platinum,60,17,10,50,51,0.98,1
VAL-00064,Icebox,Platinum,42,12,13,60,47,1.28,1
VAL-00065,Bind,Platinum,39,14,9,61,59,1.03,1
VAL-00066,Icebox,Platinum,66,10,12,62,61,1.02,1
VAL-00067,Lotus,Silver,49,15,8,52,55,0.95,0
VAL-00068,Sunset,Ascendant,84,12,11,56,64,0.88,1
VAL-00069,Sunset,Diamond,47,15,4,63,59,1.07,0
VAL-00070,Ascent,Gold,49,15,7,62,57,1.09,1
VAL-00071,Sunset,Platinum,59,8,13,73,71,1.03,1
VAL-00072,Pearl,Silver,57,9,2,58,54,1.07,0
VAL-00073,Sunset,Silver,54,10,5,48,57,0.84,0
VAL-00074,Lotus,Gold,54,19,13,55,63,0.87,1
VAL-00075,Ascent,Platinum,94,17,7,50,67,0.75,1
VAL-00076,Lotus,Diamond,75,12,7,76,49,1.55,0
VAL-00077,Lotus,Platinum,65,23,10,68,61,1.11,1
VAL-00078,Haven,Gold,40,7,11,64,59,1.08,1
VAL-00079,Ascent,Gold,54,11,6,64,67,0.96,0
VAL-00080,Lotus,Silver,63,17,2,59,54,1.09,1
VAL-00081,Haven,Silver,64,12,4,46,60,0.77,0
VAL-00082,Haven,Diamond,70,9,5,56,76,0.74,0
VAL-00083,Ascent,Ascendant,47,14,3,36,56,0.64,0
VAL-00084,Icebox,Gold,55,23,4,67,71,0.94,1
VAL-00085,Pearl,Platinum,46,9,7,61,56,1.09,0
VAL-00086,Sunset,Ascendant,71,9,4,61,59,1.03,0
VAL-00087,Pearl,Silver,63,8,12,53,56,0.95,1
VAL-00088,Sunset,Diamond,49,10,6,59,50,1.18,0
VAL-00089,Lotus,Platinum,58,16,2,66,50,1.32,1
VAL-00090,Bind,Platinum,56,18,11,64,67,0.96,1
VAL-00091,Ascent,Gold,44,7,13,49,55,0.89,0
VAL-00092,Pearl,Platinum,66,14,6,53,53,1.0,1
VAL-00093,Pearl,Diamond,56,15,8,67,53,1.26,1
VAL-00094,Lotus,Silver,49,9,11,57,44,1.3,1
VAL-00095,Icebox,Gold,44,15,6,78,54,1.44,1
VAL-00096,Haven,Silver,65,14,13,50,58,0.86,1
VAL-00097,Lotus,Diamond,58,16,2,58,50,1.16,1
VAL-00098,Breeze,Gold,47,3,7,56,63,0.89,0
VAL-00099,Haven,Diamond,49,13,5,58,59,0.98,0
VAL-00100,Ascent,Gold,55,15,4,50,53,0.94,0
VAL-00101,Haven,Silver,56,16,5,42,62,0.68,0
VAL-00102,Icebox,Silver,57,15,9,66,60,1.1,1
VAL-00103,Haven,Gold,34,7,10,75,67,1.12,0
VAL-00104,Ascent,Silver,56,18,9,55,47,1.17,1
VAL-00105,Icebox,Platinum,40,15,3,63,75,0.84,0
VAL-00106,Pearl,Silver,72,12,9,58,58,1.0,1
VAL-00107,Pearl,Gold,68,12,7,58,68,0.85,0
VAL-00108,Sunset,Gold,69,19,5,54,49,1.1,0
VAL-00109,Haven,Platinum,25,15,6,67,60,1.12,0
VAL-00110,Pearl,Platinum,51,13,12,63,56,1.12,1
VAL-00111,Ascent,Platinum,54,9,6,53,64,0.83,0
VAL-00112,Split,Immortal,62,11,9,68,75,0.91,0
VAL-00113,Split,Silver,66,9,10,74,61,1.21,1
VAL-00114,Icebox,Gold,70,5,10,72,55,1.31,1
VAL-00115,Pearl,Gold,27,13,6,58,61,0.95,0
VAL-00116,Pearl,Gold,45,5,6,52,38,1.37,0
VAL-00117,Split,Platinum,56,9,8,51,56,0.91,0
VAL-00118,Pearl,Gold,65,11,5,55,39,1.41,1
VAL-00119,Haven,Gold,65,6,4,56,70,0.8,0
VAL-00120,Breeze,Gold,61,16,7,69,68,1.01,0
VAL-00121,Bind,Immortal,47,12,5,41,66,0.62,1
VAL-00122,Sunset,Ascendant,49,3,6,59,52,1.13,0
VAL-00123,Icebox,Gold,47,15,6,55,47,1.17,1
VAL-00124,Breeze,Silver,43,19,5,53,69,0.77,0
VAL-00125,Split,Diamond,43,13,6,65,85,0.76,0
VAL-00126,Pearl,Immortal,42,14,6,53,66,0.8,0
VAL-00127,Sunset,Gold,59,13,13,59,75,0.79,1
VAL-00128,Pearl,Gold,56,14,12,69,62,1.11,1
VAL-00129,Ascent,Ascendant,44,10,6,57,57,1.0,0
VAL-00130,Ascent,Platinum,34,9,6,73,77,0.95,0
VAL-00131,Sunset,Gold,51,8,6,52,59,0.88,0
VAL-00132,Sunset,Platinum,73,12,8,31,70,0.44,0
VAL-00133,Split,Ascendant,55,15,7,65,59,1.1,1
VAL-00134,Sunset,Diamond,65,15,7,63,57,1.11,1
VAL-00135,Haven,Platinum,57,10,9,70,58,1.21,1
VAL-00136,Pearl,Platinum,54,11,4,64,64,1.0,0
VAL-00137,Breeze,Silver,37,11,5,75,56,1.34,1
VAL-00138,Lotus,Diamond,50,10,3,63,81,0.78,0
VAL-00139,Sunset,Gold,49,4,6,70,63,1.11,0
VAL-00140,Icebox,Ascendant,73,11,7,68,58,1.17,1
VAL-00141,Ascent,Gold,57,11,7,54,53,1.02,1
VAL-00142,Haven,Diamond,70,12,11,56,66,0.85,1
VAL-00143,Lotus,Gold,69,10,4,58,37,1.57,1
VAL-00144,Breeze,Gold,45,13,2,82,58,1.41,1
VAL-00145,Lotus,Silver,55,23,7,54,68,0.79,1
VAL-00146,Sunset,Platinum,75,15,6,64,49,1.31,1
VAL-00147,Split,Diamond,62,10,10,61,64,0.95,1
VAL-00148,Ascent,Platinum,61,11,7,62,65,0.95,0
VAL-00149,Ascent,Gold,66,12,11,61,57,1.07,1
VAL-00150,Split,Silver,61,12,7,56,61,0.92,0
VAL-00151,Pearl,Ascendant,62,12,5,49,59,0.83,0
VAL-00152,Bind,Platinum,59,10,9,51,51,1.0,1
VAL-00153,Haven,Platinum,51,10,8,67,77,0.87,0
VAL-00154,Ascent,Diamond,42,15,5,65,64,1.02,0
VAL-00155,Icebox,Platinum,33,11,9,62,59,1.05,0
VAL-00156,Ascent,Gold,51,14,8,78,60,1.3,1
VAL-00157,Lotus,Platinum,60,11,7,84,69,1.22,1
VAL-00158,Ascent,Platinum,58,5,10,51,42,1.21,1
VAL-00159,Ascent,Diamond,63,8,11,74,58,1.28,1
VAL-00160,Bind,Diamond,53,6,5,48,47,1.02,0
VAL-00161,Bind,Silver,88,13,8,56,68,0.82,1
VAL-00162,Breeze,Gold,79,5,7,62,68,0.91,0
VAL-00163,Pearl,Silver,37,10,6,68,57,1.19,0
VAL-00164,Icebox,Silver,63,11,7,47,65,0.72,0
VAL-00165,Ascent,Platinum,67,11,2,61,64,0.95,0
VAL-00166,Ascent,Diamond,30,16,10,61,76,0.8,0
VAL-00167,Haven,Silver,57,16,9,45,66,0.68,0
VAL-00168,Bind,Gold,61,9,1,64,49,1.31,0
VAL-00169,Icebox,Ascendant,55,12,6,59,53,1.11,1
VAL-00170,Breeze,Diamond,60,10,8,66,61,1.08,1
VAL-00171,Pearl,Gold,56,14,10,55,40,1.38,1
VAL-00172,Split,Diamond,63,12,6,56,72,0.78,0
VAL-00173,Pearl,Gold,74,14,6,83,64,1.3,1
VAL-00174,Lotus,Silver,64,7,8,52,44,1.18,1
VAL-00175,Ascent,Silver,69,13,5,58,60,0.97,1
VAL-00176,Breeze,Silver,42,6,12,55,86,0.64,0
VAL-00177,Lotus,Gold,79,9,7,61,55,1.11,0
VAL-00178,Icebox,Ascendant,59,12,8,63,45,1.4,1
VAL-00179,Split,Diamond,50,4,11,72,55,1.31,1
VAL-00180,Bind,Gold,60,3,7,54,43,1.26,0
VAL-00181,Breeze,Gold,48,7,11,57,63,0.9,0
VAL-00182,Breeze,Gold,57,8,2,62,50,1.24,0
VAL-00183,Ascent,Platinum,59,9,10,42,67,0.63,0
VAL-00184,Sunset,Diamond,47,10,10,72,62,1.16,1
VAL-00185,Breeze,Silver,57,13,1,28,53,0.53,0
VAL-00186,Haven,Silver,47,20,6,67,45,1.49,1
VAL-00187,Split,Platinum,47,9,8,95,63,1.51,1
VAL-00188,Split,Platinum,43,14,9,66,61,1.08,1
VAL-00189,Haven,Gold,51,17,11,67,45,1.49,1
VAL-00190,Haven,Platinum,48,16,3,61,52,1.17,1
VAL-00191,Haven,Platinum,61,9,7,52,44,1.18,1
VAL-00192,Split,Gold,68,15,4,68,51,1.33,1
VAL-00193,Pearl,Gold,63,17,5,46,58,0.79,0
VAL-00194,Split,Gold,67,18,9,48,53,0.91,1
VAL-00195,Sunset,Diamond,66,18,5,55,47,1.17,1
VAL-00196,Ascent,Ascendant,44,8,7,65,63,1.03,0
VAL-00197,Lotus,Diamond,51,13,6,48,65,0.74,1
VAL-00198,Pearl,Platinum,76,9,10,67,67,1.0,1
VAL-00199,Bind,Platinum,48,7,1,64,76,0.84,0
VAL-00200,Lotus,Platinum,77,14,11,61,64,0.95,1
VAL-00201,Ascent,Ascendant,50,13,11,43,50,0.86,1
VAL-00202,Sunset,Silver,30,13,9,69,54,1.28,1
VAL-00203,Sunset,Gold,52,10,8,58,64,0.91,0
VAL-00204,Bind,Platinum,65,22,1,59,64,0.92,1
VAL-00205,Pearl,Platinum,75,18,9,55,51,1.08,1
VAL-00206,Haven,Gold,37,10,10,44,69,0.64,0
VAL-00207,Pearl,Platinum,65,12,7,50,48,1.04,1
VAL-00208,Sunset,Diamond,66,14,5,70,45,1.56,1
VAL-00209,Split,Gold,71,16,11,76,66,1.15,1
VAL-00210,Ascent,Diamond,23,14,4,66,53,1.25,0
VAL-00211,Bind,Gold,75,12,10,68,54,1.26,1
VAL-00212,Ascent,Ascendant,60,6,9,77,54,1.43,0
VAL-00213,Icebox,Gold,61,20,6,76,61,1.25,1
VAL-00214,Icebox,Platinum,67,9,13,66,56,1.18,1
VAL-00215,Pearl,Silver,31,16,8,54,60,0.9,0
VAL-00216,Sunset,Silver,67,12,9,40,68,0.59,0
VAL-00217,Sunset,Platinum,83,17,9,61,55,1.11,1
VAL-00218,Haven,Gold,39,7,8,62,65,0.95,0
VAL-00219,Haven,Gold,54,9,7,86,75,1.15,1
VAL-00220,Haven,Silver,55,11,9,67,49,1.37,1
VAL-00221,Split,Diamond,59,8,7,62,73,0.85,0
VAL-00222,Lotus,Diamond,60,10,2,51,50,1.02,0
VAL-00223,Breeze,Silver,47,17,5,61,52,1.17,1
VAL-00224,Lotus,Platinum,55,14,10,73,45,1.62,1
VAL-00225,Ascent,Diamond,76,18,10,58,54,1.07,1
VAL-00226,Lotus,Platinum,60,12,4,47,63,0.75,0
VAL-00227,Split,Gold,59,11,5,51,67,0.76,0
VAL-00228,Ascent,Platinum,46,7,5,46,69,0.67,0
VAL-00229,Lotus,Silver,71,16,11,53,39,1.36,0
VAL-00230,Split,Gold,52,11,2,49,43,1.14,0
VAL-00231,Breeze,Silver,30,13,5,65,63,1.03,1
VAL-00232,Lotus,Platinum,60,10,7,67,65,1.03,1
VAL-00233,Split,Silver,63,23,3,75,70,1.07,1
VAL-00234,Haven,Ascendant,51,12,7,59,63,0.94,0
VAL-00235,Sunset,Gold,28,9,4,59,48,1.23,0
VAL-00236,Haven,Silver,42,7,4,63,50,1.26,0
VAL-00237,Sunset,Gold,54,14,5,54,61,0.89,1
VAL-00238,Bind,Gold,50,9,6,49,45,1.09,0
VAL-00239,Bind,Gold,60,10,5,51,50,1.02,0
VAL-00240,Bind,Gold,62,6,7,66,59,1.12,0
VAL-00241,Breeze,Silver,50,12,11,69,57,1.21,1
VAL-00242,Haven,Gold,38,12,10,84,60,1.4,1
VAL-00243,Sunset,Gold,72,19,12,50,63,0.79,1
VAL-00244,Split,Silver,62,10,7,49,46,1.07,0
VAL-00245,Ascent,Diamond,63,3,7,41,61,0.67,0
VAL-00246,Split,Platinum,60,11,8,62,47,1.32,1
VAL-00247,Ascent,Platinum,68,17,2,65,59,1.1,1
VAL-00248,Icebox,Gold,50,14,10,54,66,0.82,0
VAL-00249,Split,Platinum,65,16,6,45,64,0.7,0
VAL-00250,Lotus,Ascendant,63,14,7,80,50,1.6,1
VAL-00251,Lotus,Silver,63,10,8,64,49,1.31,1
VAL-00252,Pearl,Silver,41,8,5,48,75,0.64,0
VAL-00253,Haven,Silver,57,8,5,56,67,0.84,0
VAL-00254,Ascent,Silver,60,10,8,83,58,1.43,1
VAL-00255,Ascent,Silver,76,15,8,69,72,0.96,1
VAL-00256,Haven,Platinum,56,12,13,57,58,0.98,1
VAL-00257,Breeze,Gold,68,5,8,50,83,0.6,0
VAL-00258,Pearl,Immortal,37,13,9,74,57,1.3,1
VAL-00259,Breeze,Silver,46,17,13,46,85,0.54,1
VAL-00260,Breeze,Gold,60,6,8,65,62,1.05,0
VAL-00261,Breeze,Immortal,60,14,8,65,48,1.35,1
VAL-00262,Haven,Diamond,46,4,0,71,60,1.18,0
VAL-00263,Breeze,Gold,66,8,6,66,67,0.99,0
VAL-00264,Lotus,Platinum,53,7,8,66,60,1.1,0
VAL-00265,Bind,Diamond,53,15,5,63,54,1.17,0
VAL-00266,Icebox,Gold,54,19,8,63,63,1.0,1
VAL-00267,Ascent,Silver,71,16,9,79,66,1.2,0
VAL-00268,Ascent,Diamond,68,16,10,60,53,1.13,1
VAL-00269,Icebox,Gold,78,8,7,69,59,1.17,1
VAL-00270,Haven,Silver,62,14,2,56,50,1.12,1
VAL-00271,Split,Gold,78,13,7,50,64,0.78,1
VAL-00272,Haven,Gold,58,7,6,55,51,1.08,1
VAL-00273,Ascent,Diamond,53,16,5,58,62,0.94,0
VAL-00274,Ascent,Silver,50,14,6,50,71,0.7,0
VAL-00275,Icebox,Diamond,53,11,6,45,67,0.67,0
VAL-00276,Breeze,Gold,53,15,6,72,57,1.26,1
VAL-00277,Haven,Gold,47,13,6,54,47,1.15,1
VAL-00278,Sunset,Silver,48,17,11,57,60,0.95,1
VAL-00279,Icebox,Platinum,62,20,8,54,56,0.96,1
VAL-00280,Lotus,Ascendant,49,11,8,37,60,0.62,0
VAL-00281,Ascent,Gold,35,11,8,76,61,1.25,1
VAL-00282,Icebox,Silver,34,10,3,51,56,0.91,0
VAL-00283,Haven,Platinum,30,12,10,70,53,1.32,1
VAL-00284,Ascent,Diamond,38,17,13,50,64,0.78,1
VAL-00285,Split,Silver,41,8,4,62,75,0.83,1
VAL-00286,Icebox,Platinum,43,7,5,70,62,1.13,0
VAL-00287,Pearl,Platinum,58,13,5,48,59,0.81,0
VAL-00288,Ascent,Gold,40,12,8,56,70,0.8,0
VAL-00289,Haven,Gold,44,13,7,54,57,0.95,0
VAL-00290,Bind,Silver,33,4,5,55,73,0.75,0
VAL-00291,Sunset,Diamond,47,18,9,68,68,1.0,1
VAL-00292,Breeze,Platinum,64,13,8,74,33,2.24,1
VAL-00293,Haven,Gold,55,22,11,56,64,0.88,1
VAL-00294,Lotus,Gold,56,14,7,63,54,1.17,1
VAL-00295,Lotus,Gold,55,10,7,47,68,0.69,1
VAL-00296,Bind,Diamond,40,13,6,85,44,1.93,1
VAL-00297,Breeze,Gold,50,18,8,65,59,1.1,1
VAL-00298,Pearl,Gold,58,9,4,68,58,1.17,0
VAL-00299,Bind,Gold,67,14,10,55,56,0.98,1
VAL-00300,Bind,Gold,59,14,9,71,70,1.01,1
VAL-00301,Ascent,Gold,66,14,8,61,88,0.69,0
VAL-00302,Lotus,Silver,42,8,6,70,63,1.11,0
VAL-00303,Ascent,Silver,37,15,12,51,73,0.7,0
VAL-00304,Sunset,Diamond,34,14,5,62,73,0.85,0
VAL-00305,Breeze,Silver,65,18,4,40,84,0.48,0
VAL-00306,Pearl,Silver,38,19,6,66,68,0.97,1
VAL-00307,Pearl,Diamond,68,13,9,66,68,0.97,1
VAL-00308,Haven,Silver,50,13,11,42,59,0.71,0
VAL-00309,Bind,Platinum,75,8,10,49,50,0.98,1
VAL-00310,Sunset,Gold,50,11,3,52,71,0.73,0
VAL-00311,Lotus,Silver,50,10,7,65,55,1.18,1
VAL-00312,Pearl,Gold,56,16,6,32,40,0.8,0
VAL-00313,Sunset,Silver,50,13,8,79,75,1.05,1
VAL-00314,Split,Diamond,60,8,6,53,58,0.91,0
VAL-00315,Split,Gold,42,9,9,90,64,1.41,1
VAL-00316,Ascent,Silver,57,22,6,60,49,1.22,1
VAL-00317,Lotus,Silver,46,10,4,36,69,0.52,0
VAL-00318,Haven,Gold,53,15,11,44,57,0.77,1
VAL-00319,Pearl,Silver,38,12,7,60,62,0.97,0
VAL-00320,Bind,Gold,65,11,10,46,66,0.7,0
VAL-00321,Bind,Gold,51,17,4,50,59,0.85,1
VAL-00322,Pearl,Diamond,66,10,4,35,53,0.66,0
VAL-00323,Breeze,Gold,46,11,3,55,60,0.92,0
VAL-00324,Haven,Platinum,55,17,5,75,56,1.34,1
VAL-00325,Sunset,Diamond,66,10,5,53,33,1.61,1
VAL-00326,Breeze,Silver,41,6,5,65,60,1.08,0
VAL-00327,Breeze,Diamond,44,7,7,49,69,0.71,0
VAL-00328,Ascent,Diamond,65,14,4,70,42,1.67,1
VAL-00329,Split,Gold,71,9,5,55,66,0.83,0
VAL-00330,Breeze,Immortal,55,17,8,63,67,0.94,1
VAL-00331,Breeze,Gold,43,12,13,52,72,0.72,0
VAL-00332,Icebox,Gold,51,15,8,57,63,0.9,1
VAL-00333,Ascent,Diamond,79,13,8,47,58,0.81,1
VAL-00334,Lotus,Gold,39,16,6,76,60,1.27,1
VAL-00335,Icebox,Gold,61,20,1,60,59,1.02,1
VAL-00336,Icebox,Silver,57,14,6,52,48,1.08,1
VAL-00337,Pearl,Diamond,41,14,4,57,56,1.02,0
VAL-00338,Split,Diamond,51,16,10,64,65,0.98,1
VAL-00339,Breeze,Platinum,33,10,12,67,59,1.14,1
VAL-00340,Split,Ascendant,58,14,4,54,55,0.98,0
VAL-00341,Haven,Gold,60,8,7,67,61,1.1,1
VAL-00342,Pearl,Silver,39,9,3,60,53,1.13,0
VAL-00343,Lotus,Platinum,62,10,9,52,62,0.84,0
VAL-00344,Split,Diamond,47,17,11,56,64,0.88,1
VAL-00345,Bind,Silver,46,11,9,54,61,0.89,0
VAL-00346,Haven,Silver,43,9,8,79,50,1.58,1
VAL-00347,Ascent,Diamond,63,15,7,61,69,0.88,1
VAL-00348,Lotus,Ascendant,35,5,8,67,52,1.29,0
VAL-00349,Haven,Platinum,36,5,6,72,60,1.2,0
VAL-00350,Pearl,Gold,48,11,6,61,74,0.82,0
VAL-00351,Icebox,Immortal,48,11,11,69,43,1.6,1
VAL-00352,Icebox,Diamond,63,16,9,60,52,1.15,1
VAL-00353,Pearl,Gold,54,17,5,59,61,0.97,1
VAL-00354,Sunset,Diamond,54,12,12,57,55,1.04,1
VAL-00355,Icebox,Diamond,36,11,5,55,45,1.22,0
VAL-00356,Ascent,Ascendant,52,9,13,65,60,1.08,1
VAL-00357,Ascent,Diamond,26,12,3,49,38,1.29,0
VAL-00358,Bind,Platinum,58,2,7,48,82,0.59,0
VAL-00359,Breeze,Platinum,63,10,8,69,69,1.0,1
VAL-00360,Sunset,Gold,46,12,8,72,51,1.41,1
VAL-00361,Lotus,Platinum,60,9,8,77,57,1.35,1
VAL-00362,Icebox,Diamond,50,9,11,56,44,1.27,1
VAL-00363,Ascent,Ascendant,70,11,8,43,74,0.58,0
VAL-00364,Pearl,Gold,58,12,9,41,61,0.67,0
VAL-00365,Icebox,Platinum,43,15,5,73,46,1.59,1
VAL-00366,Breeze,Gold,69,14,9,69,56,1.23,1
VAL-00367,Pearl,Platinum,65,16,6,65,67,0.97,1
VAL-00368,Haven,Platinum,50,14,10,66,66,1.0,1
VAL-00369,Haven,Silver,61,12,11,67,66,1.02,1
VAL-00370,Icebox,Gold,61,21,7,79,61,1.3,0
VAL-00371,Breeze,Silver,50,9,9,49,37,1.32,1
VAL-00372,Sunset,Silver,56,8,8,51,84,0.61,0
VAL-00373,Icebox,Diamond,58,11,7,65,57,1.14,1
VAL-00374,Ascent,Gold,47,12,6,68,63,1.08,1
VAL-00375,Split,Gold,71,13,4,48,77,0.62,0
VAL-00376,Icebox,Silver,31,8,5,68,62,1.1,0
VAL-00377,Icebox,Silver,63,20,7,56,75,0.75,1
VAL-00378,Pearl,Diamond,40,11,11,65,72,0.9,0
VAL-00379,Split,Gold,52,8,8,47,76,0.62,0
VAL-00380,Ascent,Diamond,36,13,10,41,66,0.62,0
VAL-00381,Icebox,Gold,39,16,2,66,57,1.16,0
VAL-00382,Pearl,Gold,54,18,11,80,55,1.45,1
VAL-00383,Breeze,Gold,56,2,9,60,78,0.77,0
VAL-00384,Icebox,Platinum,68,15,10,78,58,1.34,1
VAL-00385,Split,Platinum,50,19,1,46,70,0.66,0
VAL-00386,Bind,Ascendant,62,10,6,51,54,0.94,0
VAL-00387,Split,Platinum,55,11,4,65,56,1.16,0
VAL-00388,Haven,Gold,62,8,9,65,62,1.05,1
VAL-00389,Ascent,Diamond,42,10,9,55,56,0.98,0
VAL-00390,Lotus,Ascendant,56,8,10,66,54,1.22,1
VAL-00391,Icebox,Gold,59,16,6,55,57,0.96,1
VAL-00392,Split,Silver,49,12,9,61,67,0.91,1
VAL-00393,Lotus,Platinum,60,0,7,63,55,1.15,0
VAL-00394,Pearl,Gold,61,10,11,79,60,1.32,1
VAL-00395,Bind,Immortal,49,9,9,51,77,0.66,1
VAL-00396,Ascent,Gold,64,15,5,66,66,1.0,1
VAL-00397,Split,Silver,27,12,8,68,73,0.93,0
VAL-00398,Lotus,Ascendant,32,12,3,83,63,1.32,0
VAL-00399,Bind,Diamond,43,15,11,75,59,1.27,1
VAL-00400,Haven,Silver,58,16,9,67,75,0.89,1
VAL-00401,Ascent,Ascendant,46,13,9,41,47,0.87,0
VAL-00402,Ascent,Gold,39,9,10,65,69,0.94,0
VAL-00403,Haven,Gold,54,6,8,71,73,0.97,0
VAL-00404,Icebox,Ascendant,56,18,3,49,45,1.09,1
VAL-00405,Haven,Gold,47,26,10,51,54,0.94,1
VAL-00406,Ascent,Silver,41,12,5,78,62,1.26,1
VAL-00407,Ascent,Gold,55,13,5,72,65,1.11,1
VAL-00408,Lotus,Platinum,65,18,9,45,71,0.63,0
VAL-00409,Bind,Silver,40,5,5,60,49,1.22,0
VAL-00410,Haven,Platinum,74,16,8,60,53,1.13,1
VAL-00411,Bind,Platinum,48,14,9,76,76,1.0,1
VAL-00412,Haven,Gold,47,9,9,77,68,1.13,1
VAL-00413,Pearl,Platinum,57,10,10,63,66,0.95,1
VAL-00414,Ascent,Diamond,56,7,5,50,60,0.83,0
VAL-00415,Lotus,Gold,28,17,6,56,60,0.93,0
VAL-00416,Bind,Gold,54,8,8,42,69,0.61,0
VAL-00417,Haven,Gold,62,14,3,44,68,0.65,0
VAL-00418,Sunset,Platinum,67,5,5,87,61,1.43,1
VAL-00419,Pearl,Diamond,54,18,4,57,47,1.21,1
VAL-00420,Split,Gold,51,11,1,57,47,1.21,1
VAL-00421,Icebox,Gold,64,16,5,59,68,0.87,0
VAL-00422,Bind,Gold,77,11,7,61,64,0.95,1
VAL-00423,Lotus,Platinum,56,10,7,64,57,1.12,1
VAL-00424,Split,Silver,53,7,6,51,45,1.13,0
VAL-00425,Sunset,Diamond,70,16,4,75,73,1.03,1
VAL-00426,Icebox,Gold,41,11,7,53,54,0.98,0
VAL-00427,Sunset,Platinum,56,13,5,43,56,0.77,0
VAL-00428,Split,Gold,84,9,0,46,58,0.79,1
VAL-00429,Icebox,Platinum,60,12,4,60,48,1.25,1
VAL-00430,Sunset,Silver,64,13,8,69,46,1.5,1
VAL-00431,Lotus,Platinum,51,5,7,68,62,1.1,0
VAL-00432,Haven,Silver,62,9,8,73,73,1.0,1
VAL-00433,Ascent,Silver,70,18,9,47,85,0.55,1
VAL-00434,Haven,Gold,37,9,8,73,66,1.11,0
VAL-00435,Split,Platinum,54,16,7,65,79,0.82,0
VAL-00436,Bind,Silver,59,13,6,57,66,0.86,0
VAL-00437,Ascent,Silver,54,14,5,53,72,0.74,0
VAL-00438,Pearl,Diamond,49,15,7,51,60,0.85,0
VAL-00439,Lotus,Diamond,72,12,4,65,63,1.03,1
VAL-00440,Pearl,Silver,57,10,9,61,64,0.95,0
VAL-00441,Icebox,Platinum,47,9,4,42,61,0.69,0
VAL-00442,Ascent,Gold,67,11,11,57,57,1.0,1
VAL-00443,Pearl,Platinum,72,17,7,56,68,0.82,1
VAL-00444,Pearl,Diamond,69,7,10,72,56,1.29,1
VAL-00445,Sunset,Silver,50,11,4,63,64,0.98,0
VAL-00446,Haven,Diamond,51,6,12,56,58,0.97,1
VAL-00447,Sunset,Gold,43,10,4,52,76,0.68,0
VAL-00448,Ascent,Platinum,58,12,7,63,72,0.88,0
VAL-00449,Ascent,Platinum,68,18,3,54,54,1.0,1
VAL-00450,Split,Ascendant,62,18,7,45,57,0.79,0
VAL-00451,Sunset,Silver,76,5,7,64,57,1.12,1
VAL-00452,Breeze,Silver,32,6,0,59,62,0.95,1
VAL-00453,Haven,Silver,57,11,7,58,39,1.49,1
VAL-00454,Ascent,Immortal,65,15,9,61,65,0.94,1
VAL-00455,Split,Platinum,48,6,4,65,46,1.41,0
VAL-00456,Sunset,Platinum,41,11,6,47,54,0.87,0
VAL-00457,Haven,Silver,41,16,6,52,66,0.79,0
VAL-00458,Sunset,Diamond,56,17,12,75,77,0.97,1
VAL-00459,Pearl,Diamond,40,11,8,71,59,1.2,1
VAL-00460,Split,Platinum,73,4,5,80,64,1.25,1
VAL-00461,Haven,Gold,61,16,4,68,49,1.39,1
VAL-00462,Icebox,Silver,53,8,2,67,56,1.2,0
VAL-00463,Icebox,Platinum,54,14,7,59,52,1.13,1
VAL-00464,Haven,Platinum,68,8,7,45,62,0.73,0
VAL-00465,Sunset,Silver,71,12,3,67,49,1.37,1
VAL-00466,Split,Platinum,44,13,3,59,72,0.82,0
VAL-00467,Icebox,Gold,46,17,8,43,53,0.81,0
VAL-00468,Split,Diamond,51,6,10,66,58,1.14,1
VAL-00469,Icebox,Gold,48,8,6,71,53,1.34,1
VAL-00470,Pearl,Silver,33,18,9,52,47,1.11,1
VAL-00471,Sunset,Gold,45,13,7,56,44,1.27,1
VAL-00472,Pearl,Gold,47,9,13,64,36,1.78,1
VAL-00473,Icebox,Silver,41,15,7,51,59,0.86,0
VAL-00474,Pearl,Diamond,60,8,11,59,70,0.84,0
VAL-00475,Icebox,Silver,53,13,9,62,55,1.13,1
VAL-00476,Haven,Gold,62,9,5,68,47,1.45,1
VAL-00477,Pearl,Silver,43,17,9,60,52,1.15,1
VAL-00478,Bind,Silver,63,9,7,65,57,1.14,0
VAL-00479,Sunset,Gold,57,1,4,58,53,1.09,0
VAL-00480,Ascent,Silver,48,10,7,61,69,0.88,0
VAL-00481,Breeze,Platinum,74,9,6,64,73,0.88,1
VAL-00482,Pearl,Silver,56,11,7,35,57,0.61,0
VAL-00483,Lotus,Platinum,49,14,7,53,44,1.2,1
VAL-00484,Sunset,Silver,58,7,6,71,50,1.42,1
VAL-00485,Bind,Silver,44,9,4,40,59,0.68,1
VAL-00486,Bind,Gold,53,12,11,64,46,1.39,1
VAL-00487,Icebox,Diamond,79,9,7,74,60,1.23,1
VAL-00488,Icebox,Platinum,34,12,8,71,64,1.11,0
VAL-00489,Breeze,Diamond,49,14,6,68,58,1.17,1
VAL-00490,Haven,Silver,53,12,6,77,60,1.28,1
VAL-00491,Lotus,Diamond,51,16,8,72,50,1.44,0
VAL-00492,Ascent,Silver,49,8,11,56,53,1.06,1
VAL-00493,Breeze,Silver,75,10,2,67,59,1.14,1
VAL-00494,Split,Platinum,48,18,4,46,55,0.84,0
VAL-00495,Ascent,Gold,60,9,6,70,60,1.17,1
VAL-00496,Pearl,Immortal,48,22,5,59,49,1.2,1
VAL-00497,Sunset,Silver,60,16,13,71,45,1.58,1
VAL-00498,Split,Immortal,66,9,6,63,58,1.09,1
VAL-00499,Split,Platinum,54,14,8,70,71,0.99,1
VAL-00500,Breeze,Platinum,48,13,6,61,44,1.39,1
VAL-00501,Haven,Silver,54,6,0,57,74,0.77,0
VAL-00502,Breeze,Gold,61,18,6,63,75,0.84,0
VAL-00503,Pearl,Ascendant,65,15,3,45,41,1.1,0
VAL-00504,Haven,Gold,58,18,8,59,73,0.81,1
VAL-00505,Pearl,Platinum,54,16,6,56,46,1.22,1
VAL-00506,Haven,Immortal,70,13,5,46,64,0.72,0
VAL-00507,Bind,Gold,47,16,7,53,76,0.7,0
VAL-00508,Split,Platinum,50,7,6,47,64,0.73,0
VAL-00509,Lotus,Platinum,77,20,10,45,65,0.69,1
VAL-00510,Sunset,Silver,54,15,9,54,68,0.79,0
VAL-00511,Pearl,Silver,63,4,12,65,91,0.71,0
VAL-00512,Ascent,Gold,44,6,9,45,54,0.83,0
VAL-00513,Haven,Gold,67,13,8,60,72,0.83,0
VAL-00514,Sunset,Platinum,41,8,9,62,47,1.32,1
VAL-00515,Ascent,Silver,40,14,9,59,48,1.23,1
VAL-00516,Sunset,Ascendant,66,8,2,68,64,1.06,0
VAL-00517,Lotus,Silver,51,7,9,91,70,1.3,1
VAL-00518,Ascent,Platinum,52,10,2,77,66,1.17,0
VAL-00519,Breeze,Platinum,60,25,1,54,56,0.96,1
VAL-00520,Icebox,Silver,52,8,4,50,56,0.89,0
VAL-00521,Breeze,Silver,42,17,8,55,52,1.06,1
VAL-00522,Icebox,Diamond,48,9,3,65,63,1.03,0
VAL-00523,Breeze,Diamond,43,12,9,60,65,0.92,0
VAL-00524,Icebox,Gold,69,12,12,60,71,0.85,0
VAL-00525,Icebox,Gold,69,12,6,61,46,1.33,0
VAL-00526,Split,Gold,45,12,8,61,97,0.63,0
VAL-00527,Haven,Silver,60,13,5,63,49,1.29,1
VAL-00528,Haven,Platinum,52,6,3,69,50,1.38,0
VAL-00529,Split,Diamond,73,11,6,63,58,1.09,1
VAL-00530,Sunset,Gold,83,12,5,49,60,0.82,1
VAL-00531,Bind,Immortal,64,14,6,69,66,1.05,0
VAL-00532,Sunset,Silver,49,11,5,71,66,1.08,0
VAL-00533,Ascent,Platinum,41,14,3,59,67,0.88,0
VAL-00534,Ascent,Gold,58,9,7,63,75,0.84,0
VAL-00535,Icebox,Gold,53,10,1,55,70,0.79,0
VAL-00536,Breeze,Gold,38,13,9,52,47,1.11,1
VAL-00537,Breeze,Gold,56,8,2,53,56,0.95,0
VAL-00538,Haven,Platinum,80,10,5,54,54,1.0,1
VAL-00539,Pearl,Platinum,65,10,11,74,58,1.28,1
VAL-00540,Sunset,Gold,41,10,9,59,73,0.81,0
VAL-00541,Lotus,Diamond,55,12,7,52,68,0.76,0
VAL-00542,Breeze,Gold,59,8,13,58,59,0.98,1
VAL-00543,Lotus,Platinum,61,15,7,67,72,0.93,1
VAL-00544,Icebox,Silver,35,11,10,75,70,1.07,1
VAL-00545,Lotus,Silver,54,14,5,65,46,1.41,1
VAL-00546,Split,Gold,58,7,0,60,51,1.18,1
VAL-00547,Lotus,Platinum,53,1,8,77,64,1.2,0
VAL-00548,Bind,Platinum,32,16,8,58,59,0.98,0
VAL-00549,Icebox,Gold,53,13,8,57,68,0.84,0
VAL-00550,Sunset,Silver,64,14,3,48,56,0.86,1
VAL-00551,Split,Gold,48,17,13,54,68,0.79,1
VAL-00552,Breeze,Platinum,49,8,4,48,60,0.8,0
VAL-00553,Ascent,Platinum,72,5,7,47,66,0.71,1
VAL-00554,Sunset,Silver,53,16,8,59,64,0.92,1
VAL-00555,Ascent,Silver,56,15,9,55,57,0.96,1
VAL-00556,Icebox,Diamond,33,16,5,72,77,0.94,0
VAL-00557,Split,Silver,42,19,9,63,57,1.11,1
VAL-00558,Haven,Silver,81,7,12,67,82,0.82,1
VAL-00559,Breeze,Silver,75,16,6,65,42,1.55,1
VAL-00560,Bind,Gold,61,11,5,49,49,1.0,0
VAL-00561,Haven,Gold,28,16,4,58,62,0.94,0
VAL-00562,Icebox,Platinum,39,19,8,64,45,1.42,1
VAL-00563,Sunset,Gold,39,12,4,43,55,0.78,0
VAL-00564,Bind,Platinum,39,9,9,42,68,0.62,0
VAL-00565,Lotus,Silver,50,7,6,62,58,1.07,0
VAL-00566,Bind,Diamond,64,3,6,58,67,0.87,0
VAL-00567,Icebox,Platinum,47,18,4,25,74,0.34,0
VAL-00568,Pearl,Platinum,51,18,13,42,65,0.65,1
VAL-00569,Lotus,Silver,51,16,7,50,50,1.0,1
VAL-00570,Ascent,Silver,66,11,4,65,59,1.1,1
VAL-00571,Breeze,Gold,66,15,8,55,59,0.93,1
VAL-00572,Ascent,Platinum,57,13,2,71,61,1.16,1
VAL-00573,Bind,Silver,70,7,5,53,56,0.95,0
VAL-00574,Ascent,Ascendant,50,17,8,54,61,0.89,1
VAL-00575,Icebox,Immortal,76,14,9,83,69,1.2,1
VAL-00576,Sunset,Gold,48,15,10,68,35,1.94,1
VAL-00577,Breeze,Ascendant,31,13,11,71,66,1.08,1
VAL-00578,Ascent,Silver,40,13,6,53,53,1.0,1
VAL-00579,Ascent,Silver,39,13,10,58,41,1.41,1
VAL-00580,Bind,Silver,46,11,9,60,43,1.4,0
VAL-00581,Sunset,Platinum,69,14,10,58,64,0.91,1
VAL-00582,Haven,Silver,50,20,3,62,57,1.09,1
VAL-00583,Ascent,Ascendant,39,14,8,62,75,0.83,0
VAL-00584,Icebox,Silver,38,16,6,58,74,0.78,0
VAL-00585,Pearl,Gold,54,7,11,57,48,1.19,1
VAL-00586,Breeze,Diamond,73,15,7,74,59,1.25,1
VAL-00587,Ascent,Silver,58,14,6,51,74,0.69,0
VAL-00588,Icebox,Silver,66,16,6,55,51,1.08,1
VAL-00589,Icebox,Platinum,60,10,6,46,78,0.59,1
VAL-00590,Breeze,Gold,37,16,7,51,59,0.86,0
VAL-00591,Haven,Silver,62,9,8,55,64,0.86,0
VAL-00592,Icebox,Gold,41,17,6,61,61,1.0,0
VAL-00593,Pearl,Gold,50,17,6,68,62,1.1,1
VAL-00594,Icebox,Ascendant,46,8,4,69,68,1.01,0
VAL-00595,Icebox,Diamond,54,13,11,74,51,1.45,1
VAL-00596,Icebox,Gold,52,11,6,50,62,0.81,0
VAL-00597,Haven,Gold,50,14,8,51,61,0.84,0
VAL-00598,Ascent,Gold,52,12,8,49,63,0.78,0
VAL-00599,Icebox,Ascendant,58,11,8,78,72,1.08,1
VAL-00600,Sunset,Silver,52,10,6,66,60,1.1,0
VAL-00601,Ascent,Gold,53,18,9,69,65,1.06,0
VAL-00602,Haven,Platinum,79,9,11,48,77,0.62,1
VAL-00603,Split,Ascendant,67,10,9,60,68,0.88,0
VAL-00604,Ascent,Silver,49,7,8,66,61,1.08,0
VAL-00605,Ascent,Silver,56,15,9,46,56,0.82,1
VAL-00606,Lotus,Silver,55,16,7,55,73,0.75,0
VAL-00607,Bind,Silver,56,14,6,64,48,1.33,1
VAL-00608,Lotus,Platinum,55,9,13,38,65,0.58,0
VAL-00609,Pearl,Platinum,56,5,12,75,62,1.21,1
VAL-00610,Bind,Platinum,52,14,6,67,64,1.05,1
VAL-00611,Breeze,Silver,48,16,10,49,69,0.71,0
VAL-00612,Breeze,Silver,50,10,8,60,55,1.09,1
VAL-00613,Haven,Silver,34,12,7,65,52,1.25,1
VAL-00614,Bind,Gold,63,6,12,61,47,1.3,0
VAL-00615,Ascent,Diamond,61,9,7,59,60,0.98,1
VAL-00616,Breeze,Silver,79,14,8,59,70,0.84,1
VAL-00617,Icebox,Silver,41,12,8,68,52,1.31,0
VAL-00618,Sunset,Gold,50,13,3,68,43,1.58,1
VAL-00619,Ascent,Gold,69,17,8,67,52,1.29,1
VAL-00620,Pearl,Gold,59,7,3,67,65,1.03,0
VAL-00621,Icebox,Diamond,75,13,9,65,60,1.08,1
VAL-00622,Icebox,Silver,73,9,9,66,66,1.0,1
VAL-00623,Bind,Platinum,26,11,11,77,68,1.13,1
VAL-00624,Haven,Gold,58,13,9,59,70,0.84,0
VAL-00625,Pearl,Gold,58,7,13,43,52,0.83,0
VAL-00626,Breeze,Ascendant,55,9,3,72,78,0.92,0
VAL-00627,Bind,Silver,50,10,7,65,60,1.08,0
VAL-00628,Breeze,Platinum,74,14,10,65,66,0.98,0
VAL-00629,Bind,Gold,55,16,10,51,60,0.85,1
VAL-00630,Bind,Gold,20,5,5,43,66,0.65,0
VAL-00631,Bind,Diamond,50,9,11,63,55,1.15,1
VAL-00632,Haven,Diamond,80,11,3,57,54,1.06,1
VAL-00633,Bind,Diamond,42,11,5,60,63,0.95,0
VAL-00634,Split,Platinum,70,14,8,55,70,0.79,0
VAL-00635,Sunset,Silver,68,7,8,61,73,0.84,0
VAL-00636,Breeze,Platinum,52,11,11,53,56,0.95,1
VAL-00637,Ascent,Platinum,57,10,10,75,69,1.09,0
VAL-00638,Lotus,Silver,54,15,6,58,63,0.92,0
VAL-00639,Pearl,Gold,49,12,11,69,61,1.13,1
VAL-00640,Haven,Diamond,47,10,9,65,62,1.05,1
VAL-00641,Ascent,Gold,72,17,9,73,60,1.22,1
VAL-00642,Icebox,Gold,53,10,9,62,65,0.95,0
VAL-00643,Split,Diamond,46,9,6,69,43,1.6,1
VAL-00644,Lotus,Silver,62,14,10,67,45,1.49,1
VAL-00645,Ascent,Silver,60,10,8,76,53,1.43,1
VAL-00646,Ascent,Platinum,37,12,10,67,68,0.99,0
VAL-00647,Split,Gold,47,19,11,52,64,0.81,1
VAL-00648,Lotus,Platinum,35,10,7,58,61,0.95,0
VAL-00649,Icebox,Silver,86,8,10,48,73,0.66,0
VAL-00650,Bind,Gold,51,11,6,57,56,1.02,0
VAL-00651,Breeze,Silver,47,11,6,46,64,0.72,0
VAL-00652,Icebox,Ascendant,49,15,7,68,56,1.21,1
VAL-00653,Bind,Gold,46,7,7,42,57,0.74,0
VAL-00654,Haven,Gold,53,23,8,49,75,0.65,0
VAL-00655,Sunset,Silver,70,9,4,63,58,1.09,0
VAL-00656,Pearl,Silver,56,14,9,68,62,1.1,1
VAL-00657,Pearl,Gold,38,16,7,40,60,0.67,0
VAL-00658,Breeze,Silver,41,13,1,64,60,1.07,0
VAL-00659,Lotus,Gold,57,14,8,66,65,1.02,0
VAL-00660,Split,Gold,45,12,11,43,49,0.88,0
VAL-00661,Lotus,Diamond,53,15,10,42,49,0.86,1
VAL-00662,Split,Platinum,87,10,7,60,59,1.02,0
VAL-00663,Lotus,Gold,43,9,6,65,58,1.12,0
VAL-00664,Sunset,Silver,38,5,10,55,67,0.82,0
VAL-00665,Haven,Platinum,46,14,6,62,70,0.89,1
VAL-00666,Haven,Platinum,33,11,7,60,49,1.22,0
VAL-00667,Bind,Silver,70,13,13,80,49,1.63,1
VAL-00668,Haven,Ascendant,41,11,11,38,57,0.67,1
VAL-00669,Haven,Silver,43,17,6,55,56,0.98,0
VAL-00670,Icebox,Silver,39,11,9,56,61,0.92,0
VAL-00671,Icebox,Silver,35,10,12,43,69,0.62,0
VAL-00672,Bind,Ascendant,54,10,8,64,63,1.02,0
VAL-00673,Breeze,Gold,46,14,4,54,67,0.81,0
VAL-00674,Icebox,Diamond,33,24,8,51,55,0.93,1
VAL-00675,Breeze,Silver,51,17,6,47,53,0.89,0
VAL-00676,Ascent,Gold,59,7,6,61,54,1.13,0
VAL-00677,Icebox,Gold,50,13,5,65,57,1.14,1
VAL-00678,Sunset,Diamond,62,9,4,58,62,0.94,1
VAL-00679,Bind,Silver,75,10,5,69,59,1.17,1
VAL-00680,Ascent,Silver,65,11,9,64,54,1.19,1
VAL-00681,Sunset,Silver,58,12,10,78,60,1.3,1
VAL-00682,Sunset,Diamond,65,16,13,49,55,0.89,1
VAL-00683,Sunset,Gold,82,11,6,46,48,0.96,1
VAL-00684,Breeze,Gold,38,13,5,66,67,0.99,0
VAL-00685,Lotus,Gold,63,12,10,57,59,0.97,1
VAL-00686,Ascent,Ascendant,43,9,3,47,61,0.77,0
VAL-00687,Split,Diamond,58,10,1,50,62,0.81,0
VAL-00688,Ascent,Platinum,39,10,10,67,58,1.16,1
VAL-00689,Lotus,Gold,64,15,4,69,63,1.1,1
VAL-00690,Ascent,Silver,58,11,5,68,79,0.86,0
VAL-00691,Haven,Ascendant,73,19,9,61,71,0.86,1
VAL-00692,Split,Gold,52,9,7,58,53,1.09,0
VAL-00693,Lotus,Gold,51,9,6,58,42,1.38,1
VAL-00694,Breeze,Gold,51,8,3,63,70,0.9,0
VAL-00695,Pearl,Ascendant,85,12,5,62,65,0.95,1
VAL-00696,Lotus,Gold,63,10,6,50,65,0.77,0
VAL-00697,Bind,Platinum,71,11,6,70,54,1.3,1
VAL-00698,Lotus,Diamond,64,16,9,60,54,1.11,1
VAL-00699,Haven,Gold,66,11,8,38,62,0.61,1
VAL-00700,Pearl,Silver,37,10,6,47,64,0.73,0
VAL-00701,Haven,Immortal,48,13,7,56,80,0.7,0
VAL-00702,Pearl,Ascendant,48,13,12,62,68,0.91,1
VAL-00703,Bind,Diamond,56,15,8,60,63,0.95,0
VAL-00704,Breeze,Platinum,54,15,11,53,32,1.66,1
VAL-00705,Haven,Gold,36,14,5,72,63,1.14,0
VAL-00706,Haven,Ascendant,56,16,6,68,61,1.11,1
VAL-00707,Sunset,Gold,31,9,6,60,49,1.22,0
VAL-00708,Pearl,Diamond,64,12,8,44,66,0.67,0
VAL-00709,Icebox,Ascendant,56,12,8,57,73,0.78,0
VAL-00710,Pearl,Platinum,70,12,9,56,79,0.71,0
VAL-00711,Sunset,Diamond,58,24,0,43,61,0.7,0
VAL-00712,Ascent,Diamond,49,16,4,65,55,1.18,1
VAL-00713,Pearl,Silver,36,16,8,62,72,0.86,0
VAL-00714,Breeze,Platinum,50,11,13,50,52,0.96,1
VAL-00715,Sunset,Silver,46,12,5,62,62,1.0,0
VAL-00716,Ascent,Gold,59,15,13,70,48,1.46,1
VAL-00717,Split,Silver,50,18,3,65,71,0.92,0
VAL-00718,Sunset,Gold,62,9,8,54,54,1.0,1
VAL-00719,Split,Diamond,71,10,7,84,69,1.22,1
VAL-00720,Haven,Immortal,38,11,6,64,61,1.05,0
VAL-00721,Sunset,Gold,55,13,10,54,66,0.82,0
VAL-00722,Bind,Gold,54,15,7,76,57,1.33,1
VAL-00723,Split,Gold,59,15,2,42,63,0.67,0
VAL-00724,Breeze,Ascendant,63,14,1,48,70,0.69,0
VAL-00725,Bind,Gold,74,9,4,55,55,1.0,0
VAL-00726,Lotus,Platinum,42,11,9,70,64,1.09,1
VAL-00727,Lotus,Ascendant,36,7,6,53,73,0.73,0
VAL-00728,Ascent,Gold,57,16,10,59,51,1.16,1
VAL-00729,Haven,Ascendant,60,12,7,51,53,0.96,1
VAL-00730,Sunset,Ascendant,64,7,8,67,53,1.26,0
VAL-00731,Icebox,Ascendant,46,21,12,65,58,1.12,1
VAL-00732,Breeze,Gold,36,2,6,45,45,1.0,0
VAL-00733,Split,Gold,70,12,13,60,61,0.98,1
VAL-00734,Bind,Diamond,61,17,9,63,78,0.81,0
VAL-00735,Lotus,Gold,50,10,4,58,61,0.95,0
VAL-00736,Breeze,Platinum,29,13,3,59,81,0.73,0
VAL-00737,Icebox,Silver,47,14,3,53,45,1.18,0
VAL-00738,Sunset,Silver,63,3,7,68,48,1.42,1
VAL-00739,Ascent,Gold,60,8,2,52,43,1.21,1
VAL-00740,Icebox,Platinum,38,12,12,69,34,2.03,0
VAL-00741,Breeze,Gold,62,12,13,60,61,0.98,1
VAL-00742,Icebox,Platinum,54,7,2,55,49,1.12,1
VAL-00743,Breeze,Gold,70,12,8,59,38,1.55,1
VAL-00744,Breeze,Platinum,47,14,1,61,57,1.07,0
VAL-00745,Pearl,Platinum,48,17,9,57,60,0.95,1
VAL-00746,Split,Gold,56,13,10,56,63,0.89,1
VAL-00747,Lotus,Gold,50,8,7,50,58,0.86,0
VAL-00748,Pearl,Silver,45,14,8,74,66,1.12,1
VAL-00749,Sunset,Gold,77,15,5,52,51,1.02,0
VAL-00750,Pearl,Platinum,72,11,7,48,50,0.96,1
VAL-00751,Haven,Gold,43,10,9,64,73,0.88,1
VAL-00752,Haven,Gold,58,10,6,41,76,0.54,0
VAL-00753,Lotus,Platinum,37,15,11,60,47,1.28,1
VAL-00754,Icebox,Silver,75,11,5,49,62,0.79,0
VAL-00755,Split,Ascendant,64,13,6,64,51,1.25,1
VAL-00756,Lotus,Silver,67,9,1,58,50,1.16,0
VAL-00757,Breeze,Ascendant,52,12,13,51,62,0.82,1
VAL-00758,Bind,Gold,69,8,1,58,63,0.92,0
VAL-00759,Split,Gold,69,10,10,64,56,1.14,0
VAL-00760,Split,Gold,53,12,8,56,56,1.0,1
VAL-00761,Breeze,Silver,41,9,7,56,49,1.14,0
VAL-00762,Breeze,Gold,60,10,4,69,71,0.97,1
VAL-00763,Ascent,Silver,53,15,6,64,59,1.08,1
VAL-00764,Lotus,Platinum,77,11,6,55,51,1.08,1
VAL-00765,Breeze,Gold,56,11,5,61,59,1.03,0
VAL-00766,Haven,Diamond,56,8,1,57,57,1.0,0
VAL-00767,Sunset,Silver,65,10,9,70,52,1.35,1
VAL-00768,Bind,Ascendant,55,12,9,43,51,0.84,1
VAL-00769,Lotus,Gold,63,15,6,65,50,1.3,1
VAL-00770,Haven,Silver,49,6,7,65,49,1.33,1
VAL-00771,Icebox,Gold,42,15,9,53,61,0.87,1
VAL-00772,Breeze,Silver,44,10,3,51,57,0.89,0
VAL-00773,Breeze,Silver,51,12,2,72,80,0.9,0
VAL-00774,Split,Gold,56,15,7,58,66,0.88,0
VAL-00775,Haven,Platinum,61,21,6,74,63,1.17,1
VAL-00776,Split,Ascendant,60,14,6,50,57,0.88,0
VAL-00777,Ascent,Gold,55,10,9,59,57,1.04,1
VAL-00778,Split,Ascendant,42,13,6,54,45,1.2,1
VAL-00779,Ascent,Ascendant,63,14,8,56,48,1.17,1
VAL-00780,Ascent,Diamond,37,6,12,63,49,1.29,1
VAL-00781,Breeze,Gold,41,8,13,52,44,1.18,1
VAL-00782,Icebox,Silver,56,14,10,58,59,0.98,1
VAL-00783,Split,Silver,65,14,0,52,44,1.18,1
VAL-00784,Haven,Platinum,63,14,9,66,63,1.05,1
VAL-00785,Ascent,Gold,54,15,12,79,58,1.36,1
VAL-00786,Breeze,Silver,60,11,8,73,76,0.96,1
VAL-00787,Bind,Gold,42,16,5,50,63,0.79,1
VAL-00788,Lotus,Silver,48,19,6,55,49,1.12,0
VAL-00789,Icebox,Platinum,48,9,11,59,46,1.28,1
VAL-00790,Pearl,Silver,43,7,5,40,75,0.53,0
VAL-00791,Bind,Platinum,51,12,4,59,51,1.16,1
VAL-00792,Lotus,Diamond,52,16,5,65,53,1.23,1
VAL-00793,Bind,Silver,49,15,7,60,56,1.07,1
VAL-00794,Split,Gold,52,13,6,59,60,0.98,0
VAL-00795,Ascent,Diamond,21,3,2,53,75,0.71,0
VAL-00796,Icebox,Gold,60,9,6,57,62,0.92,0
VAL-00797,Sunset,Silver,50,16,13,55,61,0.9,1
VAL-00798,Ascent,Gold,50,5,8,50,59,0.85,0
VAL-00799,Sunset,Platinum,38,12,9,69,61,1.13,1
VAL-00800,Lotus,Platinum,74,10,3,76,68,1.12,1
VAL-00801,Breeze,Silver,74,15,9,54,55,0.98,0
VAL-00802,Pearl,Gold,35,5,12,50,55,0.91,0
VAL-00803,Haven,Gold,52,11,8,52,70,0.74,0
VAL-00804,Ascent,Diamond,66,13,3,50,54,0.93,0
VAL-00805,Icebox,Gold,51,11,9,55,53,1.04,1
VAL-00806,Bind,Diamond,48,14,9,63,72,0.88,0
VAL-00807,Icebox,Gold,47,6,5,72,57,1.26,0
VAL-00808,Lotus,Platinum,59,8,10,44,59,0.75,0
VAL-00809,Sunset,Gold,86,11,8,69,57,1.21,1
VAL-00810,Bind,Platinum,65,13,1,60,55,1.09,0
VAL-00811,Haven,Gold,42,14,5,39,57,0.68,0
VAL-00812,Haven,Diamond,47,13,6,47,57,0.82,0
VAL-00813,Ascent,Gold,52,8,7,65,69,0.94,0
VAL-00814,Lotus,Gold,45,10,7,51,51,1.0,0
VAL-00815,Breeze,Gold,42,16,9,56,80,0.7,0
VAL-00816,Lotus,Diamond,64,20,9,59,53,1.11,0
VAL-00817,Sunset,Platinum,49,14,12,72,69,1.04,1
VAL-00818,Icebox,Gold,59,13,8,47,46,1.02,0
VAL-00819,Haven,Platinum,76,7,11,66,53,1.25,1
VAL-00820,Icebox,Platinum,49,13,10,73,58,1.26,1
VAL-00821,Icebox,Ascendant,58,5,11,50,51,0.98,0
VAL-00822,Icebox,Diamond,43,17,12,68,66,1.03,1
VAL-00823,Haven,Platinum,60,14,6,55,66,0.83,0
VAL-00824,Split,Gold,71,12,7,53,53,1.0,1
VAL-00825,Sunset,Diamond,70,7,1,57,42,1.36,0
VAL-00826,Sunset,Platinum,56,13,10,62,66,0.94,0
VAL-00827,Bind,Immortal,49,6,10,53,61,0.87,0
VAL-00828,Lotus,Silver,58,11,7,69,55,1.25,1
VAL-00829,Lotus,Silver,56,14,9,56,54,1.04,1
VAL-00830,Pearl,Silver,61,9,10,40,53,0.75,0
VAL-00831,Lotus,Platinum,47,12,7,59,68,0.87,0
VAL-00832,Haven,Ascendant,50,21,8,47,57,0.82,1
VAL-00833,Breeze,Silver,52,5,7,57,74,0.77,0
VAL-00834,Ascent,Platinum,63,9,7,64,84,0.76,0
VAL-00835,Pearl,Platinum,65,11,5,53,67,0.79,0
VAL-00836,Ascent,Platinum,50,10,3,43,83,0.52,1
VAL-00837,Sunset,Gold,41,14,3,50,67,0.75,1
VAL-00838,Ascent,Diamond,59,14,7,73,56,1.3,1
VAL-00839,Ascent,Silver,64,12,4,62,76,0.82,0
VAL-00840,Pearl,Diamond,53,13,4,69,58,1.19,1
VAL-00841,Bind,Gold,46,5,5,77,84,0.92,0
VAL-00842,Icebox,Gold,49,14,6,81,55,1.47,1
VAL-00843,Lotus,Diamond,75,13,10,62,69,0.9,1
VAL-00844,Lotus,Gold,58,9,1,57,60,0.95,0
VAL-00845,Haven,Silver,67,18,7,54,49,1.1,1
VAL-00846,Pearl,Platinum,45,12,4,61,51,1.2,0
VAL-00847,Haven,Gold,70,13,7,65,36,1.81,1
VAL-00848,Breeze,Gold,66,12,5,67,59,1.14,1
VAL-00849,Breeze,Gold,54,5,6,50,65,0.77,0
VAL-00850,Haven,Silver,62,8,2,50,38,1.32,0
VAL-00851,Pearl,Gold,71,11,8,58,29,2.0,1
VAL-00852,Haven,Silver,42,16,7,60,51,1.18,1
VAL-00853,Lotus,Ascendant,49,10,7,76,61,1.25,1
VAL-00854,Split,Silver,61,13,10,36,50,0.72,0
VAL-00855,Ascent,Gold,55,14,3,54,62,0.87,0
VAL-00856,Split,Silver,60,9,4,68,54,1.26,1
VAL-00857,Pearl,Silver,63,8,12,50,46,1.09,1
VAL-00858,Split,Platinum,61,9,9,60,67,0.9,0
VAL-00859,Breeze,Platinum,52,9,1,70,63,1.11,0
VAL-00860,Sunset,Silver,53,8,6,67,56,1.2,0
VAL-00861,Ascent,Silver,74,15,10,67,41,1.63,1
VAL-00862,Icebox,Silver,56,14,13,58,55,1.05,1
VAL-00863,Pearl,Diamond,71,8,12,61,51,1.2,1
VAL-00864,Ascent,Platinum,72,13,6,62,54,1.15,0
VAL-00865,Split,Silver,46,11,7,55,51,1.08,0
VAL-00866,Breeze,Gold,64,12,2,68,56,1.21,1
VAL-00867,Bind,Platinum,42,12,7,47,56,0.84,0
VAL-00868,Icebox,Diamond,74,6,8,53,69,0.77,0
VAL-00869,Ascent,Ascendant,57,4,10,68,53,1.28,1
VAL-00870,Breeze,Gold,57,12,0,40,61,0.66,0
VAL-00871,Breeze,Silver,45,10,4,61,51,1.2,0
VAL-00872,Split,Silver,48,11,6,71,53,1.34,1
VAL-00873,Lotus,Diamond,58,9,10,52,53,0.98,0
VAL-00874,Split,Ascendant,56,12,6,64,69,0.93,0
VAL-00875,Lotus,Gold,50,5,13,61,56,1.09,1
VAL-00876,Lotus,Gold,66,12,4,67,58,1.16,1
VAL-00877,Icebox,Gold,55,2,6,60,55,1.09,0
VAL-00878,Split,Gold,43,9,4,71,58,1.22,0
VAL-00879,Bind,Gold,64,10,6,64,58,1.1,1
VAL-00880,Haven,Platinum,41,5,8,69,54,1.28,0
VAL-00881,Haven,Silver,32,17,8,68,40,1.7,1
VAL-00882,Split,Gold,56,12,4,74,54,1.37,1
VAL-00883,Split,Platinum,43,9,11,50,61,0.82,0
VAL-00884,Icebox,Silver,57,20,11,48,67,0.72,1
VAL-00885,Split,Silver,65,13,5,70,45,1.56,0
VAL-00886,Lotus,Gold,67,13,13,62,46,1.35,1
VAL-00887,Breeze,Diamond,61,11,4,79,54,1.46,1
VAL-00888,Breeze,Diamond,39,10,7,38,55,0.69,0
VAL-00889,Lotus,Silver,46,13,7,59,37,1.59,1
VAL-00890,Pearl,Gold,55,1,4,60,60,1.0,0
VAL-00891,Lotus,Gold,55,4,8,69,69,1.0,0
VAL-00892,Bind,Platinum,44,6,7,80,52,1.54,0
VAL-00893,Sunset,Platinum,49,2,8,60,58,1.03,0
VAL-00894,Ascent,Diamond,65,14,7,64,63,1.02,0
VAL-00895,Lotus,Gold,61,9,9,42,58,0.72,0
VAL-00896,Split,Immortal,51,17,9,63,53,1.19,1
VAL-00897,Split,Ascendant,67,11,4,63,54,1.17,0
VAL-00898,Icebox,Diamond,39,8,6,54,59,0.92,0
VAL-00899,Lotus,Platinum,65,11,5,63,66,0.95,0
VAL-00900,Icebox,Gold,63,16,12,62,60,1.03,1
VAL-00901,Lotus,Gold,64,10,10,76,68,1.12,1
VAL-00902,Ascent,Silver,59,16,8,52,58,0.9,1
VAL-00903,Sunset,Silver,47,16,9,51,58,0.88,1
VAL-00904,Breeze,Platinum,62,9,7,51,72,0.71,0
VAL-00905,Haven,Platinum,50,9,7,56,51,1.1,0
VAL-00906,Lotus,Ascendant,57,9,5,44,67,0.66,0
VAL-00907,Sunset,Silver,46,7,5,57,62,0.92,0
VAL-00908,Breeze,Silver,51,5,9,60,53,1.13,0
VAL-00909,Pearl,Diamond,53,9,4,75,49,1.53,1
VAL-00910,Ascent,Gold,60,2,5,59,59,1.0,1
VAL-00911,Icebox,Silver,62,7,6,73,61,1.2,1
VAL-00912,Icebox,Immortal,75,13,2,68,73,0.93,1
VAL-00913,Split,Diamond,57,6,10,61,61,1.0,0
VAL-00914,Breeze,Gold,44,16,9,59,44,1.34,1
VAL-00915,Pearl,Diamond,65,14,8,65,62,1.05,1
VAL-00916,Sunset,Platinum,59,19,6,66,72,0.92,1
VAL-00917,Ascent,Diamond,53,19,11,55,60,0.92,1
VAL-00918,Breeze,Diamond,50,14,8,66,63,1.05,1
VAL-00919,Pearl,Silver,48,9,10,59,41,1.44,0
VAL-00920,Haven,Platinum,47,5,10,65,69,0.94,0
VAL-00921,Lotus,Silver,40,5,6,76,51,1.49,1
VAL-00922,Icebox,Silver,67,19,4,56,47,1.19,1
VAL-00923,Sunset,Ascendant,60,5,4,40,53,0.75,0
VAL-00924,Icebox,Gold,56,10,7,59,61,0.97,0
VAL-00925,Sunset,Platinum,48,16,0,49,52,0.94,0
VAL-00926,Split,Diamond,68,8,4,63,66,0.95,0
VAL-00927,Sunset,Ascendant,38,16,5,50,46,1.09,0
VAL-00928,Icebox,Diamond,53,11,5,59,61,0.97,0
VAL-00929,Sunset,Gold,67,12,9,76,51,1.49,1
VAL-00930,Haven,Gold,31,10,3,78,57,1.37,0
VAL-00931,Split,Silver,57,8,2,64,72,0.89,0
VAL-00932,Sunset,Gold,47,14,2,51,62,0.82,0
VAL-00933,Breeze,Gold,56,13,9,69,60,1.15,1
VAL-00934,Bind,Platinum,51,14,5,55,49,1.12,1
VAL-00935,Pearl,Platinum,62,15,5,45,57,0.79,0
VAL-00936,Bind,Ascendant,70,10,12,80,53,1.51,1
VAL-00937,Bind,Platinum,85,13,8,60,39,1.54,1
VAL-00938,Ascent,Platinum,54,15,5,66,63,1.05,1
VAL-00939,Haven,Gold,64,13,3,57,47,1.21,1
VAL-00940,Breeze,Silver,59,10,13,65,56,1.16,1
VAL-00941,Lotus,Gold,60,13,8,52,61,0.85,0
VAL-00942,Sunset,Diamond,73,3,6,59,52,1.13,0
VAL-00943,Pearl,Silver,47,13,8,69,48,1.44,0
VAL-00944,Split,Platinum,51,7,6,58,64,0.91,0
VAL-00945,Breeze,Platinum,53,11,9,52,44,1.18,1
VAL-00946,Icebox,Silver,43,10,2,69,51,1.35,0
VAL-00947,Lotus,Gold,55,11,6,56,59,0.95,0
VAL-00948,Ascent,Gold,63,5,4,56,58,0.97,1
VAL-00949,Ascent,Gold,65,14,7,49,56,0.88,1
VAL-00950,Breeze,Diamond,53,15,4,75,73,1.03,0
VAL-00951,Bind,Platinum,69,7,5,71,64,1.11,0
VAL-00952,Icebox,Platinum,30,6,5,57,67,0.85,0
VAL-00953,Ascent,Diamond,83,8,8,51,52,0.98,0
VAL-00954,Pearl,Platinum,62,14,6,67,75,0.89,0
VAL-00955,Ascent,Ascendant,50,11,4,64,53,1.21,0
VAL-00956,Split,Silver,61,10,8,56,62,0.9,1
VAL-00957,Sunset,Platinum,53,11,13,59,62,0.95,1
VAL-00958,Ascent,Gold,30,9,6,66,53,1.25,0
VAL-00959,Split,Gold,56,13,11,62,47,1.32,1
VAL-00960,Breeze,Silver,66,17,2,64,57,1.12,1
VAL-00961,Breeze,Platinum,67,8,5,63,54,1.17,1
VAL-00962,Lotus,Silver,58,14,11,67,46,1.46,1
VAL-00963,Ascent,Silver,66,11,8,54,52,1.04,1
VAL-00964,Pearl,Immortal,60,11,5,62,66,0.94,0
VAL-00965,Ascent,Diamond,58,17,10,53,51,1.04,1
VAL-00966,Pearl,Platinum,47,15,4,54,66,0.82,0
VAL-00967,Haven,Diamond,51,11,7,79,63,1.25,1
VAL-00968,Lotus,Ascendant,52,15,10,46,62,0.74,0
VAL-00969,Haven,Platinum,58,4,8,67,80,0.84,0
VAL-00970,Ascent,Silver,65,2,13,87,52,1.67,1
VAL-00971,Lotus,Diamond,48,8,5,78,63,1.24,0
VAL-00972,Haven,Platinum,38,7,9,66,58,1.14,0
VAL-00973,Bind,Gold,72,10,10,79,59,1.34,1
VAL-00974,Ascent,Gold,43,16,6,64,32,2.0,1
VAL-00975,Haven,Gold,61,10,4,57,52,1.1,0
VAL-00976,Bind,Ascendant,58,15,10,60,54,1.11,1
VAL-00977,Bind,Gold,51,15,5,69,59,1.17,1
VAL-00978,Breeze,Ascendant,62,4,9,81,45,1.8,1
VAL-00979,Ascent,Ascendant,41,14,8,71,57,1.25,1
VAL-00980,Bind,Platinum,75,16,7,59,50,1.18,1
VAL-00981,Breeze,Platinum,87,16,11,54,49,1.1,1
VAL-00982,Haven,Gold,70,11,8,41,40,1.02,1
VAL-00983,Split,Silver,45,12,9,59,44,1.34,1
VAL-00984,Ascent,Silver,27,12,8,50,54,0.93,0
VAL-00985,Lotus,Diamond,61,11,7,69,68,1.01,1
VAL-00986,Pearl,Gold,39,7,6,57,57,1.0,0
VAL-00987,Pearl,Silver,50,8,7,70,58,1.21,1
VAL-00988,Haven,Gold,73,14,9,85,63,1.35,1
VAL-00989,Haven,Ascendant,74,11,8,59,50,1.18,1
VAL-00990,Bind,Gold,76,12,9,62,47,1.32,1
VAL-00991,Ascent,Ascendant,56,16,13,64,62,1.03,0
VAL-00992,Pearl,Gold,66,12,5,57,57,1.0,1
VAL-00993,Pearl,Gold,31,7,2,61,65,0.94,0
VAL-00994,Bind,Silver,37,20,6,56,52,1.08,1
VAL-00995,Pearl,Gold,52,10,6,74,67,1.1,0
VAL-00996,Lotus,Platinum,65,10,8,58,49,1.18,1
VAL-00997,Ascent,Silver,50,13,6,48,60,0.8,1
VAL-00998,Sunset,Platinum,65,11,9,48,65,0.74,0
VAL-00999,Pearl,Platinum,41,11,5,52,50,1.04,0
VAL-01000,Haven,Platinum,56,9,9,56,45,1.24,1
VAL-01001,Lotus,Diamond,62,15,3,69,51,1.35,1
VAL-01002,Pearl,Gold,64,16,7,68,57,1.19,1
VAL-01003,Lotus,Platinum,50,19,5,69,56,1.23,1
VAL-01004,Breeze,Immortal,55,19,6,60,72,0.83,0
VAL-01005,Sunset,Diamond,37,4,1,70,50,1.4,0
VAL-01006,Icebox,Ascendant,54,14,10,58,69,0.84,0
VAL-01007,Haven,Gold,68,7,6,42,68,0.62,0
VAL-01008,Haven,Diamond,52,17,7,69,57,1.21,1
VAL-01009,Ascent,Platinum,46,13,8,53,41,1.29,1
VAL-01010,Lotus,Silver,64,9,5,58,50,1.16,1
VAL-01011,Bind,Diamond,82,7,6,56,67,0.84,0
VAL-01012,Haven,Platinum,81,9,2,65,57,1.14,1
VAL-01013,Lotus,Silver,58,8,6,62,70,0.89,0
VAL-01014,Lotus,Silver,64,17,12,58,58,1.0,1
VAL-01015,Split,Diamond,75,12,8,76,47,1.62,1
VAL-01016,Split,Silver,58,8,2,59,60,0.98,0
VAL-01017,Icebox,Silver,61,13,8,58,78,0.74,0
VAL-01018,Breeze,Gold,51,13,11,68,53,1.28,1
VAL-01019,Icebox,Silver,83,11,4,72,74,0.97,1
VAL-01020,Pearl,Ascendant,64,17,6,69,85,0.81,0
VAL-01021,Bind,Gold,52,14,6,54,51,1.06,1
VAL-01022,Pearl,Platinum,48,14,7,64,43,1.49,1
VAL-01023,Pearl,Ascendant,33,4,7,61,49,1.24,0
VAL-01024,Ascent,Gold,36,10,9,58,49,1.18,1
VAL-01025,Pearl,Gold,46,14,7,51,53,0.96,1
VAL-01026,Icebox,Diamond,66,13,11,62,61,1.02,1
VAL-01027,Haven,Gold,59,12,1,71,40,1.78,1
VAL-01028,Haven,Gold,40,14,4,76,58,1.31,1
VAL-01029,Split,Platinum,44,13,11,72,64,1.12,1
VAL-01030,Bind,Diamond,58,15,6,56,60,0.93,1
VAL-01031,Bind,Diamond,75,13,9,51,66,0.77,1
VAL-01032,Ascent,Ascendant,42,15,7,45,64,0.7,0
VAL-01033,Icebox,Diamond,61,15,10,71,74,0.96,1
VAL-01034,Split,Diamond,50,12,8,68,51,1.33,1
VAL-01035,Bind,Diamond,50,12,13,54,83,0.65,0
VAL-01036,Haven,Silver,41,12,7,52,51,1.02,0
VAL-01037,Pearl,Gold,63,7,6,73,49,1.49,1
VAL-01038,Pearl,Platinum,49,6,11,70,58,1.21,1
VAL-01039,Split,Platinum,51,14,9,73,61,1.2,1
VAL-01040,Icebox,Silver,67,14,5,66,62,1.06,1
VAL-01041,Icebox,Gold,67,12,10,66,72,0.92,1
VAL-01042,Breeze,Gold,46,13,8,39,81,0.48,0
VAL-01043,Sunset,Platinum,59,15,7,56,63,0.89,1
VAL-01044,Bind,Diamond,66,14,8,80,78,1.03,1
VAL-01045,Icebox,Ascendant,53,14,9,54,71,0.76,0
VAL-01046,Haven,Diamond,63,7,8,62,40,1.55,1
VAL-01047,Split,Diamond,51,19,6,76,66,1.15,1
VAL-01048,Breeze,Gold,51,13,13,69,38,1.82,1
VAL-01049,Lotus,Gold,44,16,7,50,71,0.7,0
VAL-01050,Ascent,Gold,76,14,11,48,66,0.73,1
VAL-01051,Lotus,Platinum,49,8,5,76,69,1.1,0
VAL-01052,Pearl,Silver,45,9,4,67,46,1.46,1
VAL-01053,Ascent,Platinum,42,10,10,64,66,0.97,0
VAL-01054,Bind,Platinum,56,17,6,65,63,1.03,1
VAL-01055,Haven,Gold,43,8,1,56,54,1.04,0
VAL-01056,Ascent,Ascendant,46,7,6,51,63,0.81,1
VAL-01057,Sunset,Platinum,65,14,9,64,51,1.25,1
VAL-01058,Lotus,Silver,60,19,5,54,54,1.0,1
VAL-01059,Bind,Gold,39,9,5,54,69,0.78,0
VAL-01060,Sunset,Platinum,64,18,8,56,58,0.97,1
VAL-01061,Pearl,Gold,55,15,4,68,62,1.1,1
VAL-01062,Sunset,Silver,69,10,8,53,60,0.88,0
VAL-01063,Breeze,Platinum,72,7,10,52,64,0.81,0
VAL-01064,Breeze,Ascendant,36,11,11,51,60,0.85,0
VAL-01065,Split,Gold,64,9,5,58,38,1.53,1
VAL-01066,Bind,Ascendant,75,17,12,70,51,1.37,1
VAL-01067,Pearl,Diamond,58,12,9,59,54,1.09,1
VAL-01068,Icebox,Silver,63,14,5,60,41,1.46,1
VAL-01069,Breeze,Platinum,58,14,6,62,60,1.03,1
VAL-01070,Bind,Gold,67,9,5,57,51,1.12,1
VAL-01071,Icebox,Gold,60,12,1,51,50,1.02,0
VAL-01072,Split,Platinum,31,16,11,56,40,1.4,0
VAL-01073,Sunset,Platinum,54,12,8,54,55,0.98,1
VAL-01074,Breeze,Silver,53,11,9,59,62,0.95,0
VAL-01075,Bind,Ascendant,64,15,7,55,60,0.92,1
VAL-01076,Ascent,Diamond,69,7,2,62,66,0.94,0
VAL-01077,Icebox,Ascendant,52,3,8,59,55,1.07,0
VAL-01078,Sunset,Gold,40,13,10,54,69,0.78,0
VAL-01079,Breeze,Ascendant,59,16,10,75,66,1.14,1
VAL-01080,Pearl,Gold,46,19,10,65,57,1.14,1
VAL-01081,Icebox,Silver,48,13,7,58,57,1.02,1
VAL-01082,Breeze,Diamond,84,15,0,55,79,0.7,0
VAL-01083,Icebox,Platinum,47,17,9,69,55,1.25,1
VAL-01084,Sunset,Platinum,36,12,7,51,77,0.66,0
VAL-01085,Breeze,Gold,62,9,13,74,67,1.1,1
VAL-01086,Lotus,Silver,63,9,13,46,51,0.9,0
VAL-01087,Bind,Platinum,66,11,10,88,59,1.49,1
VAL-01088,Sunset,Gold,65,18,3,56,55,1.02,1
VAL-01089,Icebox,Platinum,57,16,4,47,52,0.9,0
VAL-01090,Pearl,Gold,57,11,9,53,59,0.9,1
VAL-01091,Ascent,Ascendant,66,17,4,57,52,1.1,1
VAL-01092,Icebox,Platinum,74,14,10,54,51,1.06,1
VAL-01093,Bind,Platinum,40,11,10,64,60,1.07,0
VAL-01094,Breeze,Ascendant,48,13,12,63,70,0.9,1
VAL-01095,Ascent,Platinum,63,14,10,92,56,1.64,0
VAL-01096,Haven,Silver,58,13,6,61,62,0.98,0
VAL-01097,Icebox,Silver,34,19,7,47,61,0.77,0
VAL-01098,Split,Platinum,48,11,4,58,51,1.14,0
VAL-01099,Haven,Gold,59,6,8,61,73,0.84,0
VAL-01100,Icebox,Platinum,55,13,0,55,56,0.98,0
VAL-01101,Lotus,Silver,51,11,6,66,53,1.25,1
VAL-01102,Split,Gold,83,7,9,68,72,0.94,1
VAL-01103,Ascent,Gold,55,15,9,54,63,0.86,1
VAL-01104,Pearl,Ascendant,58,0,10,56,69,0.81,0
VAL-01105,Lotus,Platinum,57,13,4,41,50,0.82,0
VAL-01106,Haven,Ascendant,58,3,3,51,79,0.65,0
VAL-01107,Breeze,Ascendant,55,12,9,57,47,1.21,1
VAL-01108,Bind,Silver,30,14,4,61,68,0.9,0
VAL-01109,Pearl,Gold,43,15,3,59,66,0.89,0
VAL-01110,Lotus,Diamond,51,15,8,52,58,0.9,1
VAL-01111,Breeze,Diamond,65,8,7,71,68,1.04,1
VAL-01112,Breeze,Gold,51,13,13,70,45,1.56,1
VAL-01113,Icebox,Immortal,45,9,8,71,60,1.18,1
VAL-01114,Lotus,Silver,66,9,8,76,68,1.12,1
VAL-01115,Ascent,Gold,71,12,5,50,71,0.7,0
VAL-01116,Split,Platinum,37,10,9,64,68,0.94,0
VAL-01117,Split,Gold,56,8,7,69,38,1.82,1
VAL-01118,Haven,Silver,23,13,5,83,68,1.22,0
VAL-01119,Haven,Gold,51,14,6,75,62,1.21,1
VAL-01120,Split,Silver,78,9,6,57,73,0.78,0
VAL-01121,Ascent,Platinum,56,11,7,44,59,0.75,1
VAL-01122,Bind,Diamond,38,11,13,48,41,1.17,1
VAL-01123,Sunset,Diamond,39,11,9,67,60,1.12,1
VAL-01124,Bind,Platinum,44,12,6,61,45,1.36,1
VAL-01125,Icebox,Gold,47,13,7,53,62,0.85,0
VAL-01126,Sunset,Gold,32,17,3,40,50,0.8,0
VAL-01127,Sunset,Silver,59,13,2,69,73,0.95,0
VAL-01128,Lotus,Gold,62,10,9,48,61,0.79,0
VAL-01129,Ascent,Silver,51,12,9,74,39,1.9,1
VAL-01130,Ascent,Diamond,80,8,8,50,74,0.68,0
VAL-01131,Sunset,Ascendant,50,8,11,56,83,0.67,0
VAL-01132,Lotus,Gold,69,14,8,53,52,1.02,1
VAL-01133,Sunset,Platinum,38,0,9,66,47,1.4,0
VAL-01134,Pearl,Silver,59,11,7,53,48,1.1,0
VAL-01135,Haven,Platinum,60,16,0,58,38,1.53,1
VAL-01136,Haven,Platinum,46,14,10,57,65,0.88,0
VAL-01137,Bind,Gold,57,15,4,51,53,0.96,1
VAL-01138,Icebox,Silver,46,13,8,60,52,1.15,1
VAL-01139,Haven,Diamond,51,20,5,63,57,1.11,1
VAL-01140,Breeze,Platinum,52,7,8,67,73,0.92,0
VAL-01141,Bind,Diamond,38,12,12,66,56,1.18,1
VAL-01142,Haven,Diamond,61,15,9,67,55,1.22,1
VAL-01143,Icebox,Immortal,62,10,9,42,50,0.84,0
VAL-01144,Ascent,Silver,51,17,6,60,64,0.94,1
VAL-01145,Ascent,Silver,58,14,6,51,50,1.02,0
VAL-01146,Sunset,Gold,44,6,6,60,55,1.09,0
VAL-01147,Pearl,Silver,40,13,9,61,71,0.86,0
VAL-01148,Ascent,Gold,50,14,7,62,46,1.35,1
VAL-01149,Lotus,Platinum,63,19,9,44,42,1.05,1
VAL-01150,Haven,Platinum,54,11,6,84,54,1.56,1
VAL-01151,Lotus,Gold,50,14,10,83,59,1.41,1
VAL-01152,Icebox,Ascendant,59,13,9,54,64,0.84,0
VAL-01153,Ascent,Silver,44,10,7,49,59,0.83,0
VAL-01154,Pearl,Gold,40,11,9,88,60,1.47,1
VAL-01155,Icebox,Platinum,51,3,10,71,76,0.93,0
VAL-01156,Breeze,Diamond,45,10,13,67,65,1.03,1
VAL-01157,Breeze,Gold,41,18,5,48,56,0.86,0
VAL-01158,Lotus,Silver,66,11,10,76,59,1.29,1
VAL-01159,Sunset,Platinum,81,15,9,51,57,0.89,1
VAL-01160,Bind,Silver,36,13,10,58,68,0.85,0
VAL-01161,Sunset,Silver,50,14,6,74,74,1.0,1
VAL-01162,Sunset,Platinum,57,20,7,56,59,0.95,1
VAL-01163,Pearl,Gold,34,10,6,62,47,1.32,0
VAL-01164,Ascent,Gold,52,10,8,72,72,1.0,0
VAL-01165,Pearl,Gold,53,16,4,48,51,0.94,0
VAL-01166,Icebox,Ascendant,61,12,11,72,61,1.18,1
VAL-01167,Breeze,Ascendant,46,11,7,76,33,2.3,1
VAL-01168,Pearl,Gold,48,16,12,59,53,1.11,1
VAL-01169,Icebox,Gold,67,13,5,72,67,1.07,1
VAL-01170,Pearl,Gold,60,11,8,52,66,0.79,0
VAL-01171,Sunset,Gold,64,11,7,45,50,0.9,0
VAL-01172,Haven,Gold,34,9,9,40,64,0.62,1
VAL-01173,Lotus,Platinum,47,6,9,65,35,1.86,1
VAL-01174,Bind,Gold,73,16,3,65,49,1.33,0
VAL-01175,Pearl,Gold,54,10,11,54,51,1.06,1
VAL-01176,Bind,Silver,53,5,10,72,69,1.04,0
VAL-01177,Split,Gold,54,19,3,54,57,0.95,0
VAL-01178,Pearl,Gold,74,12,11,48,64,0.75,1
VAL-01179,Haven,Gold,46,12,3,51,67,0.76,0
VAL-01180,Bind,Platinum,63,6,8,74,60,1.23,1
VAL-01181,Pearl,Platinum,58,14,6,68,73,0.93,1
VAL-01182,Ascent,Gold,39,10,6,58,51,1.14,0
VAL-01183,Lotus,Platinum,51,10,6,57,62,0.92,0
VAL-01184,Haven,Gold,45,14,9,54,39,1.38,1
VAL-01185,Bind,Silver,40,12,4,36,66,0.55,0
VAL-01186,Haven,Platinum,69,8,10,44,66,0.67,0
VAL-01187,Icebox,Gold,40,6,9,59,56,1.05,0
VAL-01188,Lotus,Platinum,64,13,7,66,54,1.22,1
VAL-01189,Pearl,Platinum,45,12,10,57,71,0.8,0
VAL-01190,Pearl,Ascendant,71,22,5,44,54,0.81,1
VAL-01191,Pearl,Ascendant,50,3,7,76,70,1.09,0
VAL-01192,Lotus,Silver,59,13,2,46,55,0.84,0
VAL-01193,Ascent,Immortal,48,6,5,60,64,0.94,0
VAL-01194,Split,Platinum,29,10,4,62,47,1.32,0
VAL-01195,Breeze,Platinum,35,10,2,83,54,1.54,1
VAL-01196,Sunset,Silver,32,14,7,51,61,0.84,0
VAL-01197,Bind,Diamond,58,14,7,60,79,0.76,0
VAL-01198,Ascent,Silver,55,17,8,62,72,0.86,1
VAL-01199,Bind,Diamond,62,13,9,49,56,0.88,1
VAL-01200,Pearl,Silver,47,16,6,63,73,0.86,0
VAL-01201,Haven,Platinum,29,18,8,56,58,0.97,0
VAL-01202,Bind,Gold,71,13,10,57,67,0.85,1
VAL-01203,Pearl,Silver,67,17,10,53,58,0.91,1
VAL-01204,Bind,Silver,59,13,9,72,52,1.38,1
VAL-01205,Haven,Gold,68,12,8,59,55,1.07,1
VAL-01206,Pearl,Silver,54,9,4,52,42,1.24,0
VAL-01207,Split,Gold,58,14,9,38,55,0.69,0
VAL-01208,Ascent,Platinum,47,13,4,79,48,1.65,1
VAL-01209,Icebox,Diamond,42,13,8,61,63,0.97,0
VAL-01210,Sunset,Platinum,36,17,9,73,68,1.07,1
VAL-01211,Lotus,Silver,46,16,8,72,56,1.29,0
VAL-01212,Sunset,Gold,87,6,0,64,46,1.39,1
VAL-01213,Sunset,Gold,37,6,9,69,70,0.99,0
VAL-01214,Pearl,Ascendant,44,12,12,73,56,1.3,1
VAL-01215,Split,Diamond,56,8,2,50,71,0.7,0
VAL-01216,Icebox,Gold,84,12,8,69,63,1.1,1
VAL-01217,Ascent,Silver,42,8,6,63,79,0.8,0
VAL-01218,Ascent,Diamond,47,12,7,51,58,0.88,0
VAL-01219,Haven,Diamond,63,8,11,69,39,1.77,1
VAL-01220,Lotus,Diamond,62,14,8,50,61,0.82,0
VAL-01221,Bind,Diamond,47,8,4,66,50,1.32,0
VAL-01222,Split,Gold,45,13,5,63,50,1.26,1
VAL-01223,Bind,Silver,60,5,5,54,73,0.74,0
VAL-01224,Icebox,Gold,51,7,1,79,63,1.25,0
VAL-01225,Sunset,Gold,58,15,5,69,53,1.3,1
VAL-01226,Ascent,Gold,53,17,9,52,60,0.87,1
VAL-01227,Icebox,Gold,59,16,8,73,60,1.22,1
VAL-01228,Sunset,Gold,60,15,8,57,41,1.39,1
VAL-01229,Ascent,Gold,32,18,6,56,69,0.81,0
VAL-01230,Sunset,Gold,49,16,7,70,67,1.04,0
VAL-01231,Lotus,Silver,59,6,9,67,56,1.2,1
VAL-01232,Split,Gold,65,16,10,58,62,0.94,1
VAL-01233,Icebox,Diamond,51,16,8,76,48,1.58,1
VAL-01234,Icebox,Diamond,33,5,4,52,79,0.66,0
VAL-01235,Breeze,Gold,70,9,6,74,69,1.07,1
VAL-01236,Pearl,Gold,65,18,8,52,55,0.95,1
VAL-01237,Lotus,Silver,56,11,5,64,49,1.31,1
VAL-01238,Lotus,Platinum,49,7,5,56,55,1.02,0
VAL-01239,Bind,Gold,62,15,9,68,52,1.31,1
VAL-01240,Sunset,Gold,50,11,9,40,64,0.62,0
VAL-01241,Pearl,Diamond,66,10,4,50,55,0.91,0
VAL-01242,Split,Gold,77,15,3,66,42,1.57,1
VAL-01243,Split,Silver,49,14,3,69,56,1.23,1
VAL-01244,Lotus,Silver,64,12,9,54,53,1.02,1
VAL-01245,Split,Gold,47,13,4,71,68,1.04,0
VAL-01246,Breeze,Gold,67,11,5,53,80,0.66,1
VAL-01247,Icebox,Diamond,52,16,3,65,59,1.1,1
VAL-01248,Haven,Gold,72,6,7,59,61,0.97,0
VAL-01249,Bind,Platinum,52,11,6,45,52,0.87,1
VAL-01250,Sunset,Gold,44,10,8,78,67,1.16,1
VAL-01251,Sunset,Gold,51,13,8,54,58,0.93,1
VAL-01252,Ascent,Gold,52,7,1,53,60,0.88,1
VAL-01253,Haven,Gold,58,18,8,56,68,0.82,1
VAL-01254,Lotus,Gold,51,9,7,56,66,0.85,0
VAL-01255,Breeze,Gold,58,16,11,62,57,1.09,1
VAL-01256,Icebox,Diamond,58,14,5,55,68,0.81,0
VAL-01257,Icebox,Gold,50,13,9,55,77,0.71,1
VAL-01258,Breeze,Silver,59,13,7,65,63,1.03,1
VAL-01259,Pearl,Silver,48,5,4,60,65,0.92,0
VAL-01260,Ascent,Silver,79,10,10,65,66,0.98,1
VAL-01261,Sunset,Gold,59,25,8,57,50,1.14,1
VAL-01262,Haven,Silver,62,13,6,63,65,0.97,1
VAL-01263,Split,Silver,53,14,4,45,59,0.76,0
VAL-01264,Ascent,Gold,46,4,10,71,73,0.97,0
VAL-01265,Haven,Platinum,65,11,10,56,61,0.92,1
VAL-01266,Bind,Silver,59,11,7,58,55,1.05,1
VAL-01267,Bind,Gold,24,9,7,65,57,1.14,0
VAL-01268,Ascent,Platinum,78,14,4,62,77,0.81,0
VAL-01269,Lotus,Immortal,64,10,11,66,90,0.73,0
VAL-01270,Haven,Platinum,50,9,4,74,64,1.16,0
VAL-01271,Haven,Silver,62,6,10,58,53,1.09,1
VAL-01272,Breeze,Platinum,60,8,13,60,46,1.3,1
VAL-01273,Lotus,Platinum,61,8,5,87,55,1.58,1
VAL-01274,Sunset,Silver,45,11,6,55,61,0.9,0
VAL-01275,Sunset,Diamond,56,10,5,53,55,0.96,0
VAL-01276,Split,Gold,59,9,11,68,48,1.42,1
VAL-01277,Icebox,Ascendant,70,5,7,69,64,1.08,0
VAL-01278,Bind,Platinum,56,8,3,68,57,1.19,0
VAL-01279,Sunset,Platinum,60,13,4,53,57,0.93,0
VAL-01280,Lotus,Platinum,44,18,9,59,64,0.92,1
VAL-01281,Haven,Gold,56,18,5,60,57,1.05,0
VAL-01282,Sunset,Gold,65,20,2,57,96,0.59,0
VAL-01283,Haven,Diamond,47,13,9,62,66,0.94,0
VAL-01284,Sunset,Platinum,50,12,8,57,46,1.24,1
VAL-01285,Bind,Diamond,43,15,5,75,68,1.1,1
VAL-01286,Sunset,Diamond,39,11,6,50,66,0.76,0
VAL-01287,Lotus,Ascendant,45,15,6,77,64,1.2,1
VAL-01288,Sunset,Platinum,62,11,6,48,74,0.65,0
VAL-01289,Icebox,Gold,52,13,11,80,64,1.25,0
VAL-01290,Bind,Silver,45,9,9,69,50,1.38,1
VAL-01291,Lotus,Platinum,81,16,9,53,51,1.04,0
VAL-01292,Breeze,Gold,47,8,7,60,56,1.07,0
VAL-01293,Lotus,Gold,62,9,5,67,69,0.97,1
VAL-01294,Icebox,Silver,59,11,11,67,52,1.29,1
VAL-01295,Bind,Diamond,58,9,7,59,49,1.2,1
VAL-01296,Breeze,Diamond,33,14,4,50,87,0.57,0
VAL-01297,Icebox,Platinum,70,13,13,71,60,1.18,1
VAL-01298,Icebox,Gold,59,8,8,63,54,1.17,1
VAL-01299,Ascent,Platinum,66,10,4,74,32,2.31,1
VAL-01300,Bind,Platinum,69,13,10,59,51,1.16,1
VAL-01301,Lotus,Gold,76,13,10,62,52,1.19,0
VAL-01302,Haven,Gold,43,8,6,74,60,1.23,0
VAL-01303,Haven,Gold,46,12,4,62,58,1.07,1
VAL-01304,Lotus,Platinum,48,14,6,47,64,0.73,0
VAL-01305,Lotus,Platinum,45,11,9,46,47,0.98,0
VAL-01306,Bind,Gold,71,8,9,43,74,0.58,0
VAL-01307,Lotus,Ascendant,43,17,5,51,72,0.71,0
VAL-01308,Ascent,Silver,50,15,11,56,51,1.1,1
VAL-01309,Breeze,Gold,35,10,2,69,78,0.88,0
VAL-01310,Lotus,Gold,64,12,5,70,47,1.49,0
VAL-01311,Haven,Silver,53,11,7,39,51,0.76,0
VAL-01312,Lotus,Gold,66,8,6,66,51,1.29,1
VAL-01313,Ascent,Gold,63,15,5,56,54,1.04,1
VAL-01314,Sunset,Gold,35,19,11,63,50,1.26,1
VAL-01315,Sunset,Gold,57,16,7,79,55,1.44,1
VAL-01316,Icebox,Platinum,42,13,8,52,67,0.78,0
VAL-01317,Split,Gold,57,11,8,65,57,1.14,1
VAL-01318,Breeze,Silver,48,1,8,71,92,0.77,0
VAL-01319,Pearl,Diamond,77,18,6,61,74,0.82,1
VAL-01320,Icebox,Silver,87,9,2,54,73,0.74,0
VAL-01321,Sunset,Diamond,52,15,10,54,51,1.06,1
VAL-01322,Haven,Ascendant,56,16,7,55,57,0.96,1
VAL-01323,Pearl,Gold,28,16,6,62,55,1.13,0
VAL-01324,Icebox,Ascendant,35,6,6,53,49,1.08,0
VAL-01325,Pearl,Diamond,60,16,8,66,81,0.81,0
VAL-01326,Bind,Ascendant,55,10,5,64,71,0.9,0
VAL-01327,Split,Platinum,60,12,6,43,58,0.74,0
VAL-01328,Bind,Silver,45,12,9,71,64,1.11,0
VAL-01329,Pearl,Diamond,59,10,8,82,61,1.34,1
VAL-01330,Bind,Silver,25,11,4,55,50,1.1,0
VAL-01331,Ascent,Silver,48,13,9,69,68,1.01,1
VAL-01332,Sunset,Gold,61,8,6,73,61,1.2,1
VAL-01333,Ascent,Gold,75,5,10,67,55,1.22,1
VAL-01334,Lotus,Gold,54,16,6,66,48,1.38,1
VAL-01335,Bind,Platinum,62,13,7,43,66,0.65,0
VAL-01336,Lotus,Ascendant,47,5,9,57,59,0.97,0
VAL-01337,Haven,Silver,60,14,4,58,51,1.14,1
VAL-01338,Breeze,Ascendant,49,11,9,73,72,1.01,1
VAL-01339,Haven,Ascendant,78,7,12,47,61,0.77,0
VAL-01340,Pearl,Silver,51,10,8,79,42,1.88,1
VAL-01341,Sunset,Gold,53,13,8,76,75,1.01,1
VAL-01342,Bind,Diamond,64,8,10,50,45,1.11,1
VAL-01343,Icebox,Platinum,61,8,9,48,55,0.87,0
VAL-01344,Breeze,Diamond,51,10,7,71,60,1.18,1
VAL-01345,Split,Platinum,60,8,4,57,48,1.19,0
VAL-01346,Split,Gold,42,8,5,58,58,1.0,0
VAL-01347,Split,Silver,58,8,6,70,76,0.92,0
VAL-01348,Bind,Platinum,62,14,3,48,74,0.65,0
VAL-01349,Split,Silver,50,8,11,70,68,1.03,1
VAL-01350,Ascent,Platinum,51,16,4,48,70,0.69,0
VAL-01351,Breeze,Diamond,47,21,7,47,71,0.66,0
VAL-01352,Ascent,Platinum,38,11,4,69,69,1.0,0
VAL-01353,Breeze,Immortal,60,20,9,67,62,1.08,1
VAL-01354,Ascent,Gold,49,14,10,38,57,0.67,0
VAL-01355,Breeze,Platinum,62,13,3,69,53,1.3,1
VAL-01356,Lotus,Platinum,53,12,9,79,54,1.46,1
VAL-01357,Bind,Immortal,62,4,3,61,40,1.52,0
VAL-01358,Bind,Platinum,34,10,6,73,67,1.09,0
VAL-01359,Split,Silver,41,8,13,58,64,0.91,0
VAL-01360,Haven,Ascendant,45,16,8,71,61,1.16,1
VAL-01361,Split,Platinum,69,19,10,34,56,0.61,1
VAL-01362,Pearl,Silver,60,13,8,54,64,0.84,0
VAL-01363,Ascent,Platinum,52,13,7,88,61,1.44,1
VAL-01364,Breeze,Diamond,49,16,5,75,58,1.29,1
VAL-01365,Haven,Platinum,62,12,11,57,68,0.84,1
VAL-01366,Pearl,Gold,48,17,13,60,59,1.02,1
VAL-01367,Bind,Diamond,64,21,7,49,66,0.74,1
VAL-01368,Bind,Diamond,52,18,11,60,69,0.87,1
VAL-01369,Split,Gold,71,10,10,43,49,0.88,1
VAL-01370,Ascent,Silver,44,15,6,65,65,1.0,0
VAL-01371,Haven,Gold,53,9,7,54,34,1.59,1
VAL-01372,Sunset,Platinum,44,11,6,67,68,0.99,0
VAL-01373,Pearl,Diamond,75,19,13,54,70,0.77,1
VAL-01374,Pearl,Gold,55,8,9,54,68,0.79,1
VAL-01375,Split,Gold,43,10,7,69,70,0.99,0
VAL-01376,Bind,Silver,44,17,6,56,72,0.78,0
VAL-01377,Split,Platinum,61,9,9,56,59,0.95,0
VAL-01378,Breeze,Silver,33,4,3,75,66,1.14,0
VAL-01379,Haven,Silver,53,6,5,75,69,1.09,0
VAL-01380,Ascent,Silver,45,10,6,69,53,1.3,1
VAL-01381,Lotus,Platinum,53,12,6,60,46,1.3,1
VAL-01382,Icebox,Gold,56,11,6,85,65,1.31,1
VAL-01383,Icebox,Gold,54,10,9,74,68,1.09,1
VAL-01384,Split,Ascendant,52,12,13,54,71,0.76,0
VAL-01385,Breeze,Silver,57,10,9,67,60,1.12,0
VAL-01386,Haven,Gold,76,9,7,50,61,0.82,0
VAL-01387,Sunset,Ascendant,70,13,10,65,61,1.07,1
VAL-01388,Icebox,Gold,51,12,7,58,55,1.05,1
VAL-01389,Haven,Platinum,64,16,1,55,68,0.81,0
VAL-01390,Ascent,Silver,63,20,11,65,66,0.98,0
VAL-01391,Breeze,Diamond,50,4,3,52,59,0.88,0
VAL-01392,Bind,Gold,55,14,7,58,61,0.95,1
VAL-01393,Haven,Diamond,61,13,5,65,58,1.12,1
VAL-01394,Ascent,Gold,46,17,4,61,79,0.77,0
VAL-01395,Sunset,Gold,52,10,6,58,66,0.88,0
VAL-01396,Lotus,Diamond,53,10,0,57,46,1.24,0
VAL-01397,Bind,Ascendant,52,7,5,57,60,0.95,1
VAL-01398,Lotus,Silver,51,16,8,76,56,1.36,1
VAL-01399,Sunset,Diamond,60,13,8,70,61,1.15,1
VAL-01400,Ascent,Gold,55,17,1,43,55,0.78,0
VAL-01401,Icebox,Platinum,63,10,10,50,70,0.71,0
VAL-01402,Lotus,Gold,85,9,13,48,59,0.81,1
VAL-01403,Bind,Platinum,49,15,12,56,61,0.92,1
VAL-01404,Split,Gold,58,11,5,72,63,1.14,1
VAL-01405,Pearl,Gold,61,15,5,52,61,0.85,0
VAL-01406,Haven,Silver,68,14,4,65,46,1.41,1
VAL-01407,Icebox,Silver,60,12,12,71,51,1.39,1
VAL-01408,Lotus,Ascendant,42,10,5,38,52,0.73,0
VAL-01409,Haven,Immortal,47,13,5,55,63,0.87,0
VAL-01410,Split,Diamond,57,9,10,44,54,0.81,0
VAL-01411,Sunset,Gold,47,12,10,54,53,1.02,1
VAL-01412,Pearl,Gold,37,19,10,65,58,1.12,1
VAL-01413,Ascent,Platinum,45,17,4,43,65,0.66,0
VAL-01414,Split,Ascendant,45,10,8,60,58,1.03,0
VAL-01415,Split,Gold,43,13,11,42,61,0.69,0
VAL-01416,Sunset,Diamond,85,10,7,47,58,0.81,1
VAL-01417,Breeze,Ascendant,59,13,8,72,86,0.84,0
VAL-01418,Sunset,Diamond,56,8,8,67,60,1.12,1
VAL-01419,Breeze,Silver,66,9,6,47,56,0.84,0
VAL-01420,Breeze,Silver,77,19,8,60,36,1.67,1
VAL-01421,Icebox,Gold,60,13,10,58,59,0.98,1
VAL-01422,Icebox,Gold,67,10,11,63,76,0.83,0
VAL-01423,Bind,Silver,49,3,7,69,46,1.5,1
VAL-01424,Lotus,Gold,44,13,7,85,52,1.63,1
VAL-01425,Lotus,Diamond,66,21,5,57,82,0.7,0
VAL-01426,Ascent,Gold,66,10,12,80,46,1.74,1
VAL-01427,Lotus,Gold,65,10,6,51,68,0.75,1
VAL-01428,Icebox,Platinum,57,12,7,59,58,1.02,1
VAL-01429,Bind,Platinum,46,9,7,55,48,1.15,0
VAL-01430,Bind,Diamond,49,21,8,56,66,0.85,1
VAL-01431,Breeze,Silver,69,16,3,62,37,1.68,1
VAL-01432,Sunset,Platinum,48,15,9,68,69,0.99,1
VAL-01433,Ascent,Platinum,57,20,8,64,52,1.23,1
VAL-01434,Breeze,Silver,46,19,7,68,48,1.42,1
VAL-01435,Sunset,Diamond,53,12,8,67,73,0.92,0
VAL-01436,Lotus,Gold,42,11,7,63,58,1.09,0
VAL-01437,Breeze,Gold,54,11,3,59,69,0.86,0
VAL-01438,Haven,Gold,49,10,10,54,77,0.7,0
VAL-01439,Lotus,Gold,35,11,3,55,50,1.1,0
VAL-01440,Sunset,Gold,63,10,4,74,35,2.11,1
VAL-01441,Ascent,Diamond,62,7,11,55,66,0.83,0
VAL-01442,Sunset,Silver,56,2,3,66,57,1.16,0
VAL-01443,Breeze,Ascendant,42,16,7,75,65,1.15,1
VAL-01444,Breeze,Platinum,42,1,12,65,77,0.84,0
VAL-01445,Split,Silver,83,13,7,63,41,1.54,0
VAL-01446,Ascent,Silver,24,16,3,77,54,1.43,1
VAL-01447,Lotus,Platinum,42,14,9,62,63,0.98,1
VAL-01448,Bind,Platinum,81,11,8,56,61,0.92,1
VAL-01449,Ascent,Silver,85,13,7,77,56,1.38,1
VAL-01450,Bind,Silver,75,10,1,56,72,0.78,1
VAL-01451,Ascent,Diamond,61,12,11,61,32,1.91,1
VAL-01452,Ascent,Silver,47,11,12,55,44,1.25,1
VAL-01453,Sunset,Diamond,35,9,7,39,67,0.58,0
VAL-01454,Ascent,Platinum,60,17,5,44,55,0.8,0
VAL-01455,Split,Gold,46,15,9,49,68,0.72,0
VAL-01456,Breeze,Gold,72,11,9,60,76,0.79,0
VAL-01457,Pearl,Silver,33,12,9,62,45,1.38,1
VAL-01458,Bind,Diamond,57,9,7,64,56,1.14,1
VAL-01459,Breeze,Silver,66,13,9,53,47,1.13,1
VAL-01460,Pearl,Gold,67,12,9,53,67,0.79,0
VAL-01461,Bind,Platinum,65,11,13,92,51,1.8,1
VAL-01462,Bind,Silver,59,13,8,53,75,0.71,0
VAL-01463,Pearl,Gold,57,12,8,65,53,1.23,1
VAL-01464,Ascent,Diamond,66,9,2,71,53,1.34,1
VAL-01465,Lotus,Gold,59,16,3,65,69,0.94,0
VAL-01466,Haven,Ascendant,59,16,7,57,60,0.95,1
VAL-01467,Breeze,Diamond,55,9,7,49,69,0.71,0
VAL-01468,Sunset,Gold,50,25,4,48,47,1.02,1
VAL-01469,Breeze,Gold,39,8,4,56,60,0.93,0
VAL-01470,Sunset,Gold,41,14,9,59,73,0.81,0
VAL-01471,Pearl,Platinum,50,14,5,60,60,1.0,0
VAL-01472,Sunset,Gold,54,15,5,53,45,1.18,0
VAL-01473,Bind,Ascendant,43,19,4,55,77,0.71,0
VAL-01474,Lotus,Platinum,42,11,5,74,48,1.54,1
VAL-01475,Lotus,Gold,51,12,6,50,52,0.96,1
VAL-01476,Bind,Platinum,66,14,7,53,46,1.15,1
VAL-01477,Split,Gold,30,5,8,47,70,0.67,0
VAL-01478,Pearl,Diamond,44,13,6,89,89,1.0,0
VAL-01479,Split,Platinum,57,14,2,40,58,0.69,0
VAL-01480,Split,Silver,70,9,4,56,80,0.7,0
VAL-01481,Breeze,Silver,81,21,5,78,82,0.95,1
VAL-01482,Breeze,Diamond,51,13,10,74,61,1.21,1
VAL-01483,Haven,Platinum,51,9,7,63,58,1.09,0
VAL-01484,Sunset,Ascendant,53,10,8,65,56,1.16,1
VAL-01485,Bind,Silver,58,9,11,49,62,0.79,0
VAL-01486,Breeze,Gold,54,9,7,45,79,0.57,1
VAL-01487,Pearl,Silver,56,13,7,53,62,0.85,0
VAL-01488,Sunset,Platinum,39,14,7,55,57,0.96,0
VAL-01489,Haven,Gold,35,14,7,65,60,1.08,0
VAL-01490,Haven,Silver,64,15,4,59,65,0.91,0
VAL-01491,Pearl,Platinum,53,14,9,77,55,1.4,1
VAL-01492,Split,Gold,65,21,7,63,57,1.11,1
VAL-01493,Lotus,Gold,58,16,5,44,54,0.81,0
VAL-01494,Pearl,Gold,38,8,6,46,50,0.92,0
VAL-01495,Icebox,Platinum,74,12,1,56,66,0.85,0
VAL-01496,Pearl,Silver,55,7,2,53,50,1.06,0
VAL-01497,Haven,Gold,46,12,10,60,59,1.02,1
VAL-01498,Bind,Gold,49,6,6,68,57,1.19,1
VAL-01499,Breeze,Platinum,40,11,11,66,69,0.96,0
VAL-01500,Bind,Diamond,59,12,7,49,57,0.86,0
VAL-01501,Haven,Gold,54,7,8,72,66,1.09,0
VAL-01502,Breeze,Gold,79,12,7,57,44,1.3,1
VAL-01503,Icebox,Diamond,61,11,4,60,72,0.83,0
VAL-01504,Lotus,Immortal,78,8,8,51,66,0.77,0
VAL-01505,Sunset,Platinum,43,16,5,64,73,0.88,0
VAL-01506,Haven,Immortal,51,11,8,64,63,1.02,1
VAL-01507,Haven,Platinum,66,17,4,75,62,1.21,1
VAL-01508,Haven,Platinum,62,13,9,54,55,0.98,1
VAL-01509,Breeze,Gold,55,10,8,61,62,0.98,0
VAL-01510,Ascent,Gold,42,8,11,64,49,1.31,1
VAL-01511,Pearl,Silver,29,7,9,63,52,1.21,0
VAL-01512,Ascent,Diamond,52,13,7,73,53,1.38,1
VAL-01513,Icebox,Ascendant,53,13,12,52,57,0.91,1
VAL-01514,Lotus,Platinum,57,9,8,65,34,1.91,1
VAL-01515,Split,Gold,38,7,0,66,48,1.38,0
VAL-01516,Icebox,Silver,44,15,5,56,45,1.24,1
VAL-01517,Split,Gold,60,15,7,62,76,0.82,0
VAL-01518,Split,Gold,62,9,11,62,49,1.27,1
VAL-01519,Lotus,Platinum,57,11,6,65,50,1.3,1
VAL-01520,Bind,Ascendant,51,14,5,57,59,0.97,0
VAL-01521,Ascent,Silver,41,8,1,52,62,0.84,0
VAL-01522,Haven,Silver,66,8,11,62,64,0.97,1
VAL-01523,Sunset,Platinum,64,15,11,67,54,1.24,1
VAL-01524,Split,Gold,48,8,4,50,58,0.86,0
VAL-01525,Icebox,Diamond,65,12,3,69,75,0.92,0
VAL-01526,Bind,Gold,54,12,10,62,59,1.05,1
VAL-01527,Split,Gold,47,7,11,59,61,0.97,0
VAL-01528,Bind,Gold,66,16,5,59,69,0.86,0
VAL-01529,Bind,Silver,56,6,6,49,68,0.72,0
VAL-01530,Split,Platinum,50,13,9,62,42,1.48,1
VAL-01531,Breeze,Silver,40,10,4,58,64,0.91,0
VAL-01532,Pearl,Gold,41,12,4,63,60,1.05,0
VAL-01533,Haven,Gold,65,11,6,59,77,0.77,0
VAL-01534,Haven,Silver,60,7,4,55,49,1.12,0
VAL-01535,Breeze,Silver,41,11,13,49,51,0.96,1
VAL-01536,Haven,Gold,41,14,11,43,56,0.77,0
VAL-01537,Bind,Platinum,80,11,6,56,68,0.82,0
VAL-01538,Lotus,Ascendant,61,10,7,35,72,0.49,0
VAL-01539,Icebox,Silver,70,4,2,46,57,0.81,0
VAL-01540,Ascent,Silver,73,8,8,69,66,1.05,1
VAL-01541,Haven,Silver,44,9,9,51,54,0.94,0
VAL-01542,Lotus,Gold,76,15,5,67,60,1.12,1
VAL-01543,Split,Platinum,42,10,6,66,65,1.02,0
VAL-01544,Pearl,Diamond,64,14,4,52,79,0.66,1
VAL-01545,Bind,Platinum,54,9,11,70,70,1.0,1
VAL-01546,Pearl,Silver,64,4,11,73,72,1.01,1
VAL-01547,Icebox,Gold,52,16,8,45,57,0.79,0
VAL-01548,Icebox,Ascendant,62,9,7,69,43,1.6,1
VAL-01549,Breeze,Gold,71,16,3,54,83,0.65,0
VAL-01550,Sunset,Gold,68,11,5,44,44,1.0,0
VAL-01551,Breeze,Ascendant,54,18,6,62,56,1.11,1
VAL-01552,Lotus,Platinum,44,25,5,66,58,1.14,0
VAL-01553,Pearl,Platinum,51,14,9,59,73,0.81,0
VAL-01554,Sunset,Gold,60,7,2,78,72,1.08,0
VAL-01555,Split,Gold,63,14,3,67,54,1.24,1
VAL-01556,Bind,Silver,68,14,5,59,62,0.95,0
VAL-01557,Pearl,Platinum,46,7,2,62,53,1.17,0
VAL-01558,Breeze,Silver,44,9,10,90,52,1.73,1
VAL-01559,Ascent,Diamond,43,10,10,65,67,0.97,0
VAL-01560,Sunset,Diamond,53,13,2,74,46,1.61,1
VAL-01561,Sunset,Gold,58,8,8,70,62,1.13,0
VAL-01562,Bind,Silver,59,8,6,49,54,0.91,0
VAL-01563,Haven,Silver,38,7,7,49,38,1.29,0
VAL-01564,Icebox,Diamond,44,5,9,60,58,1.03,0
VAL-01565,Icebox,Platinum,47,15,1,59,70,0.84,0
VAL-01566,Ascent,Platinum,76,12,10,63,63,1.0,1
VAL-01567,Lotus,Gold,50,15,9,73,48,1.52,1
VAL-01568,Lotus,Gold,37,9,10,68,62,1.1,0
VAL-01569,Split,Platinum,60,9,1,45,43,1.05,0
VAL-01570,Pearl,Gold,54,13,7,54,82,0.66,0
VAL-01571,Haven,Platinum,41,16,9,76,61,1.25,0
VAL-01572,Breeze,Diamond,49,16,8,66,66,1.0,1
VAL-01573,Sunset,Silver,51,8,10,44,74,0.59,0
VAL-01574,Ascent,Silver,54,16,8,58,62,0.94,1
VAL-01575,Icebox,Gold,66,18,1,41,61,0.67,0
VAL-01576,Split,Silver,62,14,10,71,51,1.39,1
VAL-01577,Lotus,Diamond,57,17,6,65,39,1.67,1
VAL-01578,Ascent,Platinum,67,14,8,58,53,1.09,1
VAL-01579,Sunset,Diamond,50,8,12,59,61,0.97,1
VAL-01580,Breeze,Platinum,46,16,7,66,61,1.08,1
VAL-01581,Split,Silver,59,14,6,72,63,1.14,1
VAL-01582,Sunset,Gold,58,8,4,64,48,1.33,1
VAL-01583,Icebox,Diamond,37,10,3,67,53,1.26,0
VAL-01584,Icebox,Silver,73,14,3,64,69,0.93,0
VAL-01585,Icebox,Platinum,43,22,7,74,62,1.19,1
VAL-01586,Ascent,Diamond,61,19,13,78,46,1.7,1
VAL-01587,Ascent,Gold,62,4,6,53,71,0.75,0
VAL-01588,Lotus,Gold,20,12,7,58,76,0.76,0
VAL-01589,Lotus,Platinum,58,18,9,61,50,1.22,1
VAL-01590,Breeze,Diamond,75,10,5,53,60,0.88,0
VAL-01591,Split,Silver,46,10,11,56,58,0.97,0
VAL-01592,Bind,Ascendant,32,10,6,59,49,1.2,0
VAL-01593,Bind,Platinum,54,15,11,60,60,1.0,1
VAL-01594,Sunset,Immortal,61,14,9,56,64,0.88,1
VAL-01595,Icebox,Silver,54,14,7,55,62,0.89,0
VAL-01596,Split,Silver,44,11,5,61,80,0.76,0
VAL-01597,Ascent,Diamond,43,19,10,52,50,1.04,1
VAL-01598,Pearl,Diamond,36,11,7,64,49,1.31,1
VAL-01599,Haven,Gold,33,16,5,48,71,0.68,0
VAL-01600,Breeze,Platinum,51,4,12,60,70,0.86,0
VAL-01601,Icebox,Diamond,60,12,1,77,39,1.97,1
VAL-01602,Icebox,Silver,57,10,12,58,51,1.14,1
VAL-01603,Icebox,Platinum,58,12,13,69,42,1.64,1
VAL-01604,Ascent,Diamond,63,6,4,49,70,0.7,0
VAL-01605,Ascent,Gold,71,19,5,56,69,0.81,1
VAL-01606,Haven,Gold,55,13,4,67,59,1.14,1
VAL-01607,Split,Diamond,59,21,10,35,71,0.49,0
VAL-01608,Icebox,Gold,59,15,5,66,67,0.99,1
VAL-01609,Bind,Silver,57,13,7,59,64,0.92,0
VAL-01610,Lotus,Ascendant,55,12,9,57,55,1.04,1
VAL-01611,Bind,Platinum,56,15,2,75,46,1.63,0
VAL-01612,Sunset,Diamond,74,15,2,45,57,0.79,0
VAL-01613,Bind,Diamond,72,14,8,64,60,1.07,1
VAL-01614,Sunset,Silver,35,21,6,68,66,1.03,1
VAL-01615,Pearl,Silver,58,17,4,53,62,0.85,0
VAL-01616,Lotus,Gold,55,9,7,40,59,0.68,0
VAL-01617,Bind,Gold,70,9,7,63,63,1.0,1
VAL-01618,Pearl,Platinum,55,14,4,68,50,1.36,1
VAL-01619,Breeze,Platinum,58,13,7,75,55,1.36,1
VAL-01620,Split,Gold,47,13,4,44,68,0.65,0
VAL-01621,Pearl,Silver,65,6,9,57,56,1.02,0
VAL-01622,Split,Gold,40,16,6,82,57,1.44,1
VAL-01623,Bind,Gold,51,11,13,63,65,0.97,1
VAL-01624,Pearl,Gold,42,21,3,63,52,1.21,0
VAL-01625,Lotus,Silver,51,13,5,66,55,1.2,1
VAL-01626,Bind,Platinum,48,12,10,60,42,1.43,1
VAL-01627,Icebox,Silver,65,14,4,57,71,0.8,0
VAL-01628,Ascent,Gold,52,9,7,58,73,0.79,0
VAL-01629,Pearl,Platinum,73,19,1,74,69,1.07,1
VAL-01630,Lotus,Silver,52,21,4,68,62,1.1,1
VAL-01631,Breeze,Platinum,42,15,4,64,48,1.33,1
VAL-01632,Icebox,Gold,52,15,6,41,55,0.75,0
VAL-01633,Breeze,Silver,61,10,10,55,51,1.08,1
VAL-01634,Bind,Silver,75,12,6,81,52,1.56,1
VAL-01635,Ascent,Ascendant,47,14,6,52,56,0.93,0
VAL-01636,Pearl,Gold,75,7,5,61,56,1.09,1
VAL-01637,Pearl,Immortal,53,18,4,59,71,0.83,0
VAL-01638,Bind,Gold,50,6,10,46,60,0.77,0
VAL-01639,Bind,Gold,64,4,8,51,73,0.7,0
VAL-01640,Ascent,Gold,72,19,6,44,53,0.83,1
VAL-01641,Lotus,Gold,62,15,12,43,64,0.67,1
VAL-01642,Lotus,Gold,38,8,0,65,58,1.12,0
VAL-01643,Ascent,Gold,59,13,10,52,65,0.8,0
VAL-01644,Lotus,Gold,81,13,2,79,68,1.16,1
VAL-01645,Sunset,Silver,28,12,7,68,71,0.96,0
VAL-01646,Split,Silver,59,8,10,60,56,1.07,1
VAL-01647,Ascent,Gold,52,13,2,68,60,1.13,0
VAL-01648,Ascent,Gold,44,17,11,38,69,0.55,0
VAL-01649,Haven,Platinum,67,5,7,59,79,0.75,1
VAL-01650,Icebox,Diamond,34,10,5,71,61,1.16,1
VAL-01651,Icebox,Gold,51,7,8,47,58,0.81,0
VAL-01652,Sunset,Silver,67,9,9,67,59,1.14,1
VAL-01653,Bind,Gold,66,14,13,63,40,1.58,1
VAL-01654,Bind,Diamond,62,7,6,44,63,0.7,0
VAL-01655,Breeze,Silver,57,19,10,76,54,1.41,1
VAL-01656,Sunset,Platinum,54,12,7,71,49,1.45,1
VAL-01657,Ascent,Gold,49,10,8,66,66,1.0,0
VAL-01658,Sunset,Silver,43,4,6,46,59,0.78,0
VAL-01659,Sunset,Gold,65,13,5,51,69,0.74,0
VAL-01660,Sunset,Silver,58,12,8,59,60,0.98,1
VAL-01661,Icebox,Diamond,65,7,4,74,48,1.54,1
VAL-01662,Sunset,Gold,46,8,1,58,62,0.94,0
VAL-01663,Split,Platinum,45,19,7,62,41,1.51,1
VAL-01664,Bind,Platinum,61,10,5,53,68,0.78,0
VAL-01665,Breeze,Platinum,28,12,6,78,74,1.05,0
VAL-01666,Split,Gold,25,14,2,50,57,0.88,0
VAL-01667,Breeze,Silver,67,11,10,62,62,1.0,1
VAL-01668,Haven,Gold,47,17,0,73,73,1.0,0
VAL-01669,Breeze,Silver,57,9,8,54,60,0.9,0
VAL-01670,Bind,Platinum,60,10,9,57,43,1.33,1
VAL-01671,Bind,Silver,67,10,8,51,74,0.69,0
VAL-01672,Sunset,Platinum,50,9,10,46,55,0.84,1
VAL-01673,Pearl,Silver,50,8,3,47,58,0.81,0
VAL-01674,Haven,Ascendant,48,12,13,76,76,1.0,1
VAL-01675,Ascent,Gold,62,17,4,44,85,0.52,0
VAL-01676,Lotus,Gold,63,7,9,53,53,1.0,0
VAL-01677,Breeze,Ascendant,70,11,12,47,70,0.67,0
VAL-01678,Pearl,Gold,40,15,6,52,63,0.83,0
VAL-01679,Sunset,Ascendant,82,20,5,57,78,0.73,0
VAL-01680,Icebox,Silver,51,16,9,62,57,1.09,1
VAL-01681,Ascent,Gold,54,11,5,74,63,1.17,1
VAL-01682,Pearl,Platinum,57,10,4,69,55,1.25,1
VAL-01683,Icebox,Diamond,44,17,9,67,78,0.86,0
VAL-01684,Haven,Gold,50,16,9,68,55,1.24,1
VAL-01685,Sunset,Ascendant,73,12,7,43,55,0.78,0
VAL-01686,Ascent,Platinum,73,11,7,61,67,0.91,0
VAL-01687,Ascent,Diamond,57,20,8,73,52,1.4,1
VAL-01688,Ascent,Gold,68,19,6,79,64,1.23,0
VAL-01689,Haven,Silver,60,14,6,72,57,1.26,1
VAL-01690,Breeze,Ascendant,54,13,3,55,54,1.02,0
VAL-01691,Haven,Ascendant,46,7,5,67,59,1.14,0
VAL-01692,Lotus,Gold,45,12,7,52,49,1.06,0
VAL-01693,Bind,Silver,46,17,13,74,48,1.54,1
VAL-01694,Sunset,Silver,74,4,4,51,54,0.94,0
VAL-01695,Haven,Platinum,65,14,6,50,82,0.61,0
VAL-01696,Icebox,Silver,72,15,3,71,53,1.34,1
VAL-01697,Lotus,Gold,60,15,1,60,78,0.77,0
VAL-01698,Bind,Gold,44,9,11,68,66,1.03,1
VAL-01699,Breeze,Platinum,62,11,9,68,58,1.17,1
VAL-01700,Icebox,Silver,70,10,11,48,54,0.89,1
VAL-01701,Sunset,Gold,63,20,1,61,61,1.0,0
VAL-01702,Icebox,Platinum,39,18,9,52,79,0.66,0
VAL-01703,Bind,Platinum,37,13,13,40,47,0.85,0
VAL-01704,Icebox,Gold,63,12,10,59,57,1.04,1
VAL-01705,Split,Gold,51,12,9,53,69,0.77,0
VAL-01706,Pearl,Platinum,59,11,5,66,59,1.12,1
VAL-01707,Breeze,Diamond,46,4,11,71,61,1.16,0
VAL-01708,Bind,Platinum,57,12,5,53,38,1.39,1
VAL-01709,Icebox,Ascendant,42,20,9,49,62,0.79,1
VAL-01710,Pearl,Platinum,58,13,4,59,65,0.91,0
VAL-01711,Pearl,Diamond,64,10,7,63,59,1.07,1
VAL-01712,Icebox,Silver,64,13,10,65,57,1.14,1
VAL-01713,Sunset,Gold,39,11,10,80,72,1.11,1
VAL-01714,Split,Gold,61,8,7,72,66,1.09,1
VAL-01715,Haven,Gold,48,8,13,60,64,0.94,1
VAL-01716,Split,Gold,73,12,6,83,81,1.02,1
VAL-01717,Icebox,Gold,66,6,10,69,57,1.21,1
VAL-01718,Breeze,Platinum,55,12,5,70,60,1.17,1
VAL-01719,Haven,Gold,81,12,3,80,77,1.04,1
VAL-01720,Bind,Gold,46,15,6,65,56,1.16,1
VAL-01721,Split,Immortal,54,11,2,62,79,0.78,0
VAL-01722,Icebox,Gold,61,8,8,63,59,1.07,1
VAL-01723,Split,Gold,79,13,7,60,72,0.83,1
VAL-01724,Haven,Gold,73,16,9,55,68,0.81,1
VAL-01725,Lotus,Diamond,65,10,7,48,52,0.92,0
VAL-01726,Split,Gold,44,18,6,71,64,1.11,1
VAL-01727,Bind,Platinum,44,12,7,72,65,1.11,1
VAL-01728,Bind,Silver,63,11,10,55,65,0.85,0
VAL-01729,Ascent,Gold,40,9,10,61,82,0.74,0
VAL-01730,Split,Gold,59,13,11,54,66,0.82,1
VAL-01731,Sunset,Platinum,65,12,0,66,59,1.12,0
VAL-01732,Pearl,Diamond,37,7,10,66,49,1.35,1
VAL-01733,Pearl,Platinum,63,18,9,57,61,0.93,1
VAL-01734,Pearl,Platinum,66,11,13,57,55,1.04,1
VAL-01735,Lotus,Gold,51,18,5,58,52,1.12,1
VAL-01736,Ascent,Platinum,53,8,6,54,59,0.92,0
VAL-01737,Lotus,Gold,34,16,8,64,46,1.39,1
VAL-01738,Split,Platinum,54,17,0,39,40,0.98,0
VAL-01739,Split,Gold,37,17,0,61,63,0.97,1
VAL-01740,Split,Silver,47,14,8,77,84,0.92,0
VAL-01741,Breeze,Gold,50,16,4,67,69,0.97,0
VAL-01742,Pearl,Gold,41,14,3,50,51,0.98,0
VAL-01743,Breeze,Gold,40,8,9,51,69,0.74,0
VAL-01744,Ascent,Platinum,41,14,2,55,87,0.63,0
VAL-01745,Lotus,Silver,70,8,9,54,55,0.98,1
VAL-01746,Pearl,Silver,54,7,4,67,47,1.43,1
VAL-01747,Breeze,Platinum,70,13,4,52,66,0.79,0
VAL-01748,Breeze,Gold,50,10,8,67,80,0.84,1
VAL-01749,Icebox,Platinum,50,18,3,59,63,0.94,0
VAL-01750,Breeze,Platinum,50,19,12,63,60,1.05,0
VAL-01751,Sunset,Ascendant,20,23,7,67,55,1.22,1
VAL-01752,Sunset,Platinum,61,7,7,65,50,1.3,1
VAL-01753,Lotus,Silver,54,7,9,77,53,1.45,1
VAL-01754,Sunset,Gold,56,15,10,74,58,1.28,1
VAL-01755,Lotus,Silver,30,11,5,52,79,0.66,0
VAL-01756,Lotus,Ascendant,55,9,9,82,35,2.34,1
VAL-01757,Ascent,Silver,50,10,9,62,84,0.74,0
VAL-01758,Icebox,Gold,57,12,11,64,70,0.91,1
VAL-01759,Split,Silver,54,15,6,70,57,1.23,1
VAL-01760,Bind,Diamond,49,5,9,50,65,0.77,0
VAL-01761,Lotus,Gold,62,14,9,78,52,1.5,1
VAL-01762,Haven,Immortal,67,11,8,63,81,0.78,0
VAL-01763,Split,Silver,50,9,0,74,46,1.61,1
VAL-01764,Pearl,Silver,38,18,11,60,45,1.33,0
VAL-01765,Sunset,Silver,38,10,10,52,67,0.78,0
VAL-01766,Bind,Diamond,60,11,9,67,61,1.1,1
VAL-01767,Haven,Diamond,71,11,5,51,61,0.84,0
VAL-01768,Split,Silver,33,18,12,57,57,1.0,1
VAL-01769,Ascent,Silver,43,12,7,35,53,0.66,0
VAL-01770,Pearl,Platinum,51,12,8,75,57,1.32,1
VAL-01771,Bind,Silver,31,16,4,56,72,0.78,0
VAL-01772,Icebox,Silver,54,3,6,58,73,0.79,0
VAL-01773,Ascent,Silver,59,13,7,62,69,0.9,0
VAL-01774,Haven,Silver,61,13,4,67,54,1.24,1
VAL-01775,Bind,Gold,50,15,5,48,48,1.0,0
VAL-01776,Ascent,Silver,51,13,9,47,78,0.6,0
VAL-01777,Pearl,Gold,43,7,10,72,44,1.64,1
VAL-01778,Icebox,Diamond,34,5,3,56,58,0.97,1
VAL-01779,Ascent,Gold,53,15,13,65,62,1.05,1
VAL-01780,Breeze,Platinum,60,10,4,56,92,0.61,1
VAL-01781,Icebox,Silver,55,11,4,68,60,1.13,0
VAL-01782,Haven,Platinum,68,9,12,56,67,0.84,0
VAL-01783,Pearl,Gold,59,12,9,63,65,0.97,0
VAL-01784,Sunset,Platinum,63,12,10,66,73,0.9,1
VAL-01785,Sunset,Silver,57,7,4,63,69,0.91,0
VAL-01786,Sunset,Diamond,77,15,8,65,66,0.98,1
VAL-01787,Bind,Silver,49,9,13,60,64,0.94,1
VAL-01788,Haven,Gold,63,18,4,46,68,0.68,0
VAL-01789,Pearl,Ascendant,58,13,9,44,57,0.77,0
VAL-01790,Icebox,Platinum,64,12,5,48,32,1.5,1
VAL-01791,Bind,Gold,59,6,4,53,53,1.0,0
VAL-01792,Haven,Ascendant,54,14,6,70,65,1.08,1
VAL-01793,Breeze,Gold,60,12,7,40,53,0.75,0
VAL-01794,Pearl,Silver,61,13,6,65,59,1.1,0
VAL-01795,Sunset,Immortal,63,17,7,54,58,0.93,1
VAL-01796,Ascent,Gold,73,15,13,65,56,1.16,1
VAL-01797,Pearl,Diamond,57,16,12,76,67,1.13,1
VAL-01798,Lotus,Silver,42,2,8,62,62,1.0,0
VAL-01799,Haven,Platinum,57,11,7,69,60,1.15,1
VAL-01800,Split,Gold,50,6,11,53,37,1.43,1
VAL-01801,Breeze,Immortal,49,14,9,54,43,1.26,1
VAL-01802,Pearl,Platinum,51,4,8,71,66,1.08,0
VAL-01803,Split,Silver,44,16,13,81,50,1.62,1
VAL-01804,Lotus,Platinum,26,18,4,68,67,1.01,0
VAL-01805,Icebox,Silver,73,11,7,42,55,0.76,0
VAL-01806,Ascent,Diamond,49,13,7,49,54,0.91,1
VAL-01807,Split,Diamond,34,18,8,56,43,1.3,0
VAL-01808,Haven,Gold,57,20,4,64,59,1.08,1
VAL-01809,Sunset,Diamond,62,19,8,54,40,1.35,1
VAL-01810,Lotus,Silver,53,14,6,66,49,1.35,1
VAL-01811,Ascent,Gold,40,18,10,49,55,0.89,1
VAL-01812,Breeze,Gold,38,8,6,70,66,1.06,1
VAL-01813,Sunset,Platinum,82,9,5,62,62,1.0,1
VAL-01814,Pearl,Silver,38,16,9,67,59,1.14,1
VAL-01815,Split,Diamond,35,12,7,41,67,0.61,0
VAL-01816,Ascent,Silver,51,15,6,63,54,1.17,1
VAL-01817,Bind,Platinum,65,16,6,52,63,0.83,0
VAL-01818,Icebox,Silver,75,16,6,60,49,1.22,1
VAL-01819,Icebox,Diamond,52,5,13,56,58,0.97,0
VAL-01820,Lotus,Silver,52,15,9,52,52,1.0,1
VAL-01821,Breeze,Gold,40,9,9,60,61,0.98,0
VAL-01822,Lotus,Gold,68,13,9,66,64,1.03,1
VAL-01823,Bind,Platinum,54,10,8,74,66,1.12,1
VAL-01824,Haven,Gold,55,10,6,55,54,1.02,0
VAL-01825,Breeze,Platinum,60,10,5,71,66,1.08,0
VAL-01826,Haven,Gold,59,15,6,73,62,1.18,1
VAL-01827,Breeze,Diamond,53,11,9,50,56,0.89,0
VAL-01828,Breeze,Silver,71,11,6,63,57,1.11,1
VAL-01829,Bind,Gold,36,11,11,68,67,1.01,1
VAL-01830,Pearl,Gold,58,14,12,58,62,0.94,1
VAL-01831,Bind,Silver,60,9,2,59,56,1.05,0
VAL-01832,Breeze,Silver,50,18,12,65,74,0.88,1
VAL-01833,Ascent,Ascendant,62,9,4,60,41,1.46,1
VAL-01834,Haven,Ascendant,63,10,6,59,52,1.13,1
VAL-01835,Bind,Platinum,68,12,7,53,51,1.04,0
VAL-01836,Pearl,Gold,54,14,1,54,48,1.12,0
VAL-01837,Split,Gold,52,11,5,54,55,0.98,0
VAL-01838,Lotus,Platinum,61,11,8,56,76,0.74,0
VAL-01839,Breeze,Silver,53,16,3,59,49,1.2,1
VAL-01840,Split,Ascendant,37,3,3,54,63,0.86,0
VAL-01841,Icebox,Silver,65,10,13,51,62,0.82,1
VAL-01842,Sunset,Immortal,33,9,7,51,73,0.7,0
VAL-01843,Pearl,Gold,60,10,10,60,65,0.92,1
VAL-01844,Sunset,Diamond,85,18,13,45,68,0.66,1
VAL-01845,Pearl,Silver,61,9,9,68,78,0.87,0
VAL-01846,Ascent,Diamond,47,12,5,73,53,1.38,1
VAL-01847,Lotus,Gold,50,14,5,73,59,1.24,1
VAL-01848,Split,Platinum,59,9,9,57,53,1.08,1
VAL-01849,Haven,Diamond,55,3,9,55,40,1.38,1
VAL-01850,Pearl,Silver,64,2,8,54,44,1.23,0
VAL-01851,Haven,Gold,72,17,9,50,60,0.83,1
VAL-01852,Lotus,Gold,71,14,7,67,50,1.34,1
VAL-01853,Breeze,Gold,41,11,7,41,52,0.79,0
VAL-01854,Icebox,Gold,55,11,6,55,71,0.77,0
VAL-01855,Split,Gold,61,9,4,54,63,0.86,0
VAL-01856,Lotus,Gold,73,13,4,56,72,0.78,0
VAL-01857,Lotus,Platinum,59,15,6,54,65,0.83,0
VAL-01858,Ascent,Platinum,47,8,9,61,63,0.97,0
VAL-01859,Sunset,Silver,60,13,7,66,72,0.92,1
VAL-01860,Icebox,Diamond,77,9,6,63,59,1.07,0
VAL-01861,Split,Diamond,52,12,6,50,64,0.78,0
VAL-01862,Breeze,Gold,47,10,2,42,55,0.76,1
VAL-01863,Breeze,Gold,55,16,5,77,60,1.28,1
VAL-01864,Bind,Gold,47,12,9,69,56,1.23,1
VAL-01865,Lotus,Platinum,65,7,4,79,63,1.25,1
VAL-01866,Pearl,Platinum,47,12,2,64,47,1.36,1
VAL-01867,Ascent,Silver,71,16,3,74,57,1.3,1
VAL-01868,Icebox,Platinum,61,7,6,42,67,0.63,0
VAL-01869,Breeze,Gold,63,11,7,47,48,0.98,1
VAL-01870,Split,Silver,63,10,8,54,65,0.83,0
VAL-01871,Bind,Platinum,65,13,9,61,70,0.87,1
VAL-01872,Split,Platinum,51,11,6,53,74,0.72,0
VAL-01873,Ascent,Gold,43,13,9,70,47,1.49,1
VAL-01874,Pearl,Gold,49,9,3,69,55,1.25,0
VAL-01875,Bind,Ascendant,66,11,11,70,67,1.04,1
VAL-01876,Bind,Platinum,34,11,8,67,54,1.24,1
VAL-01877,Sunset,Platinum,31,19,1,63,53,1.19,0
VAL-01878,Icebox,Silver,58,13,7,76,60,1.27,0
VAL-01879,Bind,Silver,65,15,13,78,56,1.39,1
VAL-01880,Sunset,Gold,67,19,13,58,64,0.91,0
VAL-01881,Sunset,Gold,44,13,7,51,52,0.98,0
VAL-01882,Ascent,Diamond,41,11,9,72,57,1.26,1
VAL-01883,Haven,Gold,47,8,4,79,60,1.32,1
VAL-01884,Split,Gold,50,7,3,85,57,1.49,1
VAL-01885,Pearl,Gold,51,3,6,66,51,1.29,0
VAL-01886,Split,Gold,56,16,6,58,46,1.26,1
VAL-01887,Bind,Ascendant,72,14,7,49,64,0.77,1
VAL-01888,Pearl,Platinum,54,11,9,59,55,1.07,1
VAL-01889,Breeze,Silver,66,11,9,51,61,0.84,0
VAL-01890,Haven,Platinum,63,8,10,49,47,1.04,1
VAL-01891,Breeze,Platinum,46,14,9,70,68,1.03,1
VAL-01892,Breeze,Platinum,63,10,10,55,59,0.93,1
VAL-01893,Icebox,Silver,62,11,10,60,55,1.09,1
VAL-01894,Split,Gold,55,8,6,76,76,1.0,0
VAL-01895,Ascent,Silver,57,8,1,39,53,0.74,0
VAL-01896,Breeze,Diamond,54,16,3,50,64,0.78,0
VAL-01897,Bind,Platinum,42,16,9,68,63,1.08,1
VAL-01898,Haven,Gold,83,7,8,55,54,1.02,1
VAL-01899,Lotus,Gold,68,14,13,55,59,0.93,0
VAL-01900,Breeze,Silver,61,9,2,63,61,1.03,0
VAL-01901,Haven,Silver,50,10,10,58,65,0.89,0
VAL-01902,Pearl,Ascendant,54,17,7,40,59,0.68,0
VAL-01903,Split,Silver,41,11,5,54,61,0.89,0
VAL-01904,Sunset,Silver,61,11,12,45,63,0.71,0
VAL-01905,Icebox,Ascendant,59,5,4,69,37,1.86,1
VAL-01906,Haven,Gold,53,11,8,46,55,0.84,0
VAL-01907,Bind,Diamond,55,9,11,46,61,0.75,1
VAL-01908,Bind,Silver,51,14,4,47,35,1.34,1
VAL-01909,Haven,Platinum,49,10,1,68,61,1.11,1
VAL-01910,Bind,Gold,46,17,9,54,80,0.68,1
VAL-01911,Split,Diamond,43,14,10,73,67,1.09,1
VAL-01912,Bind,Silver,47,13,5,69,52,1.33,1
VAL-01913,Sunset,Gold,47,15,2,71,82,0.87,0
VAL-01914,Bind,Diamond,68,13,8,57,46,1.24,1
VAL-01915,Sunset,Gold,48,15,6,48,54,0.89,0
VAL-01916,Breeze,Platinum,31,11,1,57,73,0.78,0
VAL-01917,Ascent,Silver,59,12,9,31,60,0.52,0
VAL-01918,Split,Silver,62,9,5,66,68,0.97,0
VAL-01919,Ascent,Platinum,67,9,9,63,70,0.9,0
VAL-01920,Breeze,Platinum,57,17,13,53,68,0.78,1
VAL-01921,Split,Ascendant,41,14,7,55,47,1.17,0
VAL-01922,Haven,Platinum,45,6,7,71,52,1.37,1
VAL-01923,Haven,Gold,62,16,7,65,58,1.12,1
VAL-01924,Sunset,Diamond,73,13,7,75,65,1.15,1
VAL-01925,Breeze,Silver,41,9,4,51,60,0.85,0
VAL-01926,Sunset,Gold,58,19,8,47,50,0.94,1
VAL-01927,Icebox,Gold,48,17,5,64,54,1.19,1
VAL-01928,Bind,Silver,45,15,6,68,68,1.0,0
VAL-01929,Lotus,Diamond,55,13,5,63,37,1.7,1
VAL-01930,Icebox,Gold,53,13,8,56,59,0.95,1
VAL-01931,Bind,Platinum,31,3,5,89,69,1.29,0
VAL-01932,Split,Gold,57,15,8,80,71,1.13,1
VAL-01933,Sunset,Gold,59,13,8,53,41,1.29,1
VAL-01934,Split,Silver,64,13,7,54,52,1.04,1
VAL-01935,Split,Platinum,48,13,3,52,77,0.68,0
VAL-01936,Bind,Gold,36,10,5,74,45,1.64,1
VAL-01937,Breeze,Diamond,50,8,7,69,64,1.08,1
VAL-01938,Bind,Silver,63,12,3,67,69,0.97,1
VAL-01939,Pearl,Silver,54,7,8,58,67,0.87,0
VAL-01940,Haven,Platinum,65,13,11,69,65,1.06,1
VAL-01941,Haven,Diamond,39,8,9,64,60,1.07,0
VAL-01942,Icebox,Gold,65,16,3,58,62,0.94,0
VAL-01943,Haven,Platinum,58,6,13,64,50,1.28,1
VAL-01944,Bind,Immortal,51,12,5,76,61,1.25,1
VAL-01945,Sunset,Immortal,68,12,8,68,71,0.96,0
VAL-01946,Bind,Platinum,58,17,5,50,44,1.14,0
VAL-01947,Bind,Platinum,43,13,8,52,57,0.91,0
VAL-01948,Lotus,Silver,67,9,11,68,52,1.31,1
VAL-01949,Sunset,Diamond,52,8,4,53,71,0.75,0
VAL-01950,Pearl,Gold,55,18,6,64,55,1.16,1
VAL-01951,Haven,Ascendant,45,12,7,54,83,0.65,0
VAL-01952,Sunset,Silver,54,11,2,68,76,0.89,0
VAL-01953,Haven,Gold,44,9,9,49,50,0.98,0
VAL-01954,Icebox,Platinum,53,7,5,63,49,1.29,0
VAL-01955,Sunset,Gold,55,20,7,56,73,0.77,0
VAL-01956,Haven,Silver,62,12,4,59,58,1.02,0
VAL-01957,Pearl,Platinum,38,8,4,61,49,1.24,0
VAL-01958,Ascent,Diamond,67,15,7,71,48,1.48,1
VAL-01959,Split,Platinum,67,14,12,59,72,0.82,1
VAL-01960,Split,Silver,53,7,4,70,62,1.13,0
VAL-01961,Pearl,Platinum,57,10,10,51,49,1.04,0
VAL-01962,Lotus,Gold,59,14,11,44,60,0.73,0
VAL-01963,Ascent,Silver,56,15,10,65,59,1.1,1
VAL-01964,Icebox,Platinum,62,9,6,57,69,0.83,0
VAL-01965,Pearl,Diamond,50,5,8,50,51,0.98,0
VAL-01966,Split,Gold,46,13,12,50,53,0.94,1
VAL-01967,Split,Gold,60,15,10,51,55,0.93,1
VAL-01968,Split,Gold,37,12,7,63,64,0.98,0
VAL-01969,Breeze,Gold,62,11,3,56,47,1.19,1
VAL-01970,Pearl,Silver,64,18,13,46,68,0.68,1
VAL-01971,Bind,Ascendant,46,4,7,54,56,0.96,0
VAL-01972,Icebox,Diamond,72,15,5,52,71,0.73,0
VAL-01973,Split,Platinum,51,15,9,49,49,1.0,1
VAL-01974,Haven,Gold,50,9,1,70,58,1.21,0
VAL-01975,Pearl,Diamond,47,3,9,59,55,1.07,0
VAL-01976,Breeze,Gold,60,15,9,83,83,1.0,1
VAL-01977,Pearl,Gold,50,13,8,68,61,1.11,1
VAL-01978,Icebox,Silver,38,18,10,68,49,1.39,1
VAL-01979,Breeze,Platinum,59,10,8,62,41,1.51,1
VAL-01980,Icebox,Ascendant,52,13,9,74,64,1.16,1
VAL-01981,Pearl,Silver,68,5,9,72,53,1.36,1
VAL-01982,Bind,Silver,59,15,10,62,49,1.27,1
VAL-01983,Icebox,Gold,58,6,6,32,67,0.48,0
VAL-01984,Breeze,Diamond,67,12,8,40,58,0.69,0
VAL-01985,Breeze,Gold,57,8,6,53,62,0.85,0
VAL-01986,Icebox,Gold,64,13,8,62,61,1.02,1
VAL-01987,Pearl,Platinum,47,11,7,46,58,0.79,0
VAL-01988,Lotus,Gold,75,11,4,64,72,0.89,0
VAL-01989,Pearl,Silver,58,12,9,61,41,1.49,0
VAL-01990,Icebox,Silver,41,12,2,59,43,1.37,0
VAL-01991,Ascent,Platinum,57,18,4,61,54,1.13,1
VAL-01992,Icebox,Gold,57,14,9,36,63,0.57,0
VAL-01993,Bind,Ascendant,56,9,5,76,66,1.15,0
VAL-01994,Icebox,Platinum,27,10,9,56,45,1.24,0
VAL-01995,Icebox,Silver,48,16,13,62,72,0.86,1
VAL-01996,Bind,Gold,38,8,1,61,81,0.75,0
VAL-01997,Icebox,Gold,39,12,8,54,63,0.86,0
VAL-01998,Split,Silver,57,5,13,61,55,1.11,1
VAL-01999,Ascent,Ascendant,48,12,8,50,70,0.71,0
VAL-02000,Haven,Diamond,51,8,7,59,72,0.82,0
VAL-02001,Ascent,Silver,44,9,6,61,57,1.07,0
VAL-02002,Icebox,Gold,72,13,5,57,56,1.02,1
VAL-02003,Split,Silver,55,14,1,61,60,1.02,0
VAL-02004,Pearl,Gold,37,9,6,66,69,0.96,0
VAL-02005,Icebox,Platinum,63,16,7,72,70,1.03,1
VAL-02006,Split,Gold,51,7,7,80,58,1.38,1
VAL-02007,Bind,Ascendant,69,15,10,66,69,0.96,1
VAL-02008,Split,Silver,55,10,10,57,55,1.04,1
VAL-02009,Bind,Platinum,47,16,8,49,81,0.6,0
VAL-02010,Lotus,Diamond,48,10,8,55,50,1.1,1
VAL-02011,Haven,Gold,50,9,7,46,67,0.69,0
VAL-02012,Sunset,Silver,61,14,5,57,58,0.98,1
VAL-02013,Split,Silver,46,14,10,63,58,1.09,1
VAL-02014,Breeze,Gold,70,10,7,64,57,1.12,1
VAL-02015,Icebox,Ascendant,59,14,8,62,53,1.17,1
VAL-02016,Ascent,Ascendant,58,11,13,62,52,1.19,1
VAL-02017,Sunset,Ascendant,56,13,10,63,50,1.26,1
VAL-02018,Ascent,Diamond,55,13,6,72,59,1.22,1
VAL-02019,Lotus,Gold,40,6,2,51,61,0.84,0
VAL-02020,Sunset,Ascendant,59,12,10,53,55,0.96,1
VAL-02021,Sunset,Immortal,78,6,0,76,39,1.95,1
VAL-02022,Ascent,Gold,63,8,6,53,60,0.88,0
VAL-02023,Bind,Gold,60,12,1,73,58,1.26,1
VAL-02024,Ascent,Gold,37,16,6,73,70,1.04,0
VAL-02025,Bind,Silver,68,11,5,54,59,0.92,0
VAL-02026,Lotus,Silver,65,11,7,63,63,1.0,1
VAL-02027,Icebox,Ascendant,69,10,6,66,72,0.92,0
VAL-02028,Pearl,Ascendant,44,14,10,79,80,0.99,1
VAL-02029,Bind,Silver,50,8,9,60,60,1.0,0
VAL-02030,Lotus,Gold,37,6,10,59,47,1.26,0
VAL-02031,Breeze,Diamond,36,17,3,68,74,0.92,0
VAL-02032,Lotus,Platinum,48,14,7,53,26,2.04,1
VAL-02033,Ascent,Gold,61,9,9,60,50,1.2,0
VAL-02034,Ascent,Platinum,50,9,7,38,52,0.73,0
VAL-02035,Pearl,Diamond,47,10,5,83,67,1.24,1
VAL-02036,Lotus,Ascendant,59,7,5,76,58,1.31,0
VAL-02037,Haven,Gold,20,11,13,60,49,1.22,1
VAL-02038,Icebox,Silver,48,12,8,51,85,0.6,0
VAL-02039,Ascent,Ascendant,59,17,1,50,56,0.89,0
VAL-02040,Pearl,Silver,50,12,3,66,49,1.35,1
VAL-02041,Icebox,Platinum,71,15,1,51,48,1.06,0
VAL-02042,Lotus,Silver,47,11,3,48,48,1.0,0
VAL-02043,Lotus,Gold,48,10,3,46,60,0.77,0
VAL-02044,Sunset,Gold,43,12,11,61,55,1.11,1
VAL-02045,Pearl,Silver,46,15,9,62,55,1.13,1
VAL-02046,Ascent,Ascendant,58,10,4,80,61,1.31,1
VAL-02047,Haven,Silver,65,13,5,53,58,0.91,0
VAL-02048,Lotus,Diamond,81,13,5,66,63,1.05,1
VAL-02049,Haven,Diamond,62,12,4,53,57,0.93,0
VAL-02050,Lotus,Gold,41,15,6,51,57,0.89,0
VAL-02051,Ascent,Platinum,70,12,4,65,52,1.25,0
VAL-02052,Icebox,Gold,61,11,6,70,59,1.19,1
VAL-02053,Split,Diamond,55,12,3,58,65,0.89,0
VAL-02054,Icebox,Platinum,68,4,7,47,70,0.67,0
VAL-02055,Lotus,Gold,83,11,8,68,61,1.11,1
VAL-02056,Split,Gold,53,8,4,65,26,2.5,1
VAL-02057,Split,Platinum,45,11,5,66,76,0.87,0
VAL-02058,Haven,Ascendant,71,12,6,78,53,1.47,0
VAL-02059,Pearl,Silver,87,14,10,51,61,0.84,1
VAL-02060,Haven,Platinum,57,20,10,68,66,1.03,1
VAL-02061,Haven,Gold,55,17,7,66,69,0.96,1
VAL-02062,Icebox,Diamond,57,12,8,60,87,0.69,0
VAL-02063,Icebox,Silver,60,14,7,61,62,0.98,1
VAL-02064,Breeze,Platinum,38,10,11,64,67,0.96,0
VAL-02065,Lotus,Silver,59,13,12,66,62,1.06,1
VAL-02066,Breeze,Platinum,58,13,9,52,70,0.74,0
VAL-02067,Ascent,Diamond,58,8,8,70,70,1.0,1
VAL-02068,Lotus,Diamond,57,10,8,66,73,0.9,0
VAL-02069,Lotus,Diamond,56,5,7,54,49,1.1,1
VAL-02070,Sunset,Gold,30,11,5,64,58,1.1,0
VAL-02071,Sunset,Diamond,46,12,5,65,70,0.93,0
VAL-02072,Bind,Platinum,65,12,8,65,58,1.12,1
VAL-02073,Bind,Ascendant,68,8,5,60,65,0.92,0
VAL-02074,Haven,Gold,50,12,3,51,62,0.82,0
VAL-02075,Ascent,Gold,44,13,6,52,58,0.9,0
VAL-02076,Split,Silver,64,14,2,77,42,1.83,1
VAL-02077,Split,Gold,58,13,13,61,54,1.13,1
VAL-02078,Sunset,Silver,54,11,5,70,64,1.09,0
VAL-02079,Sunset,Diamond,65,11,7,61,62,0.98,1
VAL-02080,Sunset,Platinum,41,13,11,50,56,0.89,1
VAL-02081,Pearl,Immortal,69,10,13,66,58,1.14,1
VAL-02082,Bind,Silver,37,9,6,61,81,0.75,0
VAL-02083,Icebox,Silver,45,10,5,69,62,1.11,0
VAL-02084,Split,Diamond,43,14,9,58,54,1.07,1
VAL-02085,Lotus,Gold,48,15,7,55,48,1.15,1
VAL-02086,Bind,Gold,59,16,7,41,70,0.59,0
VAL-02087,Breeze,Diamond,63,9,8,67,60,1.12,1
VAL-02088,Icebox,Gold,54,20,8,63,51,1.24,1
VAL-02089,Bind,Silver,40,9,13,54,41,1.32,1
VAL-02090,Ascent,Diamond,31,11,3,64,59,1.08,0
VAL-02091,Lotus,Silver,65,17,13,50,80,0.62,0
VAL-02092,Bind,Diamond,64,5,6,81,72,1.12,0
VAL-02093,Pearl,Silver,68,13,10,42,55,0.76,1
VAL-02094,Sunset,Platinum,53,11,7,55,65,0.85,1
VAL-02095,Sunset,Silver,63,6,7,57,46,1.24,1
VAL-02096,Lotus,Platinum,47,6,8,57,58,0.98,0
VAL-02097,Sunset,Silver,61,16,5,59,60,0.98,1
VAL-02098,Bind,Diamond,49,14,12,60,46,1.3,1
VAL-02099,Breeze,Gold,45,16,9,62,51,1.22,1
VAL-02100,Split,Silver,58,8,8,57,53,1.08,1
VAL-02101,Split,Platinum,57,13,6,52,64,0.81,0
VAL-02102,Icebox,Gold,66,21,3,63,63,1.0,1
VAL-02103,Haven,Silver,40,11,9,80,51,1.57,1
VAL-02104,Ascent,Silver,66,12,9,48,66,0.73,0
VAL-02105,Lotus,Gold,57,12,9,56,60,0.93,1
VAL-02106,Icebox,Silver,68,12,7,66,77,0.86,0
VAL-02107,Haven,Silver,68,9,6,73,47,1.55,1
VAL-02108,Pearl,Gold,26,12,11,93,76,1.22,1
VAL-02109,Pearl,Platinum,68,19,8,72,55,1.31,0
VAL-02110,Ascent,Gold,68,12,8,53,76,0.7,0
VAL-02111,Sunset,Silver,40,17,3,69,66,1.05,0
VAL-02112,Bind,Ascendant,36,23,2,64,46,1.39,1
VAL-02113,Icebox,Diamond,64,9,13,50,61,0.82,1
VAL-02114,Icebox,Gold,56,14,9,56,75,0.75,0
VAL-02115,Lotus,Silver,47,7,11,42,53,0.79,0
VAL-02116,Lotus,Ascendant,72,11,2,43,72,0.6,0
VAL-02117,Pearl,Gold,59,22,10,53,72,0.74,0
VAL-02118,Pearl,Gold,30,15,6,61,76,0.8,0
VAL-02119,Breeze,Gold,43,13,7,70,65,1.08,1
VAL-02120,Breeze,Diamond,68,7,9,57,53,1.08,0
VAL-02121,Sunset,Silver,55,10,8,51,67,0.76,0
VAL-02122,Breeze,Diamond,46,9,8,80,72,1.11,1
VAL-02123,Bind,Platinum,60,8,4,49,68,0.72,0
VAL-02124,Bind,Gold,48,15,9,50,38,1.32,1
VAL-02125,Icebox,Diamond,40,15,4,56,62,0.9,0
VAL-02126,Split,Silver,67,11,5,76,67,1.13,1
VAL-02127,Bind,Platinum,69,10,7,67,75,0.89,0
VAL-02128,Haven,Gold,61,15,3,54,44,1.23,1
VAL-02129,Pearl,Gold,37,19,11,58,49,1.18,1
VAL-02130,Lotus,Gold,77,16,11,59,59,1.0,1
VAL-02131,Breeze,Gold,77,12,6,43,85,0.51,1
VAL-02132,Icebox,Silver,70,16,6,64,68,0.94,1
VAL-02133,Ascent,Gold,59,16,7,60,53,1.13,1
VAL-02134,Lotus,Gold,56,13,1,58,60,0.97,0
VAL-02135,Haven,Platinum,60,13,3,63,67,0.94,0
VAL-02136,Breeze,Silver,41,10,9,68,63,1.08,0
VAL-02137,Haven,Platinum,48,15,8,60,62,0.97,1
VAL-02138,Pearl,Silver,48,11,6,58,56,1.04,0
VAL-02139,Pearl,Silver,62,8,6,68,56,1.21,1
VAL-02140,Sunset,Gold,58,8,9,48,64,0.75,0
VAL-02141,Icebox,Silver,44,12,1,47,66,0.71,0
VAL-02142,Lotus,Platinum,36,8,13,58,42,1.38,1
VAL-02143,Lotus,Gold,59,23,10,68,58,1.17,1
VAL-02144,Ascent,Ascendant,42,14,6,59,73,0.81,0
VAL-02145,Icebox,Ascendant,40,10,8,70,82,0.85,0
VAL-02146,Haven,Gold,80,13,11,58,69,0.84,1
VAL-02147,Ascent,Diamond,83,15,4,76,66,1.15,0
VAL-02148,Split,Silver,50,13,11,58,72,0.81,0
VAL-02149,Lotus,Gold,33,8,7,67,64,1.05,0
VAL-02150,Haven,Platinum,70,12,9,67,48,1.4,1
VAL-02151,Bind,Silver,59,11,10,64,57,1.12,1
VAL-02152,Sunset,Silver,64,10,7,61,46,1.33,1
VAL-02153,Icebox,Silver,47,9,10,58,69,0.84,0
VAL-02154,Pearl,Gold,43,16,6,64,40,1.6,1
VAL-02155,Bind,Gold,52,14,7,71,63,1.13,1
VAL-02156,Sunset,Gold,57,14,5,73,64,1.14,1
VAL-02157,Sunset,Gold,46,5,5,54,60,0.9,1
VAL-02158,Split,Gold,71,10,8,52,33,1.58,1
VAL-02159,Split,Diamond,34,17,10,49,46,1.07,0
VAL-02160,Breeze,Silver,60,14,3,48,61,0.79,1
VAL-02161,Breeze,Diamond,57,7,8,64,68,0.94,0
VAL-02162,Ascent,Platinum,70,19,11,66,60,1.1,1
VAL-02163,Sunset,Platinum,43,2,11,73,73,1.0,0
VAL-02164,Bind,Platinum,63,13,7,61,65,0.94,1
VAL-02165,Icebox,Gold,61,19,4,57,60,0.95,1
VAL-02166,Sunset,Silver,58,6,9,79,60,1.32,1
VAL-02167,Split,Gold,44,10,8,57,53,1.08,0
VAL-02168,Haven,Ascendant,46,6,7,47,84,0.56,0
VAL-02169,Pearl,Platinum,51,18,6,53,68,0.78,0
VAL-02170,Breeze,Silver,49,9,8,51,64,0.8,0
VAL-02171,Lotus,Silver,70,16,8,70,59,1.19,1
VAL-02172,Haven,Immortal,57,18,6,52,62,0.84,1
VAL-02173,Icebox,Silver,65,7,6,75,41,1.83,1
VAL-02174,Split,Silver,38,6,3,60,60,1.0,1
VAL-02175,Split,Gold,33,14,8,63,60,1.05,0
VAL-02176,Split,Ascendant,53,15,8,69,33,2.09,1
VAL-02177,Lotus,Gold,40,12,3,71,73,0.97,0
VAL-02178,Breeze,Gold,55,12,7,57,63,0.9,0
VAL-02179,Haven,Platinum,45,18,5,71,62,1.15,1
VAL-02180,Icebox,Silver,59,11,10,62,53,1.17,1
VAL-02181,Breeze,Diamond,46,18,3,65,74,0.88,1
VAL-02182,Icebox,Gold,62,10,10,44,64,0.69,0
VAL-02183,Breeze,Gold,44,22,11,67,49,1.37,1
VAL-02184,Lotus,Diamond,33,8,0,50,46,1.09,0
VAL-02185,Pearl,Ascendant,65,17,9,74,50,1.48,1
VAL-02186,Icebox,Gold,46,8,9,81,55,1.47,1
VAL-02187,Breeze,Silver,71,15,2,47,54,0.87,0
VAL-02188,Split,Diamond,47,12,6,75,54,1.39,1
VAL-02189,Sunset,Gold,45,13,6,65,64,1.02,0
VAL-02190,Split,Ascendant,52,15,4,55,55,1.0,0
VAL-02191,Ascent,Ascendant,48,13,5,43,72,0.6,0
VAL-02192,Pearl,Silver,57,13,10,29,80,0.36,0
VAL-02193,Pearl,Ascendant,60,5,7,72,49,1.47,0
VAL-02194,Split,Gold,62,18,5,72,73,0.99,1
VAL-02195,Haven,Platinum,54,18,4,54,51,1.06,1
VAL-02196,Lotus,Silver,37,12,10,52,69,0.75,0
VAL-02197,Icebox,Diamond,76,14,12,60,64,0.94,1
VAL-02198,Pearl,Platinum,51,17,6,59,72,0.82,0
VAL-02199,Split,Platinum,50,14,7,70,49,1.43,0
VAL-02200,Split,Ascendant,54,10,13,60,67,0.9,1
VAL-02201,Lotus,Gold,52,7,10,70,49,1.43,1
VAL-02202,Lotus,Gold,34,15,10,53,57,0.93,0
VAL-02203,Bind,Diamond,62,13,5,62,52,1.19,1
VAL-02204,Bind,Platinum,45,12,4,67,49,1.37,1
VAL-02205,Haven,Ascendant,51,9,11,57,61,0.93,0
VAL-02206,Haven,Ascendant,76,11,8,59,68,0.87,1
VAL-02207,Ascent,Gold,66,13,8,80,61,1.31,1
VAL-02208,Haven,Gold,74,11,8,74,60,1.23,1
VAL-02209,Breeze,Gold,47,12,12,48,58,0.83,0
VAL-02210,Lotus,Platinum,64,12,5,63,69,0.91,0
VAL-02211,Breeze,Gold,60,15,7,40,52,0.77,0
VAL-02212,Icebox,Diamond,54,6,5,65,69,0.94,0
VAL-02213,Split,Silver,46,11,8,51,60,0.85,0
VAL-02214,Haven,Silver,68,8,9,58,92,0.63,1
VAL-02215,Split,Silver,49,13,8,66,61,1.08,1
VAL-02216,Pearl,Silver,57,9,12,63,59,1.07,1
VAL-02217,Ascent,Platinum,66,16,5,52,42,1.24,1
VAL-02218,Pearl,Silver,43,10,9,47,73,0.64,0
VAL-02219,Ascent,Silver,42,10,11,64,51,1.25,1
VAL-02220,Bind,Silver,85,9,6,53,60,0.88,0
VAL-02221,Split,Diamond,45,13,6,57,57,1.0,0
VAL-02222,Ascent,Diamond,74,7,7,48,66,0.73,0
VAL-02223,Sunset,Silver,54,12,3,37,57,0.65,0
VAL-02224,Breeze,Platinum,50,12,10,66,48,1.38,1
VAL-02225,Ascent,Gold,51,10,7,55,50,1.1,0
VAL-02226,Ascent,Silver,54,13,2,52,49,1.06,0
VAL-02227,Breeze,Platinum,71,10,6,74,62,1.19,1
VAL-02228,Split,Silver,64,13,11,68,73,0.93,1
VAL-02229,Split,Diamond,52,10,6,64,57,1.12,0
VAL-02230,Breeze,Silver,33,9,12,61,66,0.92,0
VAL-02231,Pearl,Ascendant,55,13,6,47,69,0.68,0
VAL-02232,Sunset,Silver,57,15,3,66,63,1.05,0
VAL-02233,Icebox,Platinum,70,23,1,73,52,1.4,0
VAL-02234,Sunset,Ascendant,37,11,13,60,73,0.82,0
VAL-02235,Split,Silver,49,15,5,72,52,1.38,1
VAL-02236,Bind,Gold,49,10,5,51,63,0.81,1
VAL-02237,Haven,Gold,54,15,7,45,60,0.75,0
VAL-02238,Ascent,Platinum,56,17,8,54,65,0.83,1
VAL-02239,Breeze,Silver,60,13,4,62,64,0.97,0
VAL-02240,Breeze,Silver,32,15,11,60,68,0.88,1
VAL-02241,Ascent,Platinum,57,14,8,57,61,0.93,1
VAL-02242,Haven,Gold,58,12,11,65,66,0.98,1
VAL-02243,Icebox,Platinum,56,10,1,59,69,0.86,0
VAL-02244,Haven,Silver,53,11,8,46,45,1.02,1
VAL-02245,Haven,Gold,20,7,8,65,73,0.89,0
VAL-02246,Haven,Platinum,62,16,7,53,58,0.91,1
VAL-02247,Icebox,Platinum,43,19,5,61,63,0.97,1
VAL-02248,Icebox,Gold,62,6,3,56,62,0.9,0
VAL-02249,Split,Gold,70,16,3,46,56,0.82,0
VAL-02250,Ascent,Gold,35,12,11,63,59,1.07,1
VAL-02251,Icebox,Silver,62,9,8,53,61,0.87,0
VAL-02252,Icebox,Gold,40,13,6,51,58,0.88,0
VAL-02253,Split,Silver,54,9,6,56,71,0.79,1
VAL-02254,Breeze,Platinum,53,13,10,64,69,0.93,1
VAL-02255,Split,Platinum,64,11,10,60,55,1.09,1
VAL-02256,Pearl,Gold,62,11,5,49,80,0.61,0
VAL-02257,Pearl,Gold,58,17,3,56,45,1.24,1
VAL-02258,Bind,Silver,35,5,8,65,49,1.33,1
VAL-02259,Haven,Gold,25,10,11,60,59,1.02,0
VAL-02260,Ascent,Ascendant,66,4,9,50,63,0.79,0
VAL-02261,Lotus,Platinum,64,13,12,67,53,1.26,1
VAL-02262,Sunset,Platinum,43,10,6,74,56,1.32,1
VAL-02263,Split,Diamond,59,9,8,55,50,1.1,1
VAL-02264,Breeze,Gold,52,13,7,59,57,1.04,1
VAL-02265,Sunset,Silver,68,14,9,65,45,1.44,1
VAL-02266,Breeze,Platinum,56,17,5,58,56,1.04,1
VAL-02267,Sunset,Silver,66,24,8,65,56,1.16,1
VAL-02268,Split,Platinum,48,10,12,47,49,0.96,1
VAL-02269,Lotus,Platinum,58,9,5,60,75,0.8,0
VAL-02270,Sunset,Diamond,50,12,1,69,66,1.05,0
VAL-02271,Split,Gold,48,12,9,49,72,0.68,0
VAL-02272,Icebox,Gold,27,19,13,58,61,0.95,0
VAL-02273,Lotus,Platinum,66,14,5,47,65,0.72,0
VAL-02274,Breeze,Diamond,76,8,11,59,59,1.0,0
VAL-02275,Pearl,Diamond,38,8,7,68,58,1.17,0
VAL-02276,Haven,Immortal,63,15,4,57,67,0.85,1
VAL-02277,Pearl,Silver,63,11,9,68,52,1.31,1
VAL-02278,Lotus,Gold,49,18,3,70,59,1.19,1
VAL-02279,Breeze,Gold,46,14,12,42,78,0.54,0
VAL-02280,Sunset,Silver,69,8,7,53,59,0.9,0
VAL-02281,Breeze,Ascendant,68,7,2,47,62,0.76,0
VAL-02282,Sunset,Immortal,60,13,13,61,70,0.87,1
VAL-02283,Split,Silver,49,11,10,71,72,0.99,1
VAL-02284,Lotus,Silver,68,17,8,63,70,0.9,1
VAL-02285,Split,Gold,45,13,10,64,49,1.31,1
VAL-02286,Bind,Diamond,72,13,0,56,55,1.02,1
VAL-02287,Sunset,Gold,75,7,5,67,77,0.87,0
VAL-02288,Icebox,Silver,69,10,13,62,58,1.07,1
VAL-02289,Split,Silver,59,12,7,72,65,1.11,1
VAL-02290,Bind,Gold,24,5,5,62,68,0.91,0
VAL-02291,Ascent,Ascendant,53,14,8,45,76,0.59,0
VAL-02292,Pearl,Gold,76,15,4,48,51,0.94,1
VAL-02293,Breeze,Gold,66,10,12,49,63,0.78,1
VAL-02294,Bind,Silver,60,17,6,54,60,0.9,1
VAL-02295,Lotus,Gold,47,17,2,75,87,0.86,0
VAL-02296,Split,Platinum,67,14,8,72,54,1.33,1
VAL-02297,Lotus,Gold,36,12,10,64,50,1.28,1
VAL-02298,Pearl,Gold,53,16,9,68,80,0.85,0
VAL-02299,Icebox,Diamond,76,6,3,67,87,0.77,0
VAL-02300,Lotus,Silver,45,12,4,70,72,0.97,0
VAL-02301,Sunset,Platinum,62,9,1,50,44,1.14,0
VAL-02302,Icebox,Gold,34,9,9,73,50,1.46,1
VAL-02303,Icebox,Gold,47,14,8,61,51,1.2,0
VAL-02304,Bind,Platinum,57,9,9,63,80,0.79,0
VAL-02305,Icebox,Diamond,59,6,6,71,59,1.2,1
VAL-02306,Haven,Platinum,80,21,1,63,63,1.0,1
VAL-02307,Pearl,Silver,49,10,5,51,57,0.89,0
VAL-02308,Icebox,Gold,62,9,10,58,47,1.23,0
VAL-02309,Lotus,Gold,62,17,8,67,53,1.26,1
VAL-02310,Ascent,Gold,48,10,2,54,80,0.68,0
VAL-02311,Haven,Platinum,66,7,6,54,60,0.9,0
VAL-02312,Haven,Silver,63,8,9,63,42,1.5,1
VAL-02313,Sunset,Gold,52,10,7,62,67,0.93,0
VAL-02314,Icebox,Platinum,57,8,3,54,59,0.92,0
VAL-02315,Sunset,Gold,43,9,6,73,59,1.24,0
VAL-02316,Sunset,Platinum,44,10,5,62,58,1.07,0
VAL-02317,Ascent,Silver,55,16,7,39,48,0.81,0
VAL-02318,Bind,Gold,64,20,8,64,53,1.21,1
VAL-02319,Icebox,Ascendant,51,16,5,67,82,0.82,0
VAL-02320,Split,Gold,48,11,9,67,69,0.97,0
VAL-02321,Sunset,Gold,52,6,12,56,67,0.84,1
VAL-02322,Pearl,Platinum,65,15,13,51,58,0.88,1
VAL-02323,Breeze,Ascendant,39,8,4,60,61,0.98,1
VAL-02324,Pearl,Immortal,65,11,7,62,77,0.81,0
VAL-02325,Ascent,Platinum,61,18,2,68,61,1.11,1
VAL-02326,Ascent,Silver,39,19,6,63,63,1.0,1
VAL-02327,Lotus,Ascendant,52,13,11,71,66,1.08,1
VAL-02328,Bind,Platinum,63,17,0,72,48,1.5,0
VAL-02329,Sunset,Gold,32,17,6,60,59,1.02,1
VAL-02330,Pearl,Diamond,43,15,7,50,48,1.04,1
VAL-02331,Breeze,Gold,37,11,2,70,32,2.19,1
VAL-02332,Ascent,Silver,48,10,8,66,45,1.47,1
VAL-02333,Ascent,Diamond,67,12,8,50,60,0.83,0
VAL-02334,Bind,Gold,65,7,5,58,73,0.79,0
VAL-02335,Breeze,Gold,49,10,9,50,63,0.79,0
VAL-02336,Breeze,Gold,67,14,5,41,65,0.63,0
VAL-02337,Bind,Platinum,63,9,8,50,70,0.71,1
VAL-02338,Ascent,Silver,70,18,7,39,79,0.49,0
VAL-02339,Icebox,Gold,54,13,8,65,67,0.97,1
VAL-02340,Icebox,Platinum,61,15,6,61,53,1.15,1
VAL-02341,Bind,Diamond,95,11,3,52,60,0.87,1
VAL-02342,Breeze,Gold,51,15,3,67,74,0.91,0
VAL-02343,Sunset,Diamond,54,7,5,46,67,0.69,0
VAL-02344,Bind,Diamond,53,14,5,72,52,1.38,1
VAL-02345,Bind,Platinum,54,14,8,55,63,0.87,1
VAL-02346,Haven,Silver,62,17,7,64,74,0.86,1
VAL-02347,Pearl,Diamond,56,4,6,50,70,0.71,0
VAL-02348,Breeze,Gold,39,9,1,61,67,0.91,0
VAL-02349,Lotus,Silver,55,5,5,59,50,1.18,0
VAL-02350,Lotus,Silver,49,9,4,57,50,1.14,0
VAL-02351,Breeze,Diamond,34,12,12,55,61,0.9,0
VAL-02352,Haven,Silver,69,14,7,64,79,0.81,0
VAL-02353,Haven,Silver,49,21,12,51,66,0.77,1
VAL-02354,Ascent,Platinum,60,17,7,40,60,0.67,0
VAL-02355,Pearl,Diamond,20,10,13,59,54,1.09,0
VAL-02356,Icebox,Platinum,61,15,8,71,68,1.04,1
VAL-02357,Split,Silver,51,17,8,43,72,0.6,0
VAL-02358,Split,Silver,36,12,13,61,57,1.07,1
VAL-02359,Split,Platinum,48,12,5,60,58,1.03,0
VAL-02360,Breeze,Silver,47,11,5,65,55,1.18,0
VAL-02361,Lotus,Platinum,64,14,7,61,49,1.24,0
VAL-02362,Lotus,Silver,56,14,13,53,44,1.2,1
VAL-02363,Icebox,Ascendant,37,13,6,44,68,0.65,0
VAL-02364,Breeze,Gold,60,19,8,61,47,1.3,1
VAL-02365,Split,Silver,30,16,10,53,69,0.77,0
VAL-02366,Sunset,Diamond,41,6,12,51,37,1.38,1
VAL-02367,Lotus,Gold,55,5,10,61,67,0.91,0
VAL-02368,Ascent,Gold,48,14,11,49,56,0.88,1
VAL-02369,Bind,Diamond,69,12,9,61,63,0.97,1
VAL-02370,Sunset,Gold,57,5,7,65,57,1.14,0
VAL-02371,Lotus,Gold,63,4,4,45,55,0.82,0
VAL-02372,Haven,Gold,63,11,5,70,49,1.43,1
VAL-02373,Lotus,Silver,50,13,6,60,60,1.0,0
VAL-02374,Ascent,Silver,42,13,8,70,75,0.93,0
VAL-02375,Split,Platinum,54,10,9,57,67,0.85,0
VAL-02376,Haven,Platinum,65,10,13,78,48,1.62,1
VAL-02377,Breeze,Gold,52,10,1,75,57,1.32,0
VAL-02378,Pearl,Gold,62,14,7,60,56,1.07,1
VAL-02379,Split,Ascendant,55,6,13,58,65,0.89,0
VAL-02380,Pearl,Immortal,36,12,3,36,45,0.8,1
VAL-02381,Sunset,Gold,37,16,5,58,70,0.83,0
VAL-02382,Bind,Diamond,74,11,8,63,88,0.72,0
VAL-02383,Haven,Platinum,41,13,10,60,62,0.97,1
VAL-02384,Icebox,Gold,47,14,3,62,58,1.07,0
VAL-02385,Haven,Silver,66,9,12,65,71,0.92,1
VAL-02386,Lotus,Silver,41,12,9,57,49,1.16,1
VAL-02387,Lotus,Diamond,47,7,3,62,72,0.86,0
VAL-02388,Lotus,Platinum,52,14,10,54,51,1.06,1
VAL-02389,Sunset,Platinum,51,13,10,48,87,0.55,0
VAL-02390,Split,Silver,43,17,7,77,41,1.88,1
VAL-02391,Icebox,Platinum,53,16,6,48,53,0.91,1
VAL-02392,Icebox,Diamond,63,17,3,57,64,0.89,0
VAL-02393,Lotus,Diamond,54,17,6,67,67,1.0,1
VAL-02394,Pearl,Silver,47,9,10,57,55,1.04,1
VAL-02395,Sunset,Platinum,66,14,2,66,73,0.9,0
VAL-02396,Lotus,Silver,75,15,4,71,49,1.45,1
VAL-02397,Bind,Platinum,66,10,8,61,49,1.24,1
VAL-02398,Split,Platinum,42,17,9,65,47,1.38,1
VAL-02399,Breeze,Silver,42,12,9,66,62,1.06,1
VAL-02400,Bind,Diamond,60,15,5,52,59,0.88,1
VAL-02401,Pearl,Silver,57,16,7,46,48,0.96,1
VAL-02402,Haven,Diamond,40,14,6,80,62,1.29,1
VAL-02403,Haven,Gold,58,19,8,64,48,1.33,1
VAL-02404,Bind,Platinum,56,22,9,51,63,0.81,0
VAL-02405,Lotus,Ascendant,73,12,6,81,69,1.17,1
VAL-02406,Breeze,Gold,50,16,7,45,49,0.92,1
VAL-02407,Ascent,Gold,72,21,7,51,56,0.91,1
VAL-02408,Ascent,Gold,72,10,2,55,75,0.73,0
VAL-02409,Pearl,Silver,47,1,11,70,55,1.27,1
VAL-02410,Lotus,Platinum,59,16,10,56,55,1.02,1
VAL-02411,Icebox,Platinum,52,10,2,59,83,0.71,0
VAL-02412,Icebox,Ascendant,52,7,13,48,70,0.69,0
VAL-02413,Split,Diamond,58,9,8,58,56,1.04,0
VAL-02414,Breeze,Gold,46,6,9,57,66,0.86,0
VAL-02415,Breeze,Platinum,36,19,5,44,36,1.22,0
VAL-02416,Haven,Diamond,49,18,7,57,53,1.08,1
VAL-02417,Sunset,Gold,69,11,9,51,57,0.89,1
VAL-02418,Pearl,Silver,53,11,12,74,55,1.35,1
VAL-02419,Ascent,Gold,55,13,4,63,52,1.21,1
VAL-02420,Pearl,Diamond,65,19,10,75,66,1.14,1
VAL-02421,Icebox,Platinum,36,8,6,41,57,0.72,0
VAL-02422,Icebox,Platinum,60,11,11,50,59,0.85,1
VAL-02423,Bind,Silver,75,17,3,53,56,0.95,0
VAL-02424,Split,Ascendant,56,11,7,52,55,0.95,0
VAL-02425,Breeze,Gold,32,9,1,63,66,0.95,0
VAL-02426,Pearl,Platinum,54,13,5,57,67,0.85,0
VAL-02427,Icebox,Silver,62,5,6,50,68,0.74,0
VAL-02428,Sunset,Silver,56,13,8,88,60,1.47,1
VAL-02429,Haven,Diamond,58,11,2,62,60,1.03,0
VAL-02430,Ascent,Ascendant,60,15,12,40,57,0.7,1
VAL-02431,Split,Gold,44,9,12,67,68,0.99,1
VAL-02432,Sunset,Silver,45,14,7,84,52,1.62,1
VAL-02433,Split,Gold,51,13,3,67,61,1.1,1
VAL-02434,Bind,Silver,60,7,3,50,59,0.85,0
VAL-02435,Icebox,Silver,41,8,7,56,50,1.12,0
VAL-02436,Haven,Diamond,80,17,5,68,57,1.19,1
VAL-02437,Sunset,Ascendant,26,16,11,51,57,0.89,1
VAL-02438,Split,Silver,35,5,6,58,70,0.83,1
VAL-02439,Breeze,Platinum,62,10,8,51,63,0.81,0
VAL-02440,Bind,Gold,61,13,7,66,67,0.99,1
VAL-02441,Breeze,Silver,54,14,5,68,45,1.51,1
VAL-02442,Haven,Silver,63,13,5,73,51,1.43,1
VAL-02443,Sunset,Platinum,62,14,4,70,72,0.97,0
VAL-02444,Bind,Silver,55,11,6,74,51,1.45,1
VAL-02445,Sunset,Gold,58,13,7,76,61,1.25,0
VAL-02446,Icebox,Silver,20,8,8,46,54,0.85,0
VAL-02447,Lotus,Gold,53,11,7,52,68,0.76,0
VAL-02448,Bind,Silver,54,4,6,51,57,0.89,0
VAL-02449,Breeze,Diamond,78,8,1,62,59,1.05,1
VAL-02450,Haven,Platinum,45,8,10,54,52,1.04,0
VAL-02451,Icebox,Diamond,55,9,2,56,56,1.0,0
VAL-02452,Lotus,Gold,72,15,9,71,69,1.03,1
VAL-02453,Ascent,Gold,62,6,11,66,59,1.12,1
VAL-02454,Icebox,Gold,55,9,11,55,49,1.12,1
VAL-02455,Haven,Silver,67,15,9,68,67,1.01,1
VAL-02456,Split,Platinum,45,7,7,63,53,1.19,1
VAL-02457,Bind,Gold,76,17,4,63,62,1.02,1
VAL-02458,Sunset,Gold,63,13,3,67,57,1.18,1
VAL-02459,Haven,Platinum,35,15,7,35,71,0.49,0
VAL-02460,Bind,Gold,48,8,5,51,75,0.68,1
VAL-02461,Sunset,Immortal,29,9,5,50,61,0.82,0
VAL-02462,Pearl,Gold,65,11,9,60,32,1.88,1
VAL-02463,Breeze,Platinum,62,15,6,68,57,1.19,1
VAL-02464,Ascent,Gold,49,15,5,55,55,1.0,0
VAL-02465,Icebox,Immortal,69,14,13,51,59,0.86,1
VAL-02466,Haven,Gold,54,11,6,38,68,0.56,0
VAL-02467,Ascent,Platinum,86,9,9,64,55,1.16,1
VAL-02468,Split,Silver,41,16,9,48,59,0.81,0
VAL-02469,Bind,Platinum,63,11,6,63,63,1.0,0
VAL-02470,Bind,Gold,50,6,5,51,65,0.78,0
VAL-02471,Haven,Gold,47,8,2,66,63,1.05,0
VAL-02472,Lotus,Diamond,53,9,8,64,52,1.23,1
VAL-02473,Lotus,Ascendant,59,11,7,42,70,0.6,0
VAL-02474,Pearl,Gold,56,12,3,69,62,1.11,0
VAL-02475,Breeze,Diamond,63,7,11,63,41,1.54,1
VAL-02476,Sunset,Silver,62,10,9,71,49,1.45,1
VAL-02477,Split,Diamond,72,11,7,46,59,0.78,0
VAL-02478,Ascent,Platinum,41,11,6,49,64,0.77,0
VAL-02479,Lotus,Gold,36,9,6,56,68,0.82,0
VAL-02480,Pearl,Diamond,54,22,3,58,77,0.75,0
VAL-02481,Pearl,Diamond,45,11,5,57,59,0.97,1
VAL-02482,Haven,Gold,65,10,9,40,61,0.66,0
VAL-02483,Split,Diamond,42,8,7,63,48,1.31,1
VAL-02484,Sunset,Silver,48,15,13,57,62,0.92,1
VAL-02485,Breeze,Diamond,51,5,5,56,64,0.88,0
VAL-02486,Icebox,Platinum,76,5,7,60,69,0.87,0
VAL-02487,Haven,Silver,80,12,8,62,69,0.9,1
VAL-02488,Sunset,Platinum,41,14,9,59,63,0.94,0
VAL-02489,Icebox,Platinum,29,12,6,50,64,0.78,0
VAL-02490,Icebox,Platinum,48,20,5,46,62,0.74,0
VAL-02491,Split,Gold,55,10,6,69,59,1.17,1
VAL-02492,Split,Gold,55,11,8,50,64,0.78,0
VAL-02493,Ascent,Diamond,54,12,6,48,55,0.87,0
VAL-02494,Pearl,Gold,65,12,13,60,48,1.25,1
VAL-02495,Sunset,Gold,50,12,6,65,52,1.25,1
VAL-02496,Haven,Platinum,58,11,8,73,62,1.18,1
VAL-02497,Bind,Silver,63,7,7,51,65,0.78,0
VAL-02498,Haven,Platinum,58,15,6,53,70,0.76,0
VAL-02499,Ascent,Platinum,63,16,10,62,83,0.75,0
VAL-02500,Breeze,Platinum,35,10,4,66,64,1.03,0
VAL-02501,Pearl,Gold,56,12,13,54,50,1.08,1
VAL-02502,Bind,Gold,58,18,5,67,55,1.22,1
VAL-02503,Lotus,Gold,53,9,8,54,72,0.75,0
VAL-02504,Breeze,Diamond,48,13,8,61,69,0.88,0
VAL-02505,Split,Silver,61,12,7,47,63,0.75,0
VAL-02506,Icebox,Ascendant,56,18,11,64,49,1.31,1
VAL-02507,Lotus,Platinum,54,19,13,65,67,0.97,0
VAL-02508,Haven,Diamond,51,15,5,62,60,1.03,1
VAL-02509,Haven,Gold,52,26,5,41,63,0.65,0
VAL-02510,Split,Gold,46,12,9,56,81,0.69,0
VAL-02511,Ascent,Ascendant,49,0,7,64,57,1.12,0
VAL-02512,Sunset,Silver,44,10,6,52,42,1.24,0
VAL-02513,Lotus,Silver,50,10,6,72,68,1.06,0
VAL-02514,Lotus,Gold,59,18,6,83,49,1.69,1
VAL-02515,Breeze,Ascendant,65,11,4,51,44,1.16,1
VAL-02516,Pearl,Platinum,54,17,8,66,68,0.97,1
VAL-02517,Breeze,Platinum,54,15,7,58,61,0.95,1
VAL-02518,Sunset,Platinum,57,13,6,64,54,1.19,1
VAL-02519,Haven,Gold,67,14,1,59,64,0.92,0
VAL-02520,Haven,Diamond,52,13,6,58,70,0.83,0
VAL-02521,Haven,Gold,61,17,13,55,76,0.72,1
VAL-02522,Haven,Diamond,59,11,6,65,67,0.97,0
VAL-02523,Sunset,Gold,48,10,6,45,51,0.88,0
VAL-02524,Split,Gold,63,14,6,53,44,1.2,1
VAL-02525,Pearl,Gold,30,13,9,61,68,0.9,0
VAL-02526,Sunset,Gold,68,11,10,54,54,1.0,0
VAL-02527,Pearl,Platinum,41,21,5,72,50,1.44,1
VAL-02528,Sunset,Gold,53,15,2,65,63,1.03,0
VAL-02529,Haven,Silver,65,10,6,49,57,0.86,0
VAL-02530,Split,Gold,50,14,5,57,59,0.97,0
VAL-02531,Lotus,Platinum,58,8,6,68,58,1.17,1
VAL-02532,Breeze,Silver,65,7,11,63,74,0.85,1
VAL-02533,Icebox,Platinum,77,15,4,59,69,0.86,0
VAL-02534,Split,Gold,55,9,8,58,52,1.12,1
VAL-02535,Lotus,Gold,57,12,8,72,59,1.22,1
VAL-02536,Ascent,Gold,55,8,9,47,64,0.73,0
VAL-02537,Sunset,Ascendant,52,11,9,78,53,1.47,1
VAL-02538,Ascent,Platinum,39,10,1,62,71,0.87,0
VAL-02539,Lotus,Gold,42,12,9,77,48,1.6,1
VAL-02540,Split,Platinum,55,21,7,60,67,0.9,1
VAL-02541,Sunset,Diamond,59,17,5,85,69,1.23,1
VAL-02542,Icebox,Gold,70,12,12,54,65,0.83,1
VAL-02543,Haven,Diamond,52,11,10,61,77,0.79,0
VAL-02544,Sunset,Silver,73,9,5,68,47,1.45,1
VAL-02545,Sunset,Diamond,41,8,6,68,57,1.19,0
VAL-02546,Split,Gold,58,11,10,51,44,1.16,1
VAL-02547,Split,Silver,52,17,7,46,63,0.73,0
VAL-02548,Lotus,Gold,39,0,3,52,57,0.91,0
VAL-02549,Bind,Immortal,35,16,12,58,84,0.69,0
VAL-02550,Sunset,Diamond,50,17,6,59,70,0.84,0
VAL-02551,Breeze,Platinum,51,3,7,61,66,0.92,0
VAL-02552,Sunset,Silver,44,12,8,67,72,0.93,0
VAL-02553,Lotus,Gold,64,10,4,59,53,1.11,0
VAL-02554,Pearl,Gold,50,11,11,40,65,0.62,0
VAL-02555,Ascent,Silver,43,13,4,70,40,1.75,1
VAL-02556,Haven,Gold,52,13,8,72,52,1.38,1
VAL-02557,Bind,Diamond,47,7,5,63,68,0.93,0
VAL-02558,Icebox,Platinum,75,19,10,57,76,0.75,1
VAL-02559,Icebox,Silver,51,10,9,63,79,0.8,0
VAL-02560,Icebox,Platinum,44,23,6,72,57,1.26,1
VAL-02561,Split,Ascendant,75,8,2,49,67,0.73,0
VAL-02562,Icebox,Platinum,64,8,8,54,58,0.93,0
VAL-02563,Haven,Platinum,56,13,7,54,54,1.0,0
VAL-02564,Ascent,Ascendant,45,16,2,49,84,0.58,0
VAL-02565,Icebox,Diamond,64,17,8,87,51,1.71,1
VAL-02566,Sunset,Silver,37,8,9,61,57,1.07,0
VAL-02567,Sunset,Gold,63,11,7,49,72,0.68,0
VAL-02568,Split,Ascendant,58,19,6,46,41,1.12,1
VAL-02569,Haven,Gold,67,11,11,68,50,1.36,1
VAL-02570,Ascent,Silver,27,16,12,71,54,1.31,1
VAL-02571,Bind,Gold,44,4,4,70,57,1.23,0
VAL-02572,Lotus,Platinum,43,6,10,79,67,1.18,1
VAL-02573,Ascent,Immortal,42,16,8,56,60,0.93,0
VAL-02574,Lotus,Gold,60,11,5,47,57,0.82,0
VAL-02575,Pearl,Gold,51,15,6,86,53,1.62,0
VAL-02576,Lotus,Diamond,45,9,6,53,57,0.93,1
VAL-02577,Breeze,Gold,42,5,10,66,54,1.22,0
VAL-02578,Sunset,Silver,43,12,6,52,71,0.73,0
VAL-02579,Haven,Ascendant,65,6,2,71,64,1.11,0
VAL-02580,Split,Gold,54,13,6,47,71,0.66,0
VAL-02581,Breeze,Gold,65,8,10,86,40,2.15,1
VAL-02582,Lotus,Platinum,87,15,11,64,77,0.83,1
VAL-02583,Icebox,Silver,55,11,6,47,62,0.76,1
VAL-02584,Haven,Ascendant,38,11,8,39,56,0.7,1
VAL-02585,Breeze,Gold,53,13,11,59,49,1.2,1
VAL-02586,Split,Gold,78,16,9,71,54,1.31,1
VAL-02587,Sunset,Silver,68,13,13,55,72,0.76,0
VAL-02588,Haven,Gold,47,19,11,73,59,1.24,1
VAL-02589,Split,Diamond,51,19,6,50,60,0.83,0
VAL-02590,Pearl,Diamond,64,9,7,68,49,1.39,1
VAL-02591,Pearl,Ascendant,61,8,12,57,67,0.85,0
VAL-02592,Split,Gold,64,7,3,67,38,1.76,1
VAL-02593,Breeze,Platinum,52,19,7,52,61,0.85,1
VAL-02594,Haven,Gold,60,7,13,54,53,1.02,0
VAL-02595,Breeze,Diamond,51,10,13,46,71,0.65,1
VAL-02596,Bind,Platinum,72,12,8,72,61,1.18,1
VAL-02597,Lotus,Gold,37,19,2,55,65,0.85,0
VAL-02598,Bind,Gold,37,7,6,55,55,1.0,0
VAL-02599,Pearl,Gold,46,16,9,55,63,0.87,1
VAL-02600,Sunset,Platinum,47,12,5,65,62,1.05,0
VAL-02601,Ascent,Ascendant,37,11,13,38,61,0.62,0
VAL-02602,Lotus,Silver,35,12,6,47,62,0.76,0
VAL-02603,Pearl,Silver,68,9,11,74,59,1.25,1
VAL-02604,Breeze,Silver,53,10,7,62,63,0.98,0
VAL-02605,Breeze,Diamond,52,9,8,54,55,0.98,0
VAL-02606,Breeze,Gold,56,7,7,69,52,1.33,1
VAL-02607,Sunset,Silver,74,7,5,62,55,1.13,1
VAL-02608,Bind,Gold,56,17,6,74,69,1.07,1
VAL-02609,Ascent,Platinum,54,11,9,54,55,0.98,1
VAL-02610,Breeze,Gold,47,15,6,52,71,0.73,1
VAL-02611,Lotus,Platinum,62,11,6,46,64,0.72,0
VAL-02612,Haven,Gold,54,11,9,71,64,1.11,1
VAL-02613,Ascent,Gold,75,12,12,71,51,1.39,1
VAL-02614,Sunset,Silver,53,15,12,67,68,0.99,1
VAL-02615,Ascent,Silver,67,9,4,50,56,0.89,0
VAL-02616,Haven,Gold,46,11,5,46,32,1.44,1
VAL-02617,Lotus,Gold,46,16,11,69,68,1.01,0
VAL-02618,Haven,Platinum,33,16,6,62,68,0.91,0
VAL-02619,Split,Silver,65,18,6,51,55,0.93,1
VAL-02620,Lotus,Silver,55,8,3,66,66,1.0,0
VAL-02621,Ascent,Diamond,63,9,9,79,45,1.76,1
VAL-02622,Breeze,Platinum,75,11,7,57,59,0.97,1
VAL-02623,Ascent,Platinum,45,7,10,59,79,0.75,0
VAL-02624,Ascent,Diamond,43,15,9,69,52,1.33,1
VAL-02625,Lotus,Gold,46,13,10,72,43,1.67,1
VAL-02626,Split,Diamond,30,11,10,61,59,1.03,0
VAL-02627,Ascent,Gold,53,16,6,42,74,0.57,0
VAL-02628,Pearl,Silver,66,9,7,71,43,1.65,1
VAL-02629,Icebox,Gold,56,17,8,53,58,0.91,0
VAL-02630,Icebox,Gold,36,19,7,64,69,0.93,0
VAL-02631,Ascent,Gold,51,13,9,71,68,1.04,1
VAL-02632,Breeze,Gold,57,12,6,67,62,1.08,1
VAL-02633,Sunset,Gold,67,13,8,61,56,1.09,1
VAL-02634,Sunset,Silver,65,6,5,60,64,0.94,0
VAL-02635,Lotus,Silver,51,11,8,53,72,0.74,0
VAL-02636,Icebox,Silver,51,20,8,63,54,1.17,1
VAL-02637,Ascent,Silver,62,20,3,49,69,0.71,0
VAL-02638,Sunset,Gold,48,12,8,68,68,1.0,0
VAL-02639,Ascent,Platinum,65,10,11,69,59,1.17,1
VAL-02640,Lotus,Silver,47,16,10,59,48,1.23,1
VAL-02641,Icebox,Diamond,74,12,3,53,52,1.02,1
VAL-02642,Haven,Diamond,58,16,3,43,76,0.57,0
VAL-02643,Pearl,Gold,31,9,9,52,75,0.69,0
VAL-02644,Pearl,Platinum,63,13,7,53,64,0.83,0
VAL-02645,Sunset,Gold,58,11,7,61,85,0.72,0
VAL-02646,Pearl,Silver,61,12,0,51,61,0.84,0
VAL-02647,Haven,Ascendant,82,10,4,69,48,1.44,0
VAL-02648,Ascent,Silver,52,11,11,74,46,1.61,1
VAL-02649,Lotus,Ascendant,36,13,8,61,48,1.27,1
VAL-02650,Haven,Platinum,70,15,13,46,64,0.72,1
VAL-02651,Lotus,Gold,34,11,10,38,55,0.69,0
VAL-02652,Lotus,Gold,46,18,8,61,54,1.13,1
VAL-02653,Icebox,Gold,56,7,2,56,60,0.93,0
VAL-02654,Ascent,Silver,44,6,8,50,78,0.64,0
VAL-02655,Pearl,Gold,54,10,7,57,79,0.72,0
VAL-02656,Icebox,Platinum,53,12,4,84,63,1.33,1
VAL-02657,Lotus,Gold,73,18,11,78,69,1.13,1
VAL-02658,Sunset,Silver,26,11,7,78,69,1.13,0
VAL-02659,Pearl,Gold,56,8,8,56,65,0.86,0
VAL-02660,Pearl,Diamond,44,9,5,57,49,1.16,0
VAL-02661,Ascent,Gold,48,12,8,70,66,1.06,0
VAL-02662,Split,Gold,63,8,7,61,55,1.11,0
VAL-02663,Bind,Ascendant,61,20,13,66,53,1.25,1
VAL-02664,Bind,Gold,59,3,5,47,65,0.72,0
VAL-02665,Bind,Gold,40,9,5,64,77,0.83,0
VAL-02666,Split,Diamond,69,10,8,45,64,0.7,0
VAL-02667,Ascent,Diamond,44,8,6,36,57,0.63,0
VAL-02668,Split,Gold,72,15,8,56,58,0.97,1
VAL-02669,Bind,Silver,47,9,12,70,67,1.04,1
VAL-02670,Icebox,Platinum,67,14,4,64,58,1.1,1
VAL-02671,Haven,Gold,56,18,7,58,58,1.0,1
VAL-02672,Lotus,Ascendant,35,17,5,39,54,0.72,1
VAL-02673,Split,Silver,51,13,5,44,54,0.81,0
VAL-02674,Ascent,Gold,75,12,7,57,71,0.8,0
VAL-02675,Ascent,Silver,65,16,7,57,62,0.92,1
VAL-02676,Haven,Platinum,50,11,12,59,55,1.07,1
VAL-02677,Sunset,Diamond,71,10,5,78,61,1.28,1
VAL-02678,Pearl,Platinum,58,8,6,61,65,0.94,0
VAL-02679,Bind,Ascendant,75,13,1,73,51,1.43,1
VAL-02680,Sunset,Silver,54,8,8,53,64,0.83,0
VAL-02681,Bind,Silver,51,9,7,38,66,0.58,0
VAL-02682,Haven,Diamond,67,20,9,71,78,0.91,1
VAL-02683,Bind,Diamond,58,15,8,73,64,1.14,1
VAL-02684,Haven,Diamond,62,14,2,75,46,1.63,1
VAL-02685,Breeze,Diamond,45,9,12,51,67,0.76,0
VAL-02686,Sunset,Gold,69,15,8,54,63,0.86,1
VAL-02687,Sunset,Silver,67,8,8,54,61,0.89,0
VAL-02688,Pearl,Ascendant,71,6,12,65,72,0.9,1
VAL-02689,Haven,Gold,39,10,6,51,65,0.78,1
VAL-02690,Split,Gold,41,7,3,63,67,0.94,0
VAL-02691,Breeze,Platinum,46,14,4,69,53,1.3,1
VAL-02692,Icebox,Gold,52,13,7,67,65,1.03,0
VAL-02693,Bind,Diamond,39,13,7,50,56,0.89,1
VAL-02694,Breeze,Silver,63,14,12,70,56,1.25,1
VAL-02695,Haven,Diamond,50,14,8,61,56,1.09,1
VAL-02696,Lotus,Platinum,70,9,3,54,46,1.17,0
VAL-02697,Bind,Platinum,80,14,5,70,57,1.23,1
VAL-02698,Ascent,Gold,48,13,5,61,59,1.03,0
VAL-02699,Sunset,Gold,46,10,6,74,53,1.4,1
VAL-02700,Haven,Gold,64,11,5,71,76,0.93,0
VAL-02701,Ascent,Gold,56,15,3,67,60,1.12,1
VAL-02702,Pearl,Platinum,59,7,7,60,56,1.07,0
VAL-02703,Icebox,Gold,71,13,6,46,53,0.87,1
VAL-02704,Icebox,Silver,52,12,3,45,73,0.62,0
VAL-02705,Ascent,Silver,42,12,12,86,54,1.59,1
VAL-02706,Sunset,Platinum,40,11,7,65,61,1.07,1
VAL-02707,Pearl,Silver,53,14,13,73,67,1.09,1
VAL-02708,Lotus,Diamond,51,6,10,62,48,1.29,1
VAL-02709,Sunset,Platinum,65,13,6,59,57,1.04,1
VAL-02710,Breeze,Diamond,72,8,13,61,62,0.98,1
VAL-02711,Icebox,Diamond,72,16,10,62,59,1.05,1
VAL-02712,Breeze,Silver,47,7,5,60,64,0.94,0
VAL-02713,Bind,Diamond,45,2,6,76,61,1.25,0
VAL-02714,Split,Gold,33,5,8,69,68,1.01,1
VAL-02715,Haven,Diamond,55,12,6,64,49,1.31,1
VAL-02716,Pearl,Diamond,66,6,10,69,65,1.06,1
VAL-02717,Sunset,Silver,47,7,8,70,60,1.17,0
VAL-02718,Icebox,Gold,37,9,10,64,61,1.05,0
VAL-02719,Breeze,Gold,78,14,9,66,64,1.03,1
VAL-02720,Bind,Platinum,47,9,5,67,49,1.37,0
VAL-02721,Haven,Gold,54,11,2,67,57,1.18,0
VAL-02722,Haven,Gold,49,11,5,60,70,0.86,0
VAL-02723,Sunset,Gold,39,6,13,68,52,1.31,1
VAL-02724,Pearl,Gold,66,14,10,49,62,0.79,1
VAL-02725,Lotus,Ascendant,34,21,7,62,62,1.0,1
VAL-02726,Sunset,Diamond,68,5,11,60,62,0.97,1
VAL-02727,Breeze,Gold,58,8,7,68,35,1.94,1
VAL-02728,Split,Silver,52,7,7,53,75,0.71,0
VAL-02729,Ascent,Silver,52,11,8,55,51,1.08,1
VAL-02730,Lotus,Gold,60,6,6,52,74,0.7,0
VAL-02731,Pearl,Diamond,47,17,4,66,51,1.29,0
VAL-02732,Bind,Gold,57,18,8,43,64,0.67,1
VAL-02733,Lotus,Gold,44,15,7,51,56,0.91,0
VAL-02734,Icebox,Diamond,29,16,6,40,52,0.77,0
VAL-02735,Pearl,Ascendant,62,12,9,53,86,0.62,0
VAL-02736,Split,Silver,84,16,6,60,58,1.03,0
VAL-02737,Icebox,Silver,62,11,9,72,46,1.57,1
VAL-02738,Lotus,Gold,54,10,3,73,74,0.99,0
VAL-02739,Ascent,Platinum,50,15,3,46,68,0.68,1
VAL-02740,Ascent,Ascendant,51,10,3,56,76,0.74,0
VAL-02741,Split,Silver,50,21,7,64,47,1.36,1
VAL-02742,Haven,Silver,57,16,3,57,51,1.12,1
VAL-02743,Bind,Diamond,26,10,12,52,64,0.81,0
VAL-02744,Haven,Platinum,24,11,12,42,56,0.75,0
VAL-02745,Ascent,Immortal,60,11,8,49,54,0.91,0
VAL-02746,Ascent,Gold,53,9,10,73,67,1.09,1
VAL-02747,Breeze,Gold,43,16,4,71,48,1.48,1
VAL-02748,Icebox,Silver,43,9,10,87,48,1.81,1
VAL-02749,Lotus,Silver,48,12,6,69,63,1.1,1
VAL-02750,Bind,Platinum,50,9,7,50,50,1.0,0
VAL-02751,Split,Gold,72,10,6,65,55,1.18,1
VAL-02752,Lotus,Silver,42,15,5,66,62,1.06,0
VAL-02753,Breeze,Diamond,64,15,9,67,53,1.26,1
VAL-02754,Ascent,Silver,62,11,5,58,51,1.14,1
VAL-02755,Split,Platinum,52,17,6,57,73,0.78,0
VAL-02756,Ascent,Gold,64,14,0,65,58,1.12,0
VAL-02757,Bind,Diamond,60,12,8,52,67,0.78,0
VAL-02758,Icebox,Silver,40,16,7,71,54,1.31,1
VAL-02759,Lotus,Diamond,48,18,4,49,58,0.84,0
VAL-02760,Lotus,Silver,60,14,6,48,62,0.77,1
VAL-02761,Haven,Gold,48,13,6,56,60,0.93,0
VAL-02762,Split,Platinum,62,4,2,66,62,1.06,0
VAL-02763,Breeze,Silver,69,13,12,70,81,0.86,1
VAL-02764,Haven,Gold,55,14,11,65,70,0.93,1
VAL-02765,Bind,Diamond,48,13,9,54,66,0.82,1
VAL-02766,Breeze,Diamond,46,8,11,58,71,0.82,0
VAL-02767,Icebox,Silver,51,9,6,56,56,1.0,0
VAL-02768,Icebox,Silver,50,15,7,71,76,0.93,1
VAL-02769,Icebox,Silver,65,10,5,62,45,1.38,1
VAL-02770,Icebox,Silver,48,13,8,74,65,1.14,1
VAL-02771,Haven,Ascendant,53,4,10,68,74,0.92,0
VAL-02772,Pearl,Platinum,64,12,7,57,46,1.24,1
VAL-02773,Breeze,Gold,51,15,3,59,61,0.97,0
VAL-02774,Split,Immortal,50,13,8,61,55,1.11,1
VAL-02775,Bind,Platinum,65,11,5,59,47,1.26,1
VAL-02776,Sunset,Platinum,69,8,10,68,62,1.1,1
VAL-02777,Ascent,Gold,55,5,13,64,57,1.12,1
VAL-02778,Split,Gold,75,9,10,55,71,0.77,0
VAL-02779,Ascent,Platinum,57,16,6,80,59,1.36,1
VAL-02780,Breeze,Silver,66,12,7,62,49,1.27,1
VAL-02781,Split,Gold,78,15,7,50,58,0.86,1
VAL-02782,Icebox,Silver,47,18,4,66,55,1.2,1
VAL-02783,Icebox,Silver,49,12,5,49,75,0.65,0
VAL-02784,Sunset,Gold,65,15,7,63,64,0.98,0
VAL-02785,Ascent,Platinum,53,17,6,59,60,0.98,1
VAL-02786,Bind,Gold,44,6,3,61,80,0.76,0
VAL-02787,Breeze,Gold,51,9,7,52,63,0.83,0
VAL-02788,Icebox,Platinum,38,5,7,59,56,1.05,0
VAL-02789,Pearl,Silver,55,5,0,59,57,1.04,0
VAL-02790,Haven,Gold,57,10,7,60,65,0.92,0
VAL-02791,Haven,Diamond,68,11,0,79,53,1.49,1
VAL-02792,Bind,Silver,69,5,4,54,91,0.59,0
VAL-02793,Haven,Diamond,51,14,3,62,63,0.98,1
VAL-02794,Ascent,Diamond,80,10,6,47,62,0.76,0
VAL-02795,Icebox,Silver,42,18,5,39,42,0.93,0
VAL-02796,Icebox,Silver,38,13,6,57,37,1.54,0
VAL-02797,Pearl,Ascendant,40,13,13,74,54,1.37,1
VAL-02798,Split,Silver,41,11,4,47,55,0.85,0
VAL-02799,Haven,Diamond,64,12,10,67,53,1.26,1
VAL-02800,Ascent,Platinum,75,13,9,72,58,1.24,0
VAL-02801,Lotus,Gold,76,16,8,74,40,1.85,1
VAL-02802,Haven,Silver,32,7,11,67,66,1.02,0
VAL-02803,Bind,Gold,65,9,6,52,59,0.88,0
VAL-02804,Split,Gold,73,13,7,48,65,0.74,0
VAL-02805,Haven,Platinum,67,12,4,41,63,0.65,0
VAL-02806,Ascent,Ascendant,47,15,0,79,52,1.52,1
VAL-02807,Haven,Diamond,57,9,7,69,64,1.08,1
VAL-02808,Bind,Gold,44,17,12,66,74,0.89,1
VAL-02809,Lotus,Diamond,64,10,3,36,53,0.68,0
VAL-02810,Breeze,Diamond,37,11,3,66,70,0.94,0
VAL-02811,Sunset,Ascendant,63,16,8,62,73,0.85,1
VAL-02812,Lotus,Gold,46,14,6,63,61,1.03,0
VAL-02813,Haven,Diamond,59,20,12,56,58,0.97,1
VAL-02814,Icebox,Platinum,52,16,5,62,57,1.09,0
VAL-02815,Pearl,Gold,51,17,12,50,61,0.82,1
VAL-02816,Icebox,Immortal,66,11,8,61,83,0.73,0
VAL-02817,Lotus,Silver,73,17,10,47,54,0.87,1
VAL-02818,Icebox,Silver,45,12,5,70,65,1.08,0
VAL-02819,Ascent,Diamond,57,3,6,68,64,1.06,0
VAL-02820,Icebox,Silver,42,14,7,67,71,0.94,0
VAL-02821,Split,Diamond,49,14,8,45,60,0.75,0
VAL-02822,Breeze,Platinum,46,8,5,61,63,0.97,0
VAL-02823,Haven,Silver,40,13,5,67,52,1.29,1
VAL-02824,Icebox,Gold,68,12,12,68,54,1.26,1
VAL-02825,Bind,Diamond,56,17,10,78,59,1.32,1
VAL-02826,Breeze,Platinum,48,14,3,50,44,1.14,0
VAL-02827,Breeze,Ascendant,54,12,8,57,56,1.02,0
VAL-02828,Icebox,Diamond,69,7,11,64,65,0.98,1
VAL-02829,Breeze,Gold,67,4,5,62,72,0.86,0
VAL-02830,Pearl,Silver,62,17,9,69,55,1.25,0
VAL-02831,Icebox,Ascendant,47,14,9,41,59,0.69,0
VAL-02832,Ascent,Gold,56,11,2,57,60,0.95,1
VAL-02833,Lotus,Silver,42,14,5,57,55,1.04,0
VAL-02834,Split,Diamond,54,11,5,68,56,1.21,1
VAL-02835,Sunset,Diamond,67,4,7,72,68,1.06,0
VAL-02836,Breeze,Platinum,69,16,5,63,82,0.77,1
VAL-02837,Ascent,Gold,47,17,8,80,63,1.27,1
VAL-02838,Haven,Platinum,65,11,6,59,71,0.83,1
VAL-02839,Haven,Platinum,63,12,2,54,47,1.15,0
VAL-02840,Split,Diamond,52,10,0,76,64,1.19,0
VAL-02841,Breeze,Ascendant,64,19,5,58,75,0.77,0
VAL-02842,Pearl,Gold,70,17,7,53,71,0.75,0
VAL-02843,Split,Diamond,65,9,7,70,58,1.21,1
VAL-02844,Breeze,Ascendant,42,14,4,53,70,0.76,0
VAL-02845,Ascent,Silver,52,8,9,66,63,1.05,0
VAL-02846,Lotus,Silver,60,9,6,74,46,1.61,1
VAL-02847,Pearl,Diamond,45,10,10,60,52,1.15,1
VAL-02848,Sunset,Silver,74,10,10,73,67,1.09,1
VAL-02849,Haven,Silver,59,6,9,64,58,1.1,1
VAL-02850,Bind,Silver,50,17,9,45,45,1.0,1
VAL-02851,Ascent,Gold,49,13,3,69,62,1.11,0
VAL-02852,Haven,Silver,47,18,6,76,54,1.41,1
VAL-02853,Icebox,Gold,63,11,11,65,33,1.97,1
VAL-02854,Bind,Ascendant,65,6,6,57,59,0.97,0
VAL-02855,Haven,Platinum,47,16,2,63,42,1.5,0
VAL-02856,Split,Platinum,73,13,9,55,59,0.93,1
VAL-02857,Pearl,Silver,50,11,9,74,59,1.25,0
VAL-02858,Haven,Platinum,45,17,7,63,83,0.76,0
VAL-02859,Sunset,Platinum,61,7,6,64,66,0.97,0
VAL-02860,Lotus,Platinum,41,16,8,59,63,0.94,0
VAL-02861,Split,Silver,39,15,9,71,73,0.97,1
VAL-02862,Ascent,Gold,44,13,7,51,56,0.91,0
VAL-02863,Ascent,Diamond,46,6,9,84,56,1.5,1
VAL-02864,Ascent,Platinum,64,16,12,61,53,1.15,1
VAL-02865,Ascent,Platinum,39,15,6,63,72,0.88,0
VAL-02866,Lotus,Platinum,59,13,13,51,62,0.82,1
VAL-02867,Haven,Gold,65,12,12,77,53,1.45,1
VAL-02868,Breeze,Diamond,72,7,6,65,68,0.96,0
VAL-02869,Haven,Silver,49,8,13,68,48,1.42,1
VAL-02870,Icebox,Platinum,50,9,5,55,51,1.08,0
VAL-02871,Pearl,Immortal,79,6,13,74,57,1.3,1
VAL-02872,Bind,Diamond,71,6,6,54,61,0.89,0
VAL-02873,Breeze,Gold,52,10,9,69,63,1.1,1
VAL-02874,Breeze,Gold,69,7,8,56,58,0.97,0
VAL-02875,Haven,Platinum,58,11,6,48,62,0.77,0
VAL-02876,Breeze,Diamond,55,12,8,55,68,0.81,0
VAL-02877,Icebox,Platinum,85,6,10,49,75,0.65,1
VAL-02878,Bind,Gold,68,15,7,60,60,1.0,1
VAL-02879,Sunset,Silver,78,16,8,76,77,0.99,1
VAL-02880,Lotus,Platinum,42,3,9,78,61,1.28,0
VAL-02881,Haven,Platinum,77,17,4,85,57,1.49,1
VAL-02882,Lotus,Ascendant,53,14,7,58,55,1.05,1
VAL-02883,Sunset,Gold,53,12,11,59,47,1.26,1
VAL-02884,Haven,Diamond,60,18,6,63,55,1.15,1
VAL-02885,Haven,Gold,61,12,9,44,67,0.66,0
VAL-02886,Bind,Platinum,68,9,2,54,52,1.04,0
VAL-02887,Lotus,Diamond,66,6,7,54,52,1.04,0
VAL-02888,Ascent,Silver,47,12,7,51,55,0.93,0
VAL-02889,Lotus,Gold,43,12,7,57,66,0.86,1
VAL-02890,Pearl,Diamond,53,5,6,46,54,0.85,0
VAL-02891,Pearl,Platinum,55,11,11,61,40,1.52,1
VAL-02892,Haven,Silver,56,18,4,44,42,1.05,1
VAL-02893,Ascent,Gold,71,14,6,54,51,1.06,1
VAL-02894,Split,Platinum,57,7,5,43,61,0.7,0
VAL-02895,Sunset,Ascendant,87,13,3,71,57,1.25,1
VAL-02896,Icebox,Silver,72,15,7,80,59,1.36,1
VAL-02897,Ascent,Diamond,51,16,4,55,74,0.74,0
VAL-02898,Icebox,Silver,34,14,8,51,77,0.66,0
VAL-02899,Lotus,Silver,84,17,8,67,49,1.37,1
VAL-02900,Lotus,Silver,52,15,7,54,47,1.15,0
VAL-02901,Icebox,Diamond,66,11,9,48,70,0.69,0
VAL-02902,Sunset,Silver,47,13,0,43,61,0.7,0
VAL-02903,Ascent,Diamond,74,11,11,48,60,0.8,0
VAL-02904,Split,Gold,65,14,7,72,50,1.44,1
VAL-02905,Haven,Immortal,42,15,9,72,47,1.53,1
VAL-02906,Bind,Diamond,32,12,4,55,35,1.57,1
VAL-02907,Lotus,Platinum,57,13,3,65,61,1.07,0
VAL-02908,Pearl,Diamond,61,10,9,73,69,1.06,1
VAL-02909,Sunset,Platinum,64,11,9,47,65,0.72,0
VAL-02910,Bind,Diamond,46,12,3,62,63,0.98,0
VAL-02911,Split,Gold,47,10,9,42,50,0.84,0
VAL-02912,Breeze,Silver,32,17,9,58,46,1.26,1
VAL-02913,Haven,Platinum,48,14,9,68,67,1.01,1
VAL-02914,Lotus,Gold,35,15,7,74,48,1.54,1
VAL-02915,Haven,Gold,46,14,8,66,52,1.27,1
VAL-02916,Bind,Gold,59,13,12,38,52,0.73,1
VAL-02917,Haven,Gold,59,7,5,49,60,0.82,0
VAL-02918,Breeze,Platinum,47,16,10,58,60,0.97,0
VAL-02919,Bind,Silver,58,20,8,63,68,0.93,1
VAL-02920,Lotus,Ascendant,73,15,3,62,60,1.03,1
VAL-02921,Ascent,Ascendant,52,9,3,53,59,0.9,0
VAL-02922,Pearl,Ascendant,40,14,8,70,71,0.99,0
VAL-02923,Bind,Gold,64,9,2,61,54,1.13,0
VAL-02924,Breeze,Gold,68,10,0,49,60,0.82,0
VAL-02925,Bind,Ascendant,47,2,13,54,50,1.08,0
VAL-02926,Bind,Ascendant,47,17,4,87,62,1.4,1
VAL-02927,Lotus,Diamond,31,13,10,73,68,1.07,1
VAL-02928,Bind,Gold,49,14,8,69,54,1.28,1
VAL-02929,Pearl,Platinum,44,15,13,63,77,0.82,1
VAL-02930,Haven,Diamond,37,14,13,50,60,0.83,0
VAL-02931,Lotus,Gold,51,16,9,59,66,0.89,1
VAL-02932,Pearl,Platinum,55,17,3,53,45,1.18,1
VAL-02933,Lotus,Diamond,53,12,12,59,74,0.8,0
VAL-02934,Pearl,Platinum,51,5,3,51,71,0.72,0
VAL-02935,Breeze,Gold,73,9,10,66,40,1.65,1
VAL-02936,Pearl,Platinum,59,14,4,52,46,1.13,1
VAL-02937,Icebox,Immortal,63,8,6,53,68,0.78,0
VAL-02938,Pearl,Platinum,77,12,13,64,69,0.93,1
VAL-02939,Ascent,Diamond,67,22,8,80,41,1.95,1
VAL-02940,Ascent,Platinum,52,16,5,50,67,0.75,0
VAL-02941,Sunset,Platinum,33,4,6,53,53,1.0,0
VAL-02942,Icebox,Platinum,51,21,8,61,59,1.03,1
VAL-02943,Icebox,Gold,72,17,4,55,58,0.95,1
VAL-02944,Haven,Gold,67,15,9,38,52,0.73,1
VAL-02945,Icebox,Gold,51,13,5,76,58,1.31,0
VAL-02946,Haven,Silver,54,6,1,49,51,0.96,0
VAL-02947,Sunset,Silver,57,11,6,63,54,1.17,1
VAL-02948,Sunset,Silver,48,4,5,68,48,1.42,0
VAL-02949,Breeze,Diamond,48,16,7,49,72,0.68,0
VAL-02950,Ascent,Gold,47,13,6,63,55,1.15,0
VAL-02951,Pearl,Silver,61,9,10,67,70,0.96,1
VAL-02952,Pearl,Silver,42,16,9,40,66,0.61,0
VAL-02953,Split,Platinum,72,13,1,58,71,0.82,1
VAL-02954,Lotus,Silver,55,19,7,64,55,1.16,1
VAL-02955,Breeze,Gold,42,10,6,70,58,1.21,0
VAL-02956,Split,Silver,67,18,6,43,61,0.7,0
VAL-02957,Split,Diamond,73,13,2,61,48,1.27,1
VAL-02958,Bind,Ascendant,93,9,0,69,61,1.13,1
VAL-02959,Bind,Ascendant,71,14,11,63,57,1.11,1
VAL-02960,Split,Gold,44,12,6,67,72,0.93,0
VAL-02961,Icebox,Platinum,58,14,8,67,74,0.91,1
VAL-02962,Lotus,Platinum,85,8,5,51,78,0.65,0
VAL-02963,Breeze,Gold,46,3,3,69,42,1.64,0
VAL-02964,Split,Gold,40,10,5,68,67,1.01,0
VAL-02965,Pearl,Silver,50,14,4,55,57,0.96,0
VAL-02966,Lotus,Diamond,43,14,9,59,53,1.11,1
VAL-02967,Bind,Silver,48,10,8,68,75,0.91,0
VAL-02968,Pearl,Gold,47,13,9,73,50,1.46,1
VAL-02969,Bind,Gold,64,10,8,58,62,0.94,0
VAL-02970,Bind,Platinum,39,11,1,64,51,1.25,0
VAL-02971,Lotus,Diamond,57,17,6,74,36,2.06,1
VAL-02972,Bind,Platinum,46,7,5,55,45,1.22,0
VAL-02973,Sunset,Platinum,62,20,8,75,37,2.03,0
VAL-02974,Ascent,Gold,63,13,5,51,56,0.91,0
VAL-02975,Sunset,Silver,66,20,8,58,47,1.23,1
VAL-02976,Ascent,Gold,66,19,8,68,72,0.94,1
VAL-02977,Bind,Ascendant,48,3,6,72,66,1.09,0
VAL-02978,Breeze,Immortal,55,13,8,62,51,1.22,1
VAL-02979,Breeze,Platinum,73,8,8,42,50,0.84,0
VAL-02980,Ascent,Silver,60,11,7,58,54,1.07,1
VAL-02981,Pearl,Silver,66,14,8,58,56,1.04,0
VAL-02982,Lotus,Gold,40,18,9,59,72,0.82,0
VAL-02983,Bind,Diamond,66,8,6,72,55,1.31,0
VAL-02984,Lotus,Platinum,32,22,5,49,61,0.8,0
VAL-02985,Sunset,Diamond,37,10,8,59,54,1.09,0
VAL-02986,Breeze,Platinum,44,7,5,58,66,0.88,0
VAL-02987,Icebox,Silver,60,16,7,58,67,0.87,1
VAL-02988,Sunset,Silver,62,13,7,51,72,0.71,0
VAL-02989,Sunset,Silver,45,21,12,62,69,0.9,1
VAL-02990,Ascent,Platinum,32,8,9,56,36,1.56,1
VAL-02991,Haven,Silver,66,13,11,53,45,1.18,1
VAL-02992,Sunset,Platinum,62,17,8,55,62,0.89,1
VAL-02993,Bind,Platinum,60,9,8,54,62,0.87,0
VAL-02994,Split,Gold,78,17,8,50,57,0.88,1
VAL-02995,Split,Silver,57,14,6,52,70,0.74,0
VAL-02996,Bind,Silver,43,8,4,45,75,0.6,1
VAL-02997,Haven,Platinum,71,17,9,78,53,1.47,1
VAL-02998,Haven,Gold,50,11,9,62,44,1.41,1
VAL-02999,Ascent,Gold,54,17,11,59,64,0.92,1
VAL-03000,Breeze,Diamond,49,9,10,70,54,1.3,1
VAL-03001,Lotus,Platinum,45,6,6,63,39,1.62,1
VAL-03002,Haven,Gold,50,10,4,66,63,1.05,0
VAL-03003,Icebox,Platinum,73,12,8,62,64,0.97,1
VAL-03004,Ascent,Diamond,42,13,7,78,53,1.47,1
VAL-03005,Pearl,Platinum,68,14,5,86,58,1.48,1
VAL-03006,Ascent,Gold,33,20,9,79,63,1.25,1
VAL-03007,Sunset,Gold,74,12,3,29,75,0.39,0
VAL-03008,Lotus,Diamond,75,19,5,54,66,0.82,1
VAL-03009,Pearl,Gold,43,16,13,55,45,1.22,1
VAL-03010,Pearl,Platinum,56,12,4,73,75,0.97,0
VAL-03011,Icebox,Diamond,63,13,8,56,77,0.73,0
VAL-03012,Icebox,Ascendant,48,14,10,57,64,0.89,1
VAL-03013,Icebox,Gold,78,16,10,55,71,0.77,1
VAL-03014,Ascent,Silver,55,17,9,57,48,1.19,1
VAL-03015,Lotus,Gold,49,6,8,60,60,1.0,0
VAL-03016,Ascent,Diamond,56,16,7,66,69,0.96,1
VAL-03017,Split,Gold,46,14,11,59,63,0.94,1
VAL-03018,Sunset,Silver,55,14,11,59,53,1.11,1
VAL-03019,Sunset,Silver,50,11,10,55,50,1.1,1
VAL-03020,Icebox,Gold,46,15,12,62,63,0.98,1
VAL-03021,Split,Silver,65,16,10,41,68,0.6,0
VAL-03022,Haven,Silver,35,12,6,43,49,0.88,0
VAL-03023,Haven,Platinum,76,16,5,50,55,0.91,1
VAL-03024,Icebox,Silver,58,9,8,66,83,0.8,0
VAL-03025,Ascent,Silver,77,12,8,43,66,0.65,0
VAL-03026,Icebox,Diamond,67,13,8,70,58,1.21,1
VAL-03027,Breeze,Diamond,39,11,12,61,70,0.87,1
VAL-03028,Pearl,Gold,56,11,6,49,67,0.73,0
VAL-03029,Sunset,Silver,33,8,7,65,62,1.05,0
VAL-03030,Haven,Platinum,44,14,8,51,63,0.81,0
VAL-03031,Bind,Gold,53,20,7,60,53,1.13,0
VAL-03032,Haven,Silver,47,14,2,55,69,0.8,0
VAL-03033,Sunset,Silver,49,11,6,70,52,1.35,0
VAL-03034,Pearl,Silver,47,17,4,68,69,0.99,0
VAL-03035,Sunset,Platinum,82,12,11,70,69,1.01,1
VAL-03036,Bind,Diamond,56,15,5,72,54,1.33,1
VAL-03037,Icebox,Diamond,62,14,7,67,43,1.56,1
VAL-03038,Split,Gold,54,6,7,63,67,0.94,0
VAL-03039,Bind,Gold,59,12,8,42,68,0.62,0
VAL-03040,Sunset,Platinum,30,21,8,60,64,0.94,1
VAL-03041,Sunset,Gold,75,10,8,40,45,0.89,0
VAL-03042,Breeze,Silver,46,18,4,47,63,0.75,0
VAL-03043,Breeze,Platinum,69,16,6,68,78,0.87,1
VAL-03044,Lotus,Diamond,69,10,3,48,76,0.63,0
VAL-03045,Breeze,Gold,33,12,8,65,73,0.89,0
VAL-03046,Ascent,Diamond,56,8,5,58,66,0.88,0
VAL-03047,Split,Gold,60,16,11,58,65,0.89,1
VAL-03048,Pearl,Gold,56,8,1,56,55,1.02,0
VAL-03049,Bind,Silver,55,14,13,65,77,0.84,1
VAL-03050,Sunset,Platinum,50,20,8,57,62,0.92,1
VAL-03051,Lotus,Diamond,46,10,6,56,72,0.78,0
VAL-03052,Lotus,Platinum,68,14,9,64,57,1.12,1
VAL-03053,Pearl,Silver,60,6,11,59,66,0.89,0
VAL-03054,Split,Silver,57,13,13,49,59,0.83,1
VAL-03055,Bind,Platinum,36,8,7,59,45,1.31,0
VAL-03056,Haven,Gold,52,13,1,47,52,0.9,0
VAL-03057,Breeze,Gold,54,10,7,60,56,1.07,0
VAL-03058,Icebox,Ascendant,65,8,5,72,75,0.96,0
VAL-03059,Lotus,Platinum,34,12,9,51,49,1.04,0
VAL-03060,Breeze,Gold,42,2,6,68,50,1.36,0
VAL-03061,Breeze,Silver,77,8,4,66,53,1.25,1
VAL-03062,Ascent,Silver,45,22,5,45,72,0.62,0
VAL-03063,Split,Platinum,33,11,11,61,59,1.03,0
VAL-03064,Icebox,Diamond,47,10,7,72,59,1.22,1
VAL-03065,Haven,Platinum,45,14,10,54,68,0.79,1
VAL-03066,Sunset,Gold,63,17,6,54,77,0.7,0
VAL-03067,Ascent,Silver,63,19,11,52,80,0.65,0
VAL-03068,Breeze,Ascendant,43,12,4,62,76,0.82,0
VAL-03069,Breeze,Immortal,50,12,5,44,58,0.76,0
VAL-03070,Icebox,Gold,61,14,11,48,56,0.86,1
VAL-03071,Icebox,Silver,62,13,11,51,58,0.88,1
VAL-03072,Icebox,Gold,43,12,1,41,43,0.95,0
VAL-03073,Breeze,Diamond,44,15,10,43,46,0.93,1
VAL-03074,Lotus,Platinum,80,15,3,51,66,0.77,0
VAL-03075,Bind,Platinum,52,13,10,57,45,1.27,1
VAL-03076,Breeze,Silver,73,22,10,73,50,1.46,1
VAL-03077,Ascent,Silver,58,20,12,70,62,1.13,1
VAL-03078,Split,Silver,68,15,12,65,49,1.33,1
VAL-03079,Haven,Ascendant,63,17,8,81,54,1.5,1
VAL-03080,Sunset,Gold,57,10,6,59,55,1.07,0
VAL-03081,Haven,Diamond,57,13,7,68,36,1.89,1
VAL-03082,Breeze,Silver,40,15,7,56,59,0.95,0
VAL-03083,Ascent,Ascendant,53,18,6,66,56,1.18,1
VAL-03084,Breeze,Diamond,49,8,6,54,58,0.93,0
VAL-03085,Split,Silver,51,10,10,41,46,0.89,1
VAL-03086,Lotus,Diamond,51,13,3,57,51,1.12,0
VAL-03087,Sunset,Gold,57,19,10,73,56,1.3,1
VAL-03088,Split,Silver,63,13,7,42,49,0.86,0
VAL-03089,Breeze,Gold,53,17,3,50,55,0.91,0
VAL-03090,Ascent,Ascendant,66,12,9,62,85,0.73,0
VAL-03091,Split,Ascendant,50,15,2,66,63,1.05,0
VAL-03092,Pearl,Gold,56,8,7,70,56,1.25,1
VAL-03093,Ascent,Platinum,85,9,13,70,59,1.19,1
VAL-03094,Lotus,Platinum,41,11,6,60,72,0.83,0
VAL-03095,Breeze,Diamond,50,8,6,48,54,0.89,0
VAL-03096,Icebox,Gold,33,7,9,70,63,1.11,0
VAL-03097,Sunset,Gold,58,11,9,51,73,0.7,1
VAL-03098,Bind,Platinum,55,6,9,50,60,0.83,0
VAL-03099,Icebox,Silver,57,12,6,76,58,1.31,1
VAL-03100,Breeze,Gold,44,13,8,57,75,0.76,0
VAL-03101,Pearl,Platinum,46,9,5,63,70,0.9,0
VAL-03102,Icebox,Gold,56,11,8,69,65,1.06,1
VAL-03103,Sunset,Ascendant,38,11,7,61,59,1.03,0
VAL-03104,Ascent,Silver,66,18,9,61,48,1.27,0
VAL-03105,Pearl,Ascendant,38,13,10,76,80,0.95,0
VAL-03106,Pearl,Silver,53,21,8,50,71,0.7,0
VAL-03107,Split,Silver,50,10,5,62,59,1.05,0
VAL-03108,Sunset,Gold,49,10,2,64,72,0.89,0
VAL-03109,Icebox,Diamond,36,17,4,38,70,0.54,0
VAL-03110,Split,Diamond,54,2,4,53,54,0.98,0
VAL-03111,Pearl,Silver,41,15,13,47,57,0.82,1
VAL-03112,Split,Silver,57,12,9,69,68,1.01,1
VAL-03113,Haven,Platinum,46,12,8,61,51,1.2,0
VAL-03114,Sunset,Gold,54,11,5,58,67,0.87,0
VAL-03115,Lotus,Diamond,33,14,10,58,58,1.0,1
VAL-03116,Ascent,Silver,66,5,6,71,52,1.37,1
VAL-03117,Pearl,Platinum,68,9,8,59,51,1.16,1
VAL-03118,Sunset,Platinum,48,20,9,63,58,1.09,0
VAL-03119,Lotus,Immortal,89,12,8,52,63,0.83,1
VAL-03120,Lotus,Platinum,64,7,7,69,54,1.28,0
VAL-03121,Breeze,Silver,52,12,4,70,56,1.25,1
VAL-03122,Split,Silver,49,15,7,44,62,0.71,1
VAL-03123,Lotus,Platinum,46,12,10,55,89,0.62,0
VAL-03124,Haven,Gold,48,12,9,50,63,0.79,0
VAL-03125,Sunset,Diamond,54,10,8,62,64,0.97,0
VAL-03126,Bind,Platinum,54,7,9,61,60,1.02,0
VAL-03127,Bind,Gold,38,5,3,66,81,0.81,0
VAL-03128,Pearl,Gold,71,9,7,53,40,1.32,0
VAL-03129,Split,Gold,64,17,7,59,49,1.2,1
VAL-03130,Lotus,Silver,77,10,4,56,52,1.08,1
VAL-03131,Sunset,Silver,59,11,9,46,69,0.67,0
VAL-03132,Pearl,Platinum,68,6,9,48,55,0.87,0
VAL-03133,Icebox,Silver,40,12,7,40,68,0.59,0
VAL-03134,Lotus,Silver,62,10,8,73,34,2.15,1
VAL-03135,Split,Silver,34,11,5,47,63,0.75,1
VAL-03136,Bind,Silver,43,10,5,56,48,1.17,0
VAL-03137,Breeze,Silver,85,10,3,75,69,1.09,1
VAL-03138,Sunset,Platinum,51,11,6,55,49,1.12,0
VAL-03139,Ascent,Gold,55,12,5,69,52,1.33,1
VAL-03140,Pearl,Platinum,63,3,5,56,46,1.22,0
VAL-03141,Sunset,Platinum,55,5,7,63,49,1.29,1
VAL-03142,Sunset,Ascendant,43,10,6,57,60,0.95,0
VAL-03143,Haven,Silver,43,16,3,48,56,0.86,0
VAL-03144,Icebox,Gold,65,6,5,79,53,1.49,1
VAL-03145,Lotus,Silver,59,14,7,70,44,1.59,1
VAL-03146,Lotus,Gold,65,19,4,58,53,1.09,1
VAL-03147,Split,Ascendant,62,11,8,51,71,0.72,0
VAL-03148,Ascent,Platinum,56,10,7,51,61,0.84,0
VAL-03149,Ascent,Platinum,55,14,4,57,64,0.89,0
VAL-03150,Split,Gold,56,12,9,50,74,0.68,1
VAL-03151,Breeze,Platinum,51,10,11,60,69,0.87,0
VAL-03152,Lotus,Silver,51,13,7,73,72,1.01,1
VAL-03153,Breeze,Platinum,61,9,6,55,62,0.89,0
VAL-03154,Sunset,Platinum,72,18,6,73,54,1.35,1
VAL-03155,Sunset,Gold,35,11,5,49,61,0.8,0
VAL-03156,Bind,Silver,84,14,4,70,61,1.15,1
VAL-03157,Ascent,Diamond,63,19,7,71,40,1.78,1
VAL-03158,Bind,Silver,60,11,5,71,57,1.25,1
VAL-03159,Icebox,Silver,43,9,0,64,71,0.9,0
VAL-03160,Split,Gold,46,10,13,59,40,1.48,1
VAL-03161,Split,Gold,62,12,12,69,42,1.64,1
VAL-03162,Sunset,Platinum,58,11,7,62,50,1.24,1
VAL-03163,Lotus,Platinum,39,11,3,61,54,1.13,0
VAL-03164,Breeze,Diamond,45,13,13,50,58,0.86,1
VAL-03165,Ascent,Gold,46,12,9,51,78,0.65,0
VAL-03166,Bind,Platinum,45,10,6,65,67,0.97,1
VAL-03167,Breeze,Diamond,58,12,12,56,63,0.89,1
VAL-03168,Bind,Gold,43,9,4,67,58,1.16,0
VAL-03169,Icebox,Gold,64,10,1,70,59,1.19,0
VAL-03170,Icebox,Diamond,37,3,5,46,69,0.67,0
VAL-03171,Breeze,Silver,67,9,9,53,72,0.74,0
VAL-03172,Breeze,Gold,92,15,13,52,53,0.98,1
VAL-03173,Breeze,Silver,64,15,5,75,64,1.17,1
VAL-03174,Bind,Silver,48,15,4,59,62,0.95,0
VAL-03175,Haven,Silver,49,14,7,63,71,0.89,0
VAL-03176,Breeze,Gold,42,10,7,52,74,0.7,0
VAL-03177,Lotus,Platinum,68,7,13,61,64,0.95,1
VAL-03178,Ascent,Gold,57,11,8,54,58,0.93,0
VAL-03179,Ascent,Diamond,33,0,13,42,44,0.95,1
VAL-03180,Bind,Gold,38,17,11,54,49,1.1,1
VAL-03181,Breeze,Ascendant,34,13,10,62,62,1.0,0
VAL-03182,Sunset,Ascendant,64,15,3,94,72,1.31,1
VAL-03183,Split,Diamond,43,10,6,47,77,0.61,0
VAL-03184,Haven,Ascendant,65,6,8,59,38,1.55,1
VAL-03185,Lotus,Platinum,48,13,0,63,56,1.12,0
VAL-03186,Sunset,Diamond,65,13,5,68,62,1.1,0
VAL-03187,Icebox,Silver,52,11,6,56,69,0.81,0
VAL-03188,Sunset,Gold,66,13,5,54,56,0.96,1
VAL-03189,Bind,Diamond,45,10,13,67,57,1.18,1
VAL-03190,Haven,Gold,46,13,8,67,62,1.08,1
VAL-03191,Pearl,Diamond,50,14,6,69,41,1.68,1
VAL-03192,Pearl,Diamond,65,19,1,67,56,1.2,1
VAL-03193,Breeze,Gold,42,15,5,44,56,0.79,0
VAL-03194,Breeze,Diamond,48,7,12,67,64,1.05,1
VAL-03195,Bind,Silver,52,10,5,62,64,0.97,0
VAL-03196,Breeze,Gold,60,9,6,38,54,0.7,1
VAL-03197,Split,Gold,50,17,3,66,60,1.1,1
VAL-03198,Haven,Silver,62,10,7,56,61,0.92,0
VAL-03199,Bind,Platinum,46,11,8,70,57,1.23,1
VAL-03200,Ascent,Platinum,67,12,8,58,70,0.83,0
VAL-03201,Icebox,Silver,64,14,3,66,58,1.14,1
VAL-03202,Bind,Diamond,48,7,9,65,81,0.8,0
VAL-03203,Bind,Platinum,64,12,6,49,52,0.94,1
VAL-03204,Pearl,Gold,42,16,8,73,68,1.07,1
VAL-03205,Lotus,Silver,57,11,9,52,71,0.73,0
VAL-03206,Lotus,Diamond,46,19,8,51,49,1.04,1
VAL-03207,Split,Diamond,59,8,9,70,65,1.08,0
VAL-03208,Ascent,Silver,53,10,9,62,74,0.84,0
VAL-03209,Pearl,Silver,46,15,10,82,66,1.24,1
VAL-03210,Ascent,Diamond,36,12,10,49,37,1.32,1
VAL-03211,Split,Platinum,52,11,11,67,68,0.99,1
VAL-03212,Lotus,Silver,69,8,8,64,65,0.98,1
VAL-03213,Bind,Platinum,58,10,10,73,65,1.12,1
VAL-03214,Breeze,Gold,36,19,8,75,57,1.32,1
VAL-03215,Breeze,Diamond,52,13,9,67,50,1.34,1
VAL-03216,Sunset,Silver,69,14,6,65,77,0.84,0
VAL-03217,Icebox,Gold,51,10,2,60,72,0.83,0
VAL-03218,Split,Silver,43,13,11,60,73,0.82,0
VAL-03219,Icebox,Ascendant,76,11,8,69,58,1.19,1
VAL-03220,Icebox,Diamond,42,7,8,66,63,1.05,1
VAL-03221,Lotus,Platinum,52,9,10,66,66,1.0,0
VAL-03222,Lotus,Platinum,48,10,5,59,62,0.95,0
VAL-03223,Bind,Gold,63,20,7,46,61,0.75,1
VAL-03224,Pearl,Ascendant,61,19,5,54,68,0.79,0
VAL-03225,Lotus,Silver,44,5,6,54,53,1.02,0
VAL-03226,Breeze,Diamond,47,9,6,62,75,0.83,0
VAL-03227,Icebox,Silver,57,11,5,71,61,1.16,1
VAL-03228,Sunset,Gold,58,12,8,59,52,1.13,1
VAL-03229,Haven,Gold,52,11,1,51,51,1.0,1
VAL-03230,Split,Diamond,51,19,11,42,43,0.98,1
VAL-03231,Sunset,Diamond,40,10,5,56,65,0.86,0
VAL-03232,Breeze,Platinum,77,19,8,50,52,0.96,1
VAL-03233,Lotus,Gold,63,16,9,68,61,1.11,1
VAL-03234,Pearl,Ascendant,55,12,6,67,62,1.08,1
VAL-03235,Bind,Silver,67,9,8,52,33,1.58,1
VAL-03236,Haven,Diamond,53,9,4,63,57,1.11,0
VAL-03237,Ascent,Platinum,45,20,5,61,80,0.76,0
VAL-03238,Sunset,Gold,59,15,6,50,67,0.75,0
VAL-03239,Pearl,Silver,57,13,8,64,63,1.02,1
VAL-03240,Ascent,Gold,75,3,6,61,56,1.09,0
VAL-03241,Haven,Gold,46,10,7,68,31,2.19,1
VAL-03242,Split,Silver,43,11,9,59,61,0.97,0
VAL-03243,Split,Silver,80,13,8,74,62,1.19,1
VAL-03244,Icebox,Gold,69,11,13,54,50,1.08,1
VAL-03245,Haven,Platinum,63,10,4,46,51,0.9,0
VAL-03246,Haven,Diamond,47,13,3,62,55,1.13,0
VAL-03247,Ascent,Silver,60,16,13,72,62,1.16,1
VAL-03248,Pearl,Gold,40,10,8,49,44,1.11,0
VAL-03249,Ascent,Gold,49,8,11,57,41,1.39,1
VAL-03250,Bind,Gold,41,10,4,66,67,0.99,0
VAL-03251,Split,Diamond,46,8,6,38,55,0.69,0
VAL-03252,Split,Platinum,41,11,7,82,73,1.12,1
VAL-03253,Icebox,Diamond,63,20,7,63,49,1.29,1
VAL-03254,Bind,Gold,76,11,7,56,58,0.97,1
VAL-03255,Split,Platinum,67,8,2,68,71,0.96,0
VAL-03256,Ascent,Gold,64,10,7,60,72,0.83,0
VAL-03257,Bind,Diamond,51,18,8,55,61,0.9,1
VAL-03258,Ascent,Ascendant,57,11,6,68,48,1.42,1
VAL-03259,Split,Platinum,42,9,10,64,42,1.52,1
VAL-03260,Split,Diamond,39,5,10,41,59,0.69,0
VAL-03261,Pearl,Silver,38,11,8,56,69,0.81,0
VAL-03262,Sunset,Ascendant,40,6,5,55,52,1.06,0
VAL-03263,Sunset,Silver,63,13,8,57,68,0.84,0
VAL-03264,Icebox,Gold,65,10,8,63,44,1.43,1
VAL-03265,Ascent,Silver,44,4,7,38,60,0.63,0
VAL-03266,Ascent,Ascendant,59,19,5,70,68,1.03,1
VAL-03267,Breeze,Diamond,69,21,10,54,70,0.77,1
VAL-03268,Bind,Ascendant,53,13,8,68,63,1.08,1
VAL-03269,Lotus,Diamond,46,18,6,54,56,0.96,1
VAL-03270,Sunset,Gold,50,13,7,57,53,1.08,1
VAL-03271,Split,Ascendant,72,4,4,79,43,1.84,1
VAL-03272,Icebox,Ascendant,54,11,1,50,55,0.91,1
VAL-03273,Lotus,Gold,81,9,2,55,75,0.73,0
VAL-03274,Haven,Silver,47,6,8,53,58,0.91,0
VAL-03275,Icebox,Platinum,49,12,6,76,61,1.25,1
VAL-03276,Haven,Ascendant,38,9,8,47,63,0.75,0
VAL-03277,Haven,Diamond,68,13,9,69,56,1.23,0
VAL-03278,Haven,Diamond,56,15,8,44,69,0.64,0
VAL-03279,Pearl,Ascendant,44,19,5,47,62,0.76,0
VAL-03280,Pearl,Diamond,51,12,8,52,58,0.9,1
VAL-03281,Pearl,Diamond,61,8,6,57,53,1.08,0
VAL-03282,Lotus,Platinum,45,10,6,70,68,1.03,0
VAL-03283,Icebox,Gold,59,10,10,58,62,0.94,1
VAL-03284,Icebox,Platinum,66,21,9,65,60,1.08,1
VAL-03285,Split,Gold,50,12,6,53,60,0.88,0
VAL-03286,Pearl,Diamond,33,14,5,61,65,0.94,0
VAL-03287,Split,Gold,52,16,11,70,50,1.4,1
VAL-03288,Bind,Silver,49,18,7,66,50,1.32,1
VAL-03289,Split,Silver,40,13,4,66,64,1.03,0
VAL-03290,Lotus,Platinum,62,11,6,41,68,0.6,0
VAL-03291,Sunset,Gold,63,10,2,54,45,1.2,0
VAL-03292,Haven,Gold,58,7,0,61,67,0.91,0
VAL-03293,Pearl,Silver,50,16,10,58,73,0.79,0
VAL-03294,Sunset,Gold,57,23,4,55,39,1.41,1
VAL-03295,Split,Silver,47,17,3,51,53,0.96,0
VAL-03296,Haven,Gold,63,12,5,70,60,1.17,1
VAL-03297,Icebox,Gold,50,7,6,63,84,0.75,0
VAL-03298,Ascent,Gold,52,10,5,69,57,1.21,1
VAL-03299,Haven,Gold,53,14,4,84,56,1.5,1
VAL-03300,Lotus,Gold,94,11,7,41,63,0.65,0
VAL-03301,Lotus,Diamond,43,11,6,63,51,1.24,1
VAL-03302,Split,Gold,49,14,12,58,60,0.97,1
VAL-03303,Bind,Silver,36,13,6,72,58,1.24,1
VAL-03304,Lotus,Silver,58,21,7,70,73,0.96,1
VAL-03305,Lotus,Gold,76,21,4,59,60,0.98,1
VAL-03306,Split,Silver,52,11,9,61,84,0.73,0
VAL-03307,Haven,Silver,47,16,12,70,47,1.49,1
VAL-03308,Bind,Platinum,54,6,7,67,58,1.16,0
VAL-03309,Sunset,Platinum,67,16,5,78,60,1.3,1
VAL-03310,Ascent,Gold,72,14,8,63,61,1.03,1
VAL-03311,Pearl,Diamond,42,8,8,57,46,1.24,0
VAL-03312,Icebox,Silver,63,17,13,51,63,0.81,1
VAL-03313,Lotus,Ascendant,54,8,7,62,43,1.44,1
VAL-03314,Split,Silver,72,11,6,51,49,1.04,1
VAL-03315,Pearl,Platinum,83,13,4,61,53,1.15,0
VAL-03316,Icebox,Silver,77,5,6,77,66,1.17,1
VAL-03317,Icebox,Diamond,43,13,6,70,67,1.04,0
VAL-03318,Sunset,Gold,45,8,9,46,63,0.73,0
VAL-03319,Sunset,Silver,75,10,6,42,55,0.76,0
VAL-03320,Sunset,Platinum,54,12,4,43,70,0.61,0
VAL-03321,Breeze,Silver,46,5,4,54,56,0.96,0
VAL-03322,Breeze,Diamond,39,10,6,57,50,1.14,0
VAL-03323,Icebox,Platinum,57,11,9,71,68,1.04,1
VAL-03324,Sunset,Silver,50,11,8,68,37,1.84,1
VAL-03325,Lotus,Gold,60,8,8,66,60,1.1,1
VAL-03326,Pearl,Silver,57,7,7,54,54,1.0,0
VAL-03327,Pearl,Platinum,40,8,8,54,66,0.82,0
VAL-03328,Breeze,Gold,45,4,6,53,61,0.87,0
VAL-03329,Icebox,Platinum,66,9,4,74,59,1.25,1
VAL-03330,Split,Ascendant,67,17,4,54,47,1.15,1
VAL-03331,Haven,Gold,51,6,4,45,61,0.74,1
VAL-03332,Haven,Immortal,57,16,11,58,63,0.92,1
VAL-03333,Breeze,Platinum,43,7,10,76,56,1.36,1
VAL-03334,Split,Silver,54,14,6,59,59,1.0,1
VAL-03335,Breeze,Gold,68,23,8,59,67,0.88,1
VAL-03336,Haven,Platinum,75,14,9,47,54,0.87,1
VAL-03337,Split,Gold,53,11,5,65,45,1.44,1
VAL-03338,Sunset,Silver,51,11,7,70,68,1.03,0
VAL-03339,Icebox,Silver,38,16,4,58,65,0.89,0
VAL-03340,Pearl,Diamond,48,14,4,67,67,1.0,0
VAL-03341,Bind,Platinum,54,13,9,30,54,0.56,1
VAL-03342,Icebox,Platinum,53,10,7,76,60,1.27,1
VAL-03343,Sunset,Silver,48,13,7,61,63,0.97,0
VAL-03344,Haven,Diamond,69,5,10,53,67,0.79,0
VAL-03345,Sunset,Ascendant,60,10,6,56,64,0.88,0
VAL-03346,Breeze,Silver,53,19,9,82,54,1.52,1
VAL-03347,Split,Silver,63,15,5,62,61,1.02,1
VAL-03348,Pearl,Diamond,55,11,6,64,48,1.33,1
VAL-03349,Lotus,Diamond,74,8,5,61,62,0.98,0
VAL-03350,Breeze,Platinum,45,20,5,55,78,0.71,0
VAL-03351,Icebox,Ascendant,59,10,12,45,42,1.07,1
VAL-03352,Breeze,Platinum,29,8,3,68,58,1.17,0
VAL-03353,Icebox,Silver,50,13,5,56,58,0.97,0
VAL-03354,Lotus,Platinum,57,10,1,59,62,0.95,0
VAL-03355,Ascent,Platinum,51,4,5,71,57,1.25,0
VAL-03356,Pearl,Immortal,42,6,6,68,48,1.42,0
VAL-03357,Bind,Silver,47,11,10,56,63,0.89,0
VAL-03358,Sunset,Platinum,43,7,5,65,67,0.97,0
VAL-03359,Ascent,Diamond,54,6,4,67,73,0.92,0
VAL-03360,Breeze,Gold,64,6,5,53,64,0.83,1
VAL-03361,Sunset,Gold,51,11,8,56,70,0.8,0
VAL-03362,Ascent,Diamond,77,11,9,63,51,1.24,1
VAL-03363,Split,Gold,58,15,5,68,54,1.26,1
VAL-03364,Split,Platinum,30,7,4,64,41,1.56,0
VAL-03365,Sunset,Diamond,59,11,6,64,69,0.93,0
VAL-03366,Icebox,Silver,54,9,8,56,58,0.97,0
VAL-03367,Icebox,Immortal,72,14,9,51,63,0.81,1
VAL-03368,Breeze,Platinum,55,12,4,65,68,0.96,1
VAL-03369,Ascent,Gold,52,13,5,53,70,0.76,0
VAL-03370,Ascent,Gold,80,17,1,55,55,1.0,1
VAL-03371,Sunset,Ascendant,30,13,1,42,53,0.79,1
VAL-03372,Haven,Silver,51,16,4,54,56,0.96,0
VAL-03373,Split,Gold,58,7,4,56,49,1.14,0
VAL-03374,Ascent,Gold,50,6,6,50,61,0.82,0
VAL-03375,Sunset,Gold,30,17,8,51,70,0.73,0
VAL-03376,Lotus,Gold,60,13,7,61,42,1.45,1
VAL-03377,Bind,Immortal,50,14,8,65,56,1.16,1
VAL-03378,Lotus,Diamond,53,17,10,66,47,1.4,0
VAL-03379,Pearl,Gold,70,9,8,66,52,1.27,1
VAL-03380,Breeze,Gold,59,10,6,70,55,1.27,1
VAL-03381,Ascent,Platinum,48,15,8,72,73,0.99,1
VAL-03382,Pearl,Silver,60,11,1,58,77,0.75,0
VAL-03383,Pearl,Diamond,50,10,6,55,67,0.82,0
VAL-03384,Sunset,Diamond,51,7,9,68,61,1.11,1
VAL-03385,Ascent,Diamond,64,16,7,46,61,0.75,0
VAL-03386,Bind,Gold,47,10,8,59,68,0.87,0
VAL-03387,Sunset,Gold,62,16,6,52,68,0.76,0
VAL-03388,Sunset,Silver,52,14,9,52,66,0.79,0
VAL-03389,Breeze,Gold,49,18,10,55,70,0.79,1
VAL-03390,Breeze,Gold,49,5,1,67,53,1.26,0
VAL-03391,Split,Ascendant,48,1,5,81,58,1.4,0
VAL-03392,Split,Diamond,56,19,1,68,67,1.01,0
VAL-03393,Icebox,Ascendant,52,16,0,41,55,0.75,0
VAL-03394,Haven,Diamond,71,8,9,58,82,0.71,0
VAL-03395,Ascent,Silver,44,9,9,54,67,0.81,0
VAL-03396,Ascent,Platinum,62,12,5,50,56,0.89,0
VAL-03397,Pearl,Silver,69,11,5,58,77,0.75,0
VAL-03398,Ascent,Gold,76,9,6,53,68,0.78,0
VAL-03399,Ascent,Platinum,45,9,13,52,53,0.98,1
VAL-03400,Haven,Platinum,67,10,4,67,62,1.08,0
VAL-03401,Split,Platinum,57,14,3,62,52,1.19,1
VAL-03402,Split,Silver,68,12,9,76,64,1.19,1
VAL-03403,Bind,Silver,47,10,9,48,49,0.98,0
VAL-03404,Ascent,Silver,54,9,8,46,61,0.75,0
VAL-03405,Haven,Silver,51,21,7,57,59,0.97,1
VAL-03406,Split,Silver,50,10,6,55,65,0.85,0
VAL-03407,Haven,Platinum,55,14,3,67,66,1.02,0
VAL-03408,Lotus,Diamond,85,22,13,64,66,0.97,1
VAL-03409,Ascent,Gold,63,15,13,66,62,1.06,1
VAL-03410,Bind,Platinum,51,14,6,44,50,0.88,0
VAL-03411,Pearl,Silver,51,17,11,57,62,0.92,1
VAL-03412,Split,Ascendant,62,18,8,41,57,0.72,1
VAL-03413,Lotus,Gold,53,12,2,71,76,0.93,0
VAL-03414,Haven,Diamond,53,7,2,52,67,0.78,0
VAL-03415,Breeze,Ascendant,42,11,9,60,43,1.4,1
VAL-03416,Sunset,Diamond,54,14,11,45,62,0.73,0
VAL-03417,Ascent,Silver,25,11,8,52,84,0.62,1
VAL-03418,Ascent,Platinum,34,11,8,57,51,1.12,0
VAL-03419,Lotus,Silver,51,18,4,59,66,0.89,0
VAL-03420,Haven,Silver,63,15,4,61,56,1.09,1
VAL-03421,Icebox,Silver,74,14,9,67,76,0.88,1
VAL-03422,Ascent,Ascendant,60,8,7,70,53,1.32,1
VAL-03423,Icebox,Ascendant,61,11,7,67,59,1.14,1
VAL-03424,Breeze,Silver,56,14,11,61,66,0.92,1
VAL-03425,Lotus,Gold,65,15,12,54,47,1.15,1
VAL-03426,Haven,Ascendant,58,18,9,57,58,0.98,1
VAL-03427,Haven,Gold,59,15,4,60,65,0.92,0
VAL-03428,Sunset,Gold,36,10,7,63,37,1.7,1
VAL-03429,Split,Gold,58,20,6,52,69,0.75,0
VAL-03430,Split,Diamond,55,11,7,59,49,1.2,1
VAL-03431,Pearl,Gold,50,16,3,69,48,1.44,1
VAL-03432,Bind,Diamond,51,10,11,70,73,0.96,1
VAL-03433,Lotus,Gold,39,9,6,56,54,1.04,0
VAL-03434,Breeze,Gold,61,7,12,54,42,1.29,0
VAL-03435,Haven,Gold,58,7,7,61,62,0.98,0
VAL-03436,Sunset,Silver,56,10,6,59,70,0.84,0
VAL-03437,Icebox,Gold,58,17,5,42,52,0.81,1
VAL-03438,Lotus,Silver,40,13,5,77,63,1.22,1
VAL-03439,Pearl,Diamond,76,5,8,53,60,0.88,0
VAL-03440,Lotus,Gold,66,15,7,55,49,1.12,1
VAL-03441,Pearl,Diamond,62,12,9,47,51,0.92,1
VAL-03442,Haven,Ascendant,73,18,5,70,66,1.06,1
VAL-03443,Bind,Diamond,58,10,8,53,68,0.78,0
VAL-03444,Pearl,Ascendant,52,8,11,64,61,1.05,1
VAL-03445,Haven,Platinum,58,19,11,66,31,2.13,1
VAL-03446,Haven,Silver,73,16,5,54,79,0.68,0
VAL-03447,Bind,Ascendant,44,5,6,52,77,0.68,0
VAL-03448,Split,Diamond,73,13,5,63,68,0.93,1
VAL-03449,Lotus,Diamond,39,5,4,40,50,0.8,0
VAL-03450,Ascent,Platinum,61,16,9,67,48,1.4,1
VAL-03451,Ascent,Platinum,67,8,4,57,59,0.97,0
VAL-03452,Icebox,Silver,63,7,13,53,54,0.98,1
VAL-03453,Icebox,Platinum,68,18,8,54,72,0.75,1
VAL-03454,Ascent,Silver,53,14,6,58,70,0.83,0
VAL-03455,Breeze,Gold,40,15,13,56,45,1.24,1
VAL-03456,Ascent,Platinum,68,10,3,74,72,1.03,0
VAL-03457,Icebox,Gold,77,12,5,48,58,0.83,0
VAL-03458,Sunset,Silver,53,18,3,50,53,0.94,0
VAL-03459,Icebox,Diamond,63,13,7,60,59,1.02,1
VAL-03460,Breeze,Diamond,45,21,5,71,48,1.48,1
VAL-03461,Lotus,Platinum,44,11,3,56,72,0.78,0
VAL-03462,Ascent,Gold,56,16,3,51,58,0.88,0
VAL-03463,Bind,Ascendant,46,16,8,61,71,0.86,0
VAL-03464,Sunset,Silver,56,13,9,67,71,0.94,1
VAL-03465,Haven,Platinum,91,17,3,66,54,1.22,1
VAL-03466,Breeze,Silver,47,10,6,47,61,0.77,0
VAL-03467,Icebox,Gold,59,15,6,66,53,1.25,1
VAL-03468,Bind,Platinum,34,8,5,56,73,0.77,0
VAL-03469,Pearl,Platinum,61,7,12,46,55,0.84,0
VAL-03470,Split,Silver,47,12,7,69,67,1.03,0
VAL-03471,Ascent,Gold,59,11,8,44,70,0.63,0
VAL-03472,Split,Gold,58,8,9,46,76,0.61,0
VAL-03473,Breeze,Gold,57,15,7,70,71,0.99,0
VAL-03474,Pearl,Platinum,44,18,7,45,57,0.79,0
VAL-03475,Pearl,Gold,52,11,9,54,75,0.72,0
VAL-03476,Pearl,Gold,58,16,5,51,71,0.72,0
VAL-03477,Haven,Silver,52,9,6,58,46,1.26,1
VAL-03478,Breeze,Silver,72,11,4,53,71,0.75,0
VAL-03479,Lotus,Platinum,55,12,11,50,64,0.78,0
VAL-03480,Split,Platinum,43,15,9,64,59,1.08,1
VAL-03481,Lotus,Silver,60,12,8,66,59,1.12,1
VAL-03482,Bind,Silver,26,4,12,51,60,0.85,0
VAL-03483,Sunset,Platinum,79,17,3,64,56,1.14,1
VAL-03484,Sunset,Gold,34,12,7,85,64,1.33,1
VAL-03485,Lotus,Gold,66,3,3,60,71,0.85,0
VAL-03486,Ascent,Gold,64,18,3,60,49,1.22,1
VAL-03487,Bind,Silver,41,18,10,59,41,1.44,1
VAL-03488,Breeze,Silver,62,8,12,60,60,1.0,1
VAL-03489,Icebox,Diamond,47,6,6,59,70,0.84,0
VAL-03490,Sunset,Platinum,53,17,6,42,67,0.63,0
VAL-03491,Icebox,Platinum,61,17,6,63,55,1.15,1
VAL-03492,Bind,Gold,54,14,12,53,58,0.91,1
VAL-03493,Split,Platinum,43,10,5,49,41,1.2,0
VAL-03494,Sunset,Ascendant,60,9,12,46,74,0.62,0
VAL-03495,Ascent,Platinum,53,14,7,49,55,0.89,0
VAL-03496,Ascent,Gold,54,9,6,77,61,1.26,1
VAL-03497,Pearl,Platinum,54,9,8,54,57,0.95,1
VAL-03498,Haven,Gold,39,15,13,55,51,1.08,0
VAL-03499,Bind,Platinum,42,16,7,69,54,1.28,1
VAL-03500,Sunset,Gold,48,18,6,68,55,1.24,1
VAL-03501,Haven,Diamond,60,5,9,54,54,1.0,0
VAL-03502,Bind,Platinum,44,10,6,50,67,0.75,0
VAL-03503,Lotus,Silver,69,11,4,75,67,1.12,1
VAL-03504,Breeze,Silver,57,12,7,65,58,1.12,1
VAL-03505,Breeze,Gold,59,7,10,54,61,0.89,0
VAL-03506,Pearl,Silver,51,14,8,75,75,1.0,0
VAL-03507,Pearl,Gold,36,20,3,56,44,1.27,1
VAL-03508,Breeze,Gold,61,7,9,53,75,0.71,0
VAL-03509,Split,Gold,46,13,9,49,76,0.64,0
VAL-03510,Sunset,Ascendant,37,17,7,47,68,0.69,0
VAL-03511,Breeze,Gold,45,11,10,62,64,0.97,1
VAL-03512,Split,Gold,54,9,10,27,64,0.42,0
VAL-03513,Haven,Silver,26,13,10,47,45,1.04,0
VAL-03514,Split,Gold,51,15,2,59,66,0.89,1
VAL-03515,Haven,Silver,67,7,9,72,71,1.01,1
VAL-03516,Bind,Platinum,55,16,6,66,48,1.38,1
VAL-03517,Icebox,Silver,69,11,8,72,50,1.44,1
VAL-03518,Bind,Platinum,50,9,4,59,75,0.79,0
VAL-03519,Breeze,Diamond,69,6,10,80,58,1.38,1
VAL-03520,Haven,Silver,39,9,10,43,69,0.62,0
VAL-03521,Breeze,Gold,62,10,7,52,50,1.04,1
VAL-03522,Sunset,Gold,54,7,2,68,67,1.01,0
VAL-03523,Ascent,Diamond,71,14,9,61,66,0.92,1
VAL-03524,Breeze,Gold,50,13,8,51,39,1.31,1
VAL-03525,Sunset,Platinum,42,16,1,63,68,0.93,0
VAL-03526,Split,Diamond,61,15,7,54,55,0.98,1
VAL-03527,Bind,Platinum,75,9,9,55,63,0.87,1
VAL-03528,Split,Gold,58,11,0,79,58,1.36,1
VAL-03529,Ascent,Silver,54,9,7,70,70,1.0,0
VAL-03530,Haven,Platinum,40,6,8,66,71,0.93,1
VAL-03531,Sunset,Diamond,66,14,8,66,74,0.89,1
VAL-03532,Icebox,Ascendant,54,13,6,49,73,0.67,0
VAL-03533,Breeze,Ascendant,63,10,7,50,71,0.7,0
VAL-03534,Haven,Diamond,57,15,6,66,59,1.12,1
VAL-03535,Icebox,Platinum,79,11,6,69,58,1.19,1
VAL-03536,Lotus,Diamond,48,17,8,70,55,1.27,1
VAL-03537,Breeze,Gold,49,11,13,55,53,1.04,1
VAL-03538,Split,Platinum,67,7,7,51,44,1.16,1
VAL-03539,Bind,Gold,67,18,5,64,66,0.97,1
VAL-03540,Sunset,Gold,68,13,7,45,60,0.75,0
VAL-03541,Ascent,Diamond,55,8,7,55,62,0.89,0
VAL-03542,Ascent,Gold,57,10,5,71,67,1.06,0
VAL-03543,Split,Silver,39,9,5,54,60,0.9,0
VAL-03544,Pearl,Silver,53,16,4,67,56,1.2,1
VAL-03545,Ascent,Diamond,58,4,5,39,58,0.67,0
VAL-03546,Sunset,Platinum,58,13,7,58,54,1.07,1
VAL-03547,Split,Gold,46,5,7,49,70,0.7,0
VAL-03548,Haven,Gold,42,4,10,40,47,0.85,1
VAL-03549,Ascent,Gold,68,14,1,53,64,0.83,0
VAL-03550,Split,Silver,66,7,6,59,61,0.97,0
VAL-03551,Sunset,Gold,52,15,5,56,46,1.22,1
VAL-03552,Breeze,Diamond,67,16,3,61,58,1.05,1
VAL-03553,Breeze,Gold,66,10,5,65,66,0.98,0
VAL-03554,Ascent,Gold,35,14,2,64,58,1.1,0
VAL-03555,Bind,Silver,54,18,7,59,52,1.13,1
VAL-03556,Breeze,Gold,71,8,7,63,61,1.03,1
VAL-03557,Bind,Silver,36,15,3,45,46,0.98,0
VAL-03558,Haven,Platinum,38,9,7,47,54,0.87,0
VAL-03559,Split,Gold,63,12,7,49,49,1.0,1
VAL-03560,Icebox,Diamond,71,10,4,60,62,0.97,0
VAL-03561,Sunset,Platinum,52,10,7,68,71,0.96,0
VAL-03562,Split,Gold,49,11,7,77,64,1.2,1
VAL-03563,Sunset,Gold,35,10,6,64,77,0.83,0
VAL-03564,Haven,Platinum,51,11,9,44,71,0.62,0
VAL-03565,Lotus,Silver,37,17,10,63,51,1.24,1
VAL-03566,Ascent,Platinum,51,6,10,68,58,1.17,1
VAL-03567,Sunset,Ascendant,71,14,4,55,64,0.86,0
VAL-03568,Sunset,Gold,39,8,6,57,53,1.08,0
VAL-03569,Bind,Platinum,52,8,1,69,65,1.06,0
VAL-03570,Split,Diamond,65,5,9,58,64,0.91,0
VAL-03571,Lotus,Gold,46,16,10,61,63,0.97,1
VAL-03572,Pearl,Platinum,60,11,10,56,59,0.95,1
VAL-03573,Ascent,Gold,65,8,13,71,50,1.42,1
VAL-03574,Icebox,Gold,56,13,10,45,64,0.7,1
VAL-03575,Pearl,Platinum,56,11,9,57,61,0.93,0
VAL-03576,Split,Platinum,42,16,7,55,53,1.04,1
VAL-03577,Ascent,Ascendant,50,8,13,54,61,0.89,0
VAL-03578,Sunset,Silver,57,11,8,48,56,0.86,0
VAL-03579,Icebox,Gold,32,15,13,73,65,1.12,1
VAL-03580,Bind,Gold,28,8,5,56,65,0.86,0
VAL-03581,Lotus,Silver,53,10,6,53,55,0.96,0
VAL-03582,Bind,Gold,60,7,9,68,60,1.13,1
VAL-03583,Haven,Gold,56,9,0,60,55,1.09,0
VAL-03584,Ascent,Gold,36,6,6,43,74,0.58,1
VAL-03585,Bind,Gold,68,8,11,41,57,0.72,0
VAL-03586,Pearl,Gold,56,7,6,59,63,0.94,0
VAL-03587,Bind,Immortal,67,9,7,65,78,0.83,0
VAL-03588,Breeze,Diamond,47,16,2,59,35,1.69,1
VAL-03589,Haven,Silver,58,13,6,46,66,0.7,0
VAL-03590,Split,Diamond,61,17,5,69,65,1.06,1
VAL-03591,Lotus,Platinum,67,10,9,52,54,0.96,1
VAL-03592,Haven,Diamond,66,8,9,81,46,1.76,1
VAL-03593,Breeze,Gold,45,11,5,58,56,1.04,0
VAL-03594,Ascent,Gold,54,10,4,65,57,1.14,1
VAL-03595,Pearl,Diamond,49,14,12,71,63,1.13,1
VAL-03596,Lotus,Gold,57,6,3,63,46,1.37,0
VAL-03597,Lotus,Ascendant,38,12,9,59,50,1.18,1
VAL-03598,Haven,Diamond,36,18,7,67,55,1.22,1
VAL-03599,Ascent,Immortal,84,8,10,57,80,0.71,0
VAL-03600,Sunset,Gold,78,10,8,62,56,1.11,1
VAL-03601,Breeze,Silver,69,5,5,58,52,1.12,0
VAL-03602,Sunset,Gold,61,16,4,60,68,0.88,0
VAL-03603,Pearl,Ascendant,64,12,4,68,44,1.55,1
VAL-03604,Ascent,Gold,64,10,3,48,51,0.94,0
VAL-03605,Ascent,Platinum,75,12,7,55,40,1.38,1
VAL-03606,Breeze,Gold,49,12,9,55,59,0.93,0
VAL-03607,Icebox,Gold,46,9,4,70,54,1.3,0
VAL-03608,Sunset,Silver,55,6,4,59,73,0.81,0
VAL-03609,Bind,Gold,62,13,8,51,62,0.82,0
VAL-03610,Lotus,Diamond,52,12,11,40,59,0.68,0
VAL-03611,Icebox,Silver,48,10,9,71,50,1.42,1
VAL-03612,Bind,Diamond,72,11,7,60,57,1.05,1
VAL-03613,Breeze,Platinum,45,16,4,58,69,0.84,0
VAL-03614,Lotus,Platinum,73,13,7,59,50,1.18,1
VAL-03615,Split,Platinum,67,7,10,71,69,1.03,1
VAL-03616,Bind,Gold,78,17,9,64,49,1.31,1
VAL-03617,Icebox,Gold,81,15,8,41,58,0.71,1
VAL-03618,Bind,Diamond,59,14,10,66,67,0.99,1
VAL-03619,Bind,Gold,80,9,11,42,66,0.64,0
VAL-03620,Breeze,Gold,61,15,10,67,51,1.31,1
VAL-03621,Sunset,Silver,60,13,1,55,54,1.02,0
VAL-03622,Split,Platinum,57,7,10,67,59,1.14,1
VAL-03623,Breeze,Gold,50,13,7,68,77,0.88,0
VAL-03624,Pearl,Gold,64,16,7,54,77,0.7,0
VAL-03625,Breeze,Silver,69,14,6,60,71,0.85,0
VAL-03626,Lotus,Immortal,38,5,5,62,69,0.9,0
VAL-03627,Split,Gold,86,14,0,53,46,1.15,0
VAL-03628,Ascent,Platinum,74,11,8,53,72,0.74,0
VAL-03629,Pearl,Platinum,48,4,3,65,49,1.33,0
VAL-03630,Haven,Diamond,62,15,9,73,50,1.46,1
VAL-03631,Breeze,Gold,54,15,6,48,63,0.76,0
VAL-03632,Bind,Diamond,59,12,10,65,60,1.08,1
VAL-03633,Sunset,Gold,53,8,12,58,60,0.97,0
VAL-03634,Ascent,Gold,61,18,7,67,47,1.43,1
VAL-03635,Breeze,Platinum,42,14,5,65,56,1.16,1
VAL-03636,Breeze,Diamond,81,14,5,63,47,1.34,1
VAL-03637,Icebox,Platinum,43,16,8,46,71,0.65,0
VAL-03638,Icebox,Diamond,62,17,5,79,41,1.93,1
VAL-03639,Ascent,Gold,47,13,7,59,66,0.89,0
VAL-03640,Icebox,Ascendant,53,7,4,57,56,1.02,0
VAL-03641,Bind,Silver,61,9,7,67,46,1.46,1
VAL-03642,Pearl,Platinum,56,10,12,42,66,0.64,1
VAL-03643,Haven,Gold,57,17,5,68,67,1.01,1
VAL-03644,Split,Gold,51,13,7,70,57,1.23,1
VAL-03645,Haven,Gold,47,9,8,48,74,0.65,0
VAL-03646,Haven,Gold,63,11,11,64,53,1.21,1
VAL-03647,Split,Silver,45,17,10,59,73,0.81,0
VAL-03648,Icebox,Gold,47,14,9,64,72,0.89,0
VAL-03649,Ascent,Silver,47,16,8,45,43,1.05,1
VAL-03650,Split,Platinum,51,8,13,72,83,0.87,0
VAL-03651,Lotus,Silver,38,11,9,67,62,1.08,0
VAL-03652,Pearl,Silver,38,9,8,50,65,0.77,0
VAL-03653,Sunset,Silver,62,18,11,55,47,1.17,1
VAL-03654,Icebox,Gold,62,11,9,70,78,0.9,1
VAL-03655,Split,Diamond,59,10,13,64,59,1.08,1
VAL-03656,Lotus,Ascendant,72,4,5,53,54,0.98,0
VAL-03657,Sunset,Silver,44,18,7,62,62,1.0,0
VAL-03658,Pearl,Platinum,34,18,3,56,57,0.98,0
VAL-03659,Pearl,Platinum,64,4,7,48,65,0.74,0
VAL-03660,Icebox,Gold,34,13,3,58,49,1.18,0
VAL-03661,Split,Platinum,53,16,7,65,72,0.9,1
VAL-03662,Ascent,Silver,58,14,5,53,74,0.72,0
VAL-03663,Pearl,Gold,80,10,9,65,64,1.02,1
VAL-03664,Ascent,Gold,48,8,6,69,66,1.05,0
VAL-03665,Ascent,Silver,49,17,9,67,48,1.4,1
VAL-03666,Icebox,Platinum,63,15,6,65,49,1.33,0
VAL-03667,Sunset,Gold,62,15,11,48,59,0.81,0
VAL-03668,Breeze,Gold,51,17,7,57,50,1.14,1
VAL-03669,Haven,Gold,57,21,6,62,30,2.07,1
VAL-03670,Haven,Diamond,46,11,2,59,65,0.91,0
VAL-03671,Pearl,Diamond,60,11,3,68,76,0.89,0
VAL-03672,Breeze,Platinum,36,10,9,59,65,0.91,0
VAL-03673,Sunset,Gold,90,8,3,70,60,1.17,1
VAL-03674,Breeze,Platinum,64,17,10,69,72,0.96,1
VAL-03675,Icebox,Gold,42,17,6,55,64,0.86,0
VAL-03676,Pearl,Silver,52,16,7,48,52,0.92,0
VAL-03677,Ascent,Gold,42,19,9,68,50,1.36,1
VAL-03678,Pearl,Gold,45,12,10,73,49,1.49,1
VAL-03679,Haven,Platinum,58,14,3,57,56,1.02,0
VAL-03680,Sunset,Ascendant,72,15,3,64,68,0.94,1
VAL-03681,Breeze,Diamond,54,10,6,69,64,1.08,0
VAL-03682,Sunset,Silver,32,8,11,46,74,0.62,0
VAL-03683,Icebox,Silver,48,13,7,75,58,1.29,1
VAL-03684,Pearl,Silver,48,10,10,56,53,1.06,1
VAL-03685,Split,Platinum,56,21,2,76,70,1.09,1
VAL-03686,Pearl,Platinum,53,6,5,68,55,1.24,0
VAL-03687,Ascent,Immortal,29,12,7,63,64,0.98,0
VAL-03688,Pearl,Gold,44,13,4,77,66,1.17,0
VAL-03689,Lotus,Diamond,42,9,4,63,81,0.78,0
VAL-03690,Icebox,Platinum,66,10,5,73,55,1.33,1
VAL-03691,Bind,Diamond,52,12,6,68,72,0.94,0
VAL-03692,Icebox,Platinum,31,7,4,55,58,0.95,0
VAL-03693,Breeze,Platinum,45,14,11,50,72,0.69,0
VAL-03694,Bind,Platinum,69,18,8,74,56,1.32,1
VAL-03695,Breeze,Platinum,48,10,8,61,66,0.92,0
VAL-03696,Breeze,Gold,47,15,8,67,86,0.78,0
VAL-03697,Ascent,Silver,53,19,12,65,47,1.38,1
VAL-03698,Ascent,Silver,58,16,13,65,70,0.93,1
VAL-03699,Haven,Gold,53,9,6,68,72,0.94,0
VAL-03700,Haven,Platinum,67,6,9,60,56,1.07,1
VAL-03701,Split,Silver,53,11,6,75,76,0.99,0
VAL-03702,Bind,Gold,63,12,10,72,48,1.5,1
VAL-03703,Sunset,Gold,57,4,11,56,68,0.82,0
VAL-03704,Pearl,Platinum,39,12,7,56,64,0.88,0
VAL-03705,Pearl,Gold,76,9,10,49,69,0.71,0
VAL-03706,Breeze,Silver,69,12,6,79,59,1.34,1
VAL-03707,Haven,Silver,48,11,10,57,70,0.81,0
VAL-03708,Breeze,Silver,54,11,4,65,71,0.92,0
VAL-03709,Lotus,Diamond,62,15,4,56,41,1.37,1
VAL-03710,Lotus,Gold,57,8,9,64,56,1.14,1
VAL-03711,Sunset,Platinum,56,5,10,68,61,1.11,1
VAL-03712,Ascent,Platinum,61,15,9,72,58,1.24,1
VAL-03713,Ascent,Ascendant,59,15,10,70,65,1.08,1
VAL-03714,Haven,Gold,59,14,4,46,41,1.12,1
VAL-03715,Haven,Silver,56,8,7,67,57,1.18,1
VAL-03716,Lotus,Silver,63,14,2,79,62,1.27,1
VAL-03717,Ascent,Silver,58,7,3,57,62,0.92,0
VAL-03718,Bind,Platinum,58,11,11,73,49,1.49,1
VAL-03719,Bind,Silver,71,18,6,50,80,0.62,0
VAL-03720,Haven,Silver,60,14,13,66,51,1.29,1
VAL-03721,Breeze,Diamond,59,12,8,60,62,0.97,1
VAL-03722,Ascent,Platinum,44,11,6,41,55,0.75,0
VAL-03723,Bind,Silver,45,8,6,55,69,0.8,0
VAL-03724,Ascent,Silver,69,18,10,70,74,0.95,1
VAL-03725,Icebox,Silver,62,16,7,66,64,1.03,0
VAL-03726,Pearl,Ascendant,66,15,7,59,65,0.91,1
VAL-03727,Lotus,Diamond,57,12,8,68,55,1.24,1
VAL-03728,Ascent,Diamond,60,11,3,45,53,0.85,0
VAL-03729,Pearl,Ascendant,53,9,7,58,37,1.57,1
VAL-03730,Icebox,Gold,55,18,7,51,52,0.98,1
VAL-03731,Ascent,Silver,50,5,8,42,51,0.82,0
VAL-03732,Haven,Gold,71,14,10,69,64,1.08,1
VAL-03733,Pearl,Platinum,46,6,6,65,47,1.38,0
VAL-03734,Ascent,Diamond,59,11,9,57,53,1.08,1
VAL-03735,Pearl,Gold,53,12,3,55,70,0.79,0
VAL-03736,Icebox,Gold,66,7,13,46,50,0.92,1
VAL-03737,Ascent,Ascendant,58,9,12,58,49,1.18,1
VAL-03738,Ascent,Silver,61,15,6,66,78,0.85,0
VAL-03739,Ascent,Diamond,57,18,7,54,79,0.68,0
VAL-03740,Sunset,Silver,43,13,0,72,59,1.22,0
VAL-03741,Haven,Gold,62,9,9,45,68,0.66,0
VAL-03742,Icebox,Silver,54,8,5,40,66,0.61,0
VAL-03743,Sunset,Platinum,46,9,2,61,67,0.91,0
VAL-03744,Breeze,Platinum,38,12,8,66,56,1.18,1
VAL-03745,Sunset,Gold,45,13,4,65,63,1.03,1
VAL-03746,Lotus,Diamond,64,17,4,47,62,0.76,0
VAL-03747,Lotus,Platinum,76,12,9,58,65,0.89,0
VAL-03748,Ascent,Platinum,56,9,12,63,61,1.03,1
VAL-03749,Sunset,Silver,43,7,8,68,63,1.08,0
VAL-03750,Breeze,Diamond,60,11,11,41,55,0.75,0
VAL-03751,Sunset,Silver,68,5,6,60,54,1.11,0
VAL-03752,Haven,Silver,78,10,9,63,69,0.91,1
VAL-03753,Haven,Silver,70,7,8,50,59,0.85,0
VAL-03754,Breeze,Gold,58,11,8,62,54,1.15,1
VAL-03755,Sunset,Diamond,62,14,4,52,84,0.62,0
VAL-03756,Pearl,Gold,46,14,0,67,82,0.82,0
VAL-03757,Haven,Gold,65,15,11,72,48,1.5,0
VAL-03758,Haven,Diamond,66,8,6,50,58,0.86,0
VAL-03759,Bind,Platinum,25,18,1,50,75,0.67,0
VAL-03760,Sunset,Diamond,57,15,7,72,52,1.38,1
VAL-03761,Haven,Silver,73,15,8,64,52,1.23,1
VAL-03762,Icebox,Platinum,47,17,7,65,62,1.05,1
VAL-03763,Sunset,Silver,29,13,8,48,67,0.72,0
VAL-03764,Lotus,Immortal,55,12,7,64,50,1.28,1
VAL-03765,Bind,Platinum,68,17,6,61,69,0.88,1
VAL-03766,Haven,Platinum,60,9,8,69,76,0.91,0
VAL-03767,Bind,Silver,55,11,7,67,52,1.29,1
VAL-03768,Lotus,Gold,44,17,8,58,55,1.05,1
VAL-03769,Breeze,Silver,42,11,8,53,67,0.79,0
VAL-03770,Breeze,Gold,57,10,9,68,54,1.26,1
VAL-03771,Sunset,Gold,54,8,6,65,38,1.71,1
VAL-03772,Lotus,Platinum,65,13,9,44,58,0.76,0
VAL-03773,Split,Silver,60,10,8,51,57,0.89,0
VAL-03774,Split,Diamond,46,14,11,69,50,1.38,1
VAL-03775,Sunset,Silver,58,19,8,42,70,0.6,0
VAL-03776,Ascent,Silver,56,16,10,51,58,0.88,1
VAL-03777,Bind,Diamond,35,3,0,71,71,1.0,0
VAL-03778,Bind,Platinum,50,15,4,51,39,1.31,1
VAL-03779,Breeze,Gold,56,15,10,43,36,1.19,1
VAL-03780,Split,Silver,54,11,8,53,68,0.78,0
VAL-03781,Haven,Platinum,59,17,4,53,45,1.18,0
VAL-03782,Haven,Gold,56,13,8,54,48,1.12,0
VAL-03783,Haven,Gold,59,4,10,57,49,1.16,1
VAL-03784,Breeze,Platinum,57,13,3,64,78,0.82,0
VAL-03785,Lotus,Gold,55,11,8,73,67,1.09,1
VAL-03786,Pearl,Silver,57,9,13,48,42,1.14,1
VAL-03787,Split,Ascendant,51,13,5,50,56,0.89,0
VAL-03788,Split,Diamond,50,15,4,69,59,1.17,1
VAL-03789,Bind,Silver,56,15,0,76,47,1.62,1
VAL-03790,Ascent,Gold,31,15,6,46,56,0.82,1
VAL-03791,Sunset,Silver,51,7,10,62,51,1.22,1
VAL-03792,Bind,Diamond,47,8,5,65,75,0.87,0
VAL-03793,Lotus,Platinum,45,13,13,59,58,1.02,1
VAL-03794,Sunset,Silver,51,16,13,43,44,0.98,1
VAL-03795,Split,Silver,39,13,12,76,62,1.23,0
VAL-03796,Lotus,Silver,51,4,5,36,64,0.56,0
VAL-03797,Sunset,Gold,58,14,8,37,53,0.7,0
VAL-03798,Icebox,Platinum,68,6,5,63,65,0.97,0
VAL-03799,Pearl,Silver,81,15,5,56,60,0.93,1
VAL-03800,Split,Silver,33,10,8,68,54,1.26,1
VAL-03801,Ascent,Gold,44,13,4,43,57,0.75,0
VAL-03802,Haven,Silver,51,20,1,62,59,1.05,1
VAL-03803,Icebox,Gold,57,11,3,78,30,2.6,1
VAL-03804,Haven,Platinum,59,9,8,53,58,0.91,0
VAL-03805,Pearl,Platinum,48,10,13,67,69,0.97,1
VAL-03806,Sunset,Ascendant,25,6,10,66,56,1.18,0
VAL-03807,Breeze,Ascendant,67,8,7,58,70,0.83,0
VAL-03808,Ascent,Platinum,61,16,9,77,47,1.64,1
VAL-03809,Pearl,Platinum,64,4,7,60,44,1.36,1
VAL-03810,Haven,Ascendant,52,9,10,54,45,1.2,1
VAL-03811,Icebox,Silver,59,13,9,61,62,0.98,1
VAL-03812,Split,Silver,31,10,0,36,64,0.56,1
VAL-03813,Icebox,Silver,42,17,5,41,47,0.87,0
VAL-03814,Icebox,Platinum,69,11,9,59,62,0.95,1
VAL-03815,Breeze,Diamond,55,11,9,65,57,1.14,1
VAL-03816,Breeze,Gold,77,13,6,49,57,0.86,1
VAL-03817,Lotus,Gold,43,13,1,42,55,0.76,0
VAL-03818,Lotus,Gold,86,12,8,54,62,0.87,1
VAL-03819,Sunset,Silver,87,12,2,58,38,1.53,1
VAL-03820,Lotus,Gold,47,4,5,79,40,1.98,1
VAL-03821,Bind,Silver,50,7,11,65,58,1.12,0
VAL-03822,Ascent,Silver,70,14,6,66,67,0.99,1
VAL-03823,Bind,Diamond,48,16,5,76,62,1.23,1
VAL-03824,Bind,Diamond,52,17,7,80,68,1.18,0
VAL-03825,Haven,Diamond,46,6,10,69,66,1.05,0
VAL-03826,Pearl,Platinum,47,9,6,69,36,1.92,1
VAL-03827,Bind,Diamond,56,18,11,53,50,1.06,1
VAL-03828,Ascent,Platinum,52,10,4,57,80,0.71,0
VAL-03829,Breeze,Platinum,30,14,4,53,55,0.96,0
VAL-03830,Sunset,Platinum,72,25,8,67,74,0.91,1
VAL-03831,Haven,Gold,74,16,5,65,36,1.81,0
VAL-03832,Breeze,Gold,61,11,8,73,48,1.52,1
VAL-03833,Haven,Platinum,57,11,13,70,58,1.21,1
VAL-03834,Ascent,Gold,44,14,3,56,67,0.84,1
VAL-03835,Icebox,Gold,49,4,8,64,46,1.39,1
VAL-03836,Split,Gold,68,14,10,79,60,1.32,1
VAL-03837,Pearl,Gold,62,11,5,59,59,1.0,0
VAL-03838,Breeze,Ascendant,60,12,7,61,68,0.9,0
VAL-03839,Pearl,Gold,61,12,0,58,59,0.98,0
VAL-03840,Icebox,Gold,68,18,7,62,49,1.27,1
VAL-03841,Split,Silver,66,13,4,63,60,1.05,1
VAL-03842,Pearl,Diamond,63,13,4,70,75,0.93,0
VAL-03843,Pearl,Platinum,51,15,6,55,52,1.06,1
VAL-03844,Breeze,Platinum,75,12,6,63,59,1.07,1
VAL-03845,Lotus,Diamond,49,15,3,48,50,0.96,0
VAL-03846,Split,Gold,45,12,12,48,74,0.65,0
VAL-03847,Icebox,Silver,48,17,7,70,53,1.32,1
VAL-03848,Split,Silver,41,17,8,46,70,0.66,0
VAL-03849,Ascent,Platinum,62,15,5,65,65,1.0,1
VAL-03850,Lotus,Platinum,55,3,7,51,40,1.27,0
VAL-03851,Ascent,Silver,69,13,1,47,66,0.71,1
VAL-03852,Icebox,Silver,26,4,4,64,53,1.21,0
VAL-03853,Breeze,Silver,58,14,11,83,59,1.41,1
VAL-03854,Breeze,Platinum,52,18,9,65,50,1.3,1
VAL-03855,Icebox,Silver,51,17,6,56,88,0.64,0
VAL-03856,Haven,Silver,43,11,8,53,64,0.83,0
VAL-03857,Icebox,Gold,56,11,2,51,70,0.73,0
VAL-03858,Lotus,Platinum,46,5,6,58,56,1.04,0
VAL-03859,Bind,Platinum,73,12,7,69,59,1.17,1
VAL-03860,Breeze,Gold,63,11,9,61,41,1.49,1
VAL-03861,Sunset,Platinum,67,7,5,58,63,0.92,0
VAL-03862,Lotus,Gold,34,8,7,44,47,0.94,0
VAL-03863,Lotus,Ascendant,66,7,6,47,54,0.87,0
VAL-03864,Lotus,Silver,64,21,8,49,53,0.92,1
VAL-03865,Pearl,Platinum,50,12,8,56,43,1.3,0
VAL-03866,Lotus,Gold,53,15,7,59,55,1.07,1
VAL-03867,Breeze,Silver,43,16,8,77,68,1.13,1
VAL-03868,Bind,Platinum,51,18,5,62,46,1.35,1
VAL-03869,Bind,Gold,62,18,5,56,64,0.88,0
VAL-03870,Lotus,Gold,47,16,2,68,60,1.13,0
VAL-03871,Ascent,Gold,55,6,9,70,59,1.19,1
VAL-03872,Breeze,Silver,86,16,7,61,39,1.56,0
VAL-03873,Breeze,Gold,43,10,4,58,53,1.09,0
VAL-03874,Split,Gold,59,7,5,74,77,0.96,1
VAL-03875,Haven,Platinum,43,11,12,62,53,1.17,1
VAL-03876,Haven,Diamond,37,13,6,48,65,0.74,0
VAL-03877,Ascent,Silver,65,2,8,57,54,1.06,0
VAL-03878,Haven,Platinum,50,14,5,64,46,1.39,1
VAL-03879,Split,Diamond,74,17,4,56,53,1.06,1
VAL-03880,Icebox,Silver,62,12,7,65,73,0.89,0
VAL-03881,Haven,Gold,46,8,10,45,72,0.62,0
VAL-03882,Breeze,Diamond,44,14,11,69,46,1.5,1
VAL-03883,Icebox,Platinum,64,12,11,56,53,1.06,1
VAL-03884,Haven,Silver,42,19,9,54,47,1.15,1
VAL-03885,Breeze,Gold,42,3,9,68,55,1.24,0
VAL-03886,Breeze,Gold,34,2,4,59,66,0.89,0
VAL-03887,Lotus,Immortal,62,12,7,54,62,0.87,0
VAL-03888,Bind,Silver,45,10,10,59,73,0.81,0
VAL-03889,Ascent,Immortal,59,13,11,59,84,0.7,0
VAL-03890,Split,Gold,39,14,7,55,62,0.89,0
VAL-03891,Pearl,Silver,35,18,6,63,69,0.91,0
VAL-03892,Haven,Gold,64,11,4,59,80,0.74,0
VAL-03893,Haven,Platinum,53,14,7,68,50,1.36,1
VAL-03894,Icebox,Silver,47,7,11,44,74,0.59,0
VAL-03895,Icebox,Gold,49,22,6,61,54,1.13,1
VAL-03896,Haven,Diamond,49,16,9,73,66,1.11,1
VAL-03897,Sunset,Immortal,79,16,11,55,52,1.06,1
VAL-03898,Split,Gold,58,9,6,58,75,0.77,0
VAL-03899,Haven,Silver,57,17,6,74,64,1.16,1
VAL-03900,Bind,Diamond,46,16,11,37,59,0.63,0
VAL-03901,Sunset,Platinum,64,15,8,76,60,1.27,1
VAL-03902,Split,Silver,41,12,12,65,88,0.74,0
VAL-03903,Haven,Ascendant,61,8,7,60,59,1.02,0
VAL-03904,Pearl,Silver,61,12,11,70,43,1.63,1
VAL-03905,Lotus,Platinum,67,9,4,57,55,1.04,0
VAL-03906,Bind,Gold,31,14,9,49,70,0.7,0
VAL-03907,Pearl,Platinum,69,8,6,57,79,0.72,0
VAL-03908,Icebox,Silver,59,9,3,56,67,0.84,0
VAL-03909,Icebox,Platinum,46,4,6,56,44,1.27,0
VAL-03910,Haven,Ascendant,29,14,7,63,53,1.19,0
VAL-03911,Icebox,Gold,50,14,9,61,56,1.09,1
VAL-03912,Bind,Gold,57,10,7,62,63,0.98,0
VAL-03913,Split,Silver,37,2,1,74,60,1.23,0
VAL-03914,Breeze,Diamond,45,5,6,57,69,0.83,0
VAL-03915,Ascent,Ascendant,40,12,7,74,53,1.4,1
VAL-03916,Split,Diamond,50,16,9,73,59,1.24,1
VAL-03917,Breeze,Gold,42,8,10,39,53,0.74,0
VAL-03918,Sunset,Ascendant,81,17,5,48,63,0.76,1
VAL-03919,Bind,Silver,65,19,5,47,52,0.9,1
VAL-03920,Pearl,Gold,42,14,5,76,64,1.19,1
VAL-03921,Breeze,Gold,43,16,4,60,67,0.9,0
VAL-03922,Bind,Gold,37,7,2,56,65,0.86,1
VAL-03923,Lotus,Diamond,53,5,8,47,55,0.85,1
VAL-03924,Pearl,Platinum,76,19,13,70,74,0.95,1
VAL-03925,Icebox,Silver,69,8,10,56,62,0.9,1
VAL-03926,Icebox,Gold,57,17,10,39,70,0.56,0
VAL-03927,Pearl,Gold,51,14,8,77,80,0.96,1
VAL-03928,Sunset,Platinum,62,19,3,60,77,0.78,0
VAL-03929,Sunset,Gold,58,15,6,72,56,1.29,1
VAL-03930,Sunset,Silver,60,7,9,60,72,0.83,0
VAL-03931,Breeze,Platinum,57,11,3,55,84,0.65,0
VAL-03932,Breeze,Diamond,60,15,6,60,80,0.75,0
VAL-03933,Haven,Ascendant,38,10,3,64,48,1.33,0
VAL-03934,Ascent,Ascendant,54,16,6,53,56,0.95,0
VAL-03935,Pearl,Diamond,58,12,13,42,70,0.6,1
VAL-03936,Split,Silver,50,16,12,37,72,0.51,0
VAL-03937,Ascent,Diamond,40,17,7,61,66,0.92,0
VAL-03938,Lotus,Gold,55,13,12,64,63,1.02,1
VAL-03939,Breeze,Platinum,100,11,9,58,76,0.76,1
VAL-03940,Breeze,Gold,45,10,6,50,57,0.88,1
VAL-03941,Bind,Diamond,53,7,3,55,65,0.85,0
VAL-03942,Ascent,Gold,70,19,6,61,62,0.98,1
VAL-03943,Bind,Silver,76,12,6,63,50,1.26,1
VAL-03944,Split,Platinum,48,11,6,59,65,0.91,0
VAL-03945,Bind,Silver,67,11,7,53,52,1.02,1
VAL-03946,Ascent,Ascendant,64,12,4,73,73,1.0,0
VAL-03947,Pearl,Gold,49,10,3,51,51,1.0,0
VAL-03948,Lotus,Platinum,62,10,3,50,50,1.0,0
VAL-03949,Breeze,Ascendant,53,7,8,56,58,0.97,0
VAL-03950,Split,Platinum,47,12,4,72,73,0.99,0
VAL-03951,Breeze,Gold,76,17,8,67,57,1.18,1
VAL-03952,Haven,Gold,63,9,7,59,60,0.98,0
VAL-03953,Lotus,Gold,35,14,8,49,66,0.74,0
VAL-03954,Bind,Diamond,53,14,6,51,57,0.89,0
VAL-03955,Icebox,Diamond,49,14,4,57,33,1.73,1
VAL-03956,Ascent,Ascendant,52,19,12,56,59,0.95,1
VAL-03957,Breeze,Silver,61,14,5,55,58,0.95,0
VAL-03958,Bind,Gold,59,12,13,74,56,1.32,1
VAL-03959,Split,Silver,72,13,3,91,59,1.54,1
VAL-03960,Breeze,Diamond,70,15,4,52,59,0.88,1
VAL-03961,Lotus,Silver,40,19,2,67,55,1.22,1
VAL-03962,Lotus,Silver,54,11,7,69,58,1.19,1
VAL-03963,Breeze,Platinum,32,13,9,55,66,0.83,0
VAL-03964,Split,Gold,43,24,3,52,73,0.71,1
VAL-03965,Lotus,Platinum,30,12,7,51,54,0.94,0
VAL-03966,Lotus,Gold,36,12,6,66,71,0.93,0
VAL-03967,Ascent,Gold,72,9,1,66,65,1.02,0
VAL-03968,Split,Gold,64,12,7,71,46,1.54,1
VAL-03969,Split,Diamond,62,12,10,81,65,1.25,1
VAL-03970,Pearl,Gold,69,14,11,65,63,1.03,1
VAL-03971,Pearl,Gold,62,13,2,61,66,0.92,1
VAL-03972,Lotus,Gold,54,4,10,51,54,0.94,0
VAL-03973,Icebox,Silver,48,7,9,68,47,1.45,1
VAL-03974,Pearl,Diamond,75,11,6,31,42,0.74,0
VAL-03975,Lotus,Silver,71,10,2,56,63,0.89,0
VAL-03976,Sunset,Ascendant,52,8,8,39,69,0.57,0
VAL-03977,Haven,Gold,64,5,2,57,66,0.86,0
VAL-03978,Haven,Diamond,22,18,8,68,66,1.03,0
VAL-03979,Split,Diamond,65,18,5,77,76,1.01,0
VAL-03980,Icebox,Platinum,49,15,4,36,65,0.55,0
VAL-03981,Ascent,Platinum,88,10,8,72,58,1.24,0
VAL-03982,Pearl,Gold,69,18,13,57,79,0.72,1
VAL-03983,Sunset,Platinum,31,9,11,60,55,1.09,0
VAL-03984,Lotus,Gold,46,14,7,69,53,1.3,1
VAL-03985,Icebox,Gold,56,9,8,59,73,0.81,0
VAL-03986,Split,Diamond,54,12,7,52,42,1.24,1
VAL-03987,Pearl,Silver,54,14,6,54,50,1.08,1
VAL-03988,Icebox,Diamond,67,6,12,52,53,0.98,1
VAL-03989,Pearl,Gold,49,10,8,61,49,1.24,1
VAL-03990,Ascent,Gold,54,13,9,73,61,1.2,1
VAL-03991,Ascent,Ascendant,73,7,8,69,79,0.87,0
VAL-03992,Haven,Platinum,74,8,7,61,57,1.07,1
VAL-03993,Bind,Platinum,67,13,4,53,44,1.2,1
VAL-03994,Bind,Platinum,51,10,4,63,45,1.4,1
VAL-03995,Pearl,Ascendant,47,7,8,78,65,1.2,1
VAL-03996,Bind,Silver,55,12,9,51,60,0.85,0
VAL-03997,Split,Platinum,55,14,3,68,69,0.99,0
VAL-03998,Bind,Gold,55,21,5,64,63,1.02,1
VAL-03999,Breeze,Silver,62,12,5,53,53,1.0,1
VAL-04000,Lotus,Silver,59,12,4,62,50,1.24,1
VAL-04001,Split,Gold,59,11,1,56,51,1.1,0
VAL-04002,Icebox,Platinum,49,17,3,51,61,0.84,0
VAL-04003,Split,Diamond,41,13,7,50,44,1.14,1
VAL-04004,Haven,Diamond,63,15,9,53,46,1.15,1
VAL-04005,Icebox,Platinum,56,13,5,48,59,0.81,0
VAL-04006,Sunset,Silver,60,16,8,80,56,1.43,1
VAL-04007,Lotus,Gold,60,14,7,50,65,0.77,0
VAL-04008,Lotus,Gold,31,6,9,76,58,1.31,0
VAL-04009,Lotus,Platinum,76,11,12,64,56,1.14,1
VAL-04010,Lotus,Silver,48,11,4,43,64,0.67,0
VAL-04011,Pearl,Gold,71,14,6,52,61,0.85,1
VAL-04012,Lotus,Ascendant,60,13,3,63,62,1.02,0
VAL-04013,Lotus,Platinum,42,17,12,53,32,1.66,1
VAL-04014,Lotus,Diamond,47,14,6,62,56,1.11,1
VAL-04015,Pearl,Platinum,47,14,8,41,58,0.71,0
VAL-04016,Ascent,Silver,47,8,9,61,65,0.94,0
VAL-04017,Split,Silver,34,13,11,59,75,0.79,0
VAL-04018,Split,Diamond,45,11,3,79,50,1.58,1
VAL-04019,Icebox,Platinum,67,4,10,53,52,1.02,1
VAL-04020,Breeze,Platinum,68,7,1,67,71,0.94,0
VAL-04021,Split,Silver,47,15,4,73,58,1.26,1
VAL-04022,Bind,Platinum,33,15,6,71,63,1.13,1
VAL-04023,Breeze,Silver,63,10,7,71,49,1.45,1
VAL-04024,Lotus,Silver,42,10,12,59,54,1.09,1
VAL-04025,Lotus,Gold,43,7,7,64,58,1.1,0
VAL-04026,Pearl,Gold,52,16,7,54,78,0.69,0
VAL-04027,Breeze,Silver,50,9,8,66,68,0.97,0
VAL-04028,Bind,Silver,46,10,10,49,55,0.89,0
VAL-04029,Pearl,Platinum,47,16,5,52,58,0.9,1
VAL-04030,Icebox,Platinum,49,16,2,80,60,1.33,1
VAL-04031,Breeze,Gold,46,11,7,69,56,1.23,1
VAL-04032,Lotus,Gold,47,12,7,44,60,0.73,0
VAL-04033,Lotus,Ascendant,51,14,6,64,79,0.81,0
VAL-04034,Haven,Silver,59,10,12,50,71,0.7,0
VAL-04035,Pearl,Silver,58,12,10,67,59,1.14,1
VAL-04036,Ascent,Platinum,48,11,1,64,73,0.88,0
VAL-04037,Ascent,Silver,51,15,5,62,49,1.27,1
VAL-04038,Pearl,Platinum,71,18,8,54,69,0.78,1
VAL-04039,Sunset,Platinum,67,17,8,75,47,1.6,1
VAL-04040,Pearl,Ascendant,62,16,10,53,41,1.29,1
VAL-04041,Icebox,Diamond,34,8,12,62,61,1.02,0
VAL-04042,Lotus,Ascendant,56,17,8,58,61,0.95,1
VAL-04043,Bind,Silver,47,9,9,46,67,0.69,0
VAL-04044,Sunset,Diamond,44,5,3,57,67,0.85,0
VAL-04045,Breeze,Silver,51,9,5,43,75,0.57,0
VAL-04046,Sunset,Platinum,68,12,5,66,60,1.1,1
VAL-04047,Bind,Platinum,66,4,3,54,60,0.9,0
VAL-04048,Haven,Silver,48,15,9,57,72,0.79,0
VAL-04049,Lotus,Platinum,56,15,7,66,48,1.38,1
VAL-04050,Ascent,Silver,50,10,13,54,59,0.92,1
VAL-04051,Pearl,Gold,52,7,9,38,53,0.72,0
VAL-04052,Pearl,Ascendant,67,16,8,64,50,1.28,1
VAL-04053,Ascent,Silver,54,8,12,53,65,0.82,0
VAL-04054,Sunset,Silver,34,6,5,57,51,1.12,0
VAL-04055,Lotus,Gold,57,12,2,66,55,1.2,0
VAL-04056,Split,Diamond,77,12,10,50,60,0.83,1
VAL-04057,Icebox,Silver,47,13,8,63,63,1.0,1
VAL-04058,Bind,Gold,74,15,7,60,73,0.82,0
VAL-04059,Sunset,Diamond,62,16,6,60,69,0.87,0
VAL-04060,Breeze,Silver,69,7,5,57,68,0.84,0
VAL-04061,Haven,Gold,66,4,7,62,51,1.22,1
VAL-04062,Pearl,Diamond,57,14,8,66,79,0.84,0
VAL-04063,Sunset,Gold,48,12,9,43,57,0.75,0
VAL-04064,Haven,Diamond,57,10,3,68,52,1.31,1
VAL-04065,Bind,Silver,58,11,10,57,53,1.08,1
VAL-04066,Pearl,Ascendant,67,9,6,43,39,1.1,1
VAL-04067,Pearl,Ascendant,28,19,7,58,65,0.89,0
VAL-04068,Split,Silver,38,4,5,50,42,1.19,0
VAL-04069,Sunset,Silver,58,14,8,71,46,1.54,0
VAL-04070,Lotus,Immortal,59,7,13,46,78,0.59,0
VAL-04071,Ascent,Gold,45,9,9,62,75,0.83,0
VAL-04072,Ascent,Platinum,59,10,6,62,48,1.29,1
VAL-04073,Icebox,Platinum,63,8,2,64,50,1.28,0
VAL-04074,Breeze,Diamond,53,11,5,67,68,0.99,0
VAL-04075,Haven,Diamond,72,1,5,55,44,1.25,0
VAL-04076,Sunset,Silver,74,6,8,48,55,0.87,0
VAL-04077,Breeze,Silver,56,5,5,39,57,0.68,0
VAL-04078,Split,Diamond,65,7,5,62,46,1.35,1
VAL-04079,Pearl,Diamond,35,9,6,55,49,1.12,0
VAL-04080,Lotus,Platinum,68,12,7,72,41,1.76,1
VAL-04081,Sunset,Immortal,73,9,6,66,64,1.03,1
VAL-04082,Breeze,Platinum,43,9,6,74,54,1.37,1
VAL-04083,Breeze,Silver,62,10,3,45,39,1.15,0
VAL-04084,Lotus,Diamond,33,9,8,50,68,0.74,0
VAL-04085,Icebox,Gold,46,11,4,64,68,0.94,0
VAL-04086,Haven,Silver,49,11,10,73,63,1.16,1
VAL-04087,Haven,Gold,37,9,10,84,74,1.14,1
VAL-04088,Breeze,Diamond,52,6,3,64,70,0.91,1
VAL-04089,Bind,Ascendant,51,12,12,60,65,0.92,1
VAL-04090,Breeze,Gold,62,15,10,69,52,1.33,1
VAL-04091,Breeze,Silver,37,8,7,54,70,0.77,0
VAL-04092,Lotus,Platinum,62,12,4,52,58,0.9,0
VAL-04093,Pearl,Diamond,46,10,0,66,50,1.32,0
VAL-04094,Lotus,Platinum,40,14,7,67,62,1.08,1
VAL-04095,Sunset,Platinum,53,9,7,60,61,0.98,0
VAL-04096,Breeze,Platinum,64,11,10,52,63,0.83,0
VAL-04097,Haven,Silver,49,12,1,70,62,1.13,0
VAL-04098,Haven,Gold,61,13,10,47,51,0.92,1
VAL-04099,Ascent,Gold,58,8,10,61,51,1.2,1
VAL-04100,Icebox,Diamond,93,13,8,64,68,0.94,1
VAL-04101,Split,Silver,51,10,3,54,59,0.92,0
VAL-04102,Sunset,Platinum,53,14,6,75,44,1.7,1
VAL-04103,Sunset,Gold,68,10,4,59,51,1.16,1
VAL-04104,Icebox,Gold,54,17,3,55,44,1.25,1
VAL-04105,Split,Gold,58,6,3,39,64,0.61,0
VAL-04106,Pearl,Gold,34,14,8,92,64,1.44,1
VAL-04107,Breeze,Gold,54,13,5,59,47,1.26,0
VAL-04108,Split,Diamond,47,14,6,44,50,0.88,1
VAL-04109,Bind,Gold,49,16,9,50,63,0.79,0
VAL-04110,Ascent,Platinum,58,5,7,71,54,1.31,1
VAL-04111,Split,Gold,54,21,6,50,47,1.06,1
VAL-04112,Split,Gold,64,14,7,64,67,0.96,1
VAL-04113,Ascent,Gold,66,20,12,66,58,1.14,1
VAL-04114,Breeze,Ascendant,53,19,11,57,37,1.54,1
VAL-04115,Split,Gold,59,14,0,53,58,0.91,0
VAL-04116,Ascent,Silver,31,13,6,62,82,0.76,0
VAL-04117,Ascent,Ascendant,59,15,7,66,64,1.03,1
VAL-04118,Ascent,Silver,68,3,13,44,61,0.72,0
VAL-04119,Lotus,Diamond,44,12,6,38,63,0.6,0
VAL-04120,Lotus,Silver,64,16,6,71,54,1.31,1
VAL-04121,Bind,Platinum,50,18,6,66,53,1.25,1
VAL-04122,Pearl,Silver,48,11,7,63,43,1.47,1
VAL-04123,Lotus,Ascendant,72,13,8,52,48,1.08,1
VAL-04124,Lotus,Platinum,55,14,8,71,72,0.99,1
VAL-04125,Pearl,Gold,65,12,6,71,57,1.25,0
VAL-04126,Icebox,Silver,32,8,13,61,70,0.87,0
VAL-04127,Ascent,Gold,48,9,7,57,38,1.5,1
VAL-04128,Sunset,Platinum,64,8,10,64,58,1.1,1
VAL-04129,Pearl,Gold,56,6,7,63,81,0.78,0
VAL-04130,Bind,Silver,53,11,6,54,59,0.92,0
VAL-04131,Breeze,Platinum,62,21,8,44,64,0.69,0
VAL-04132,Bind,Gold,45,13,0,62,51,1.22,0
VAL-04133,Ascent,Silver,70,11,7,58,56,1.04,1
VAL-04134,Pearl,Silver,52,13,0,67,57,1.18,0
VAL-04135,Bind,Platinum,45,9,3,77,56,1.38,1
VAL-04136,Bind,Ascendant,46,5,5,47,53,0.89,0
VAL-04137,Icebox,Silver,54,9,7,65,63,1.03,0
VAL-04138,Icebox,Diamond,50,7,8,46,40,1.15,0
VAL-04139,Pearl,Silver,61,5,2,74,79,0.94,0
VAL-04140,Ascent,Gold,54,10,6,50,56,0.89,0
VAL-04141,Lotus,Gold,51,14,6,53,49,1.08,1
VAL-04142,Haven,Gold,59,14,13,54,55,0.98,1
VAL-04143,Split,Gold,49,13,7,63,49,1.29,1
VAL-04144,Sunset,Diamond,61,19,3,63,50,1.26,1
VAL-04145,Split,Ascendant,59,10,10,66,58,1.14,1
VAL-04146,Icebox,Silver,58,14,6,72,69,1.04,1
VAL-04147,Pearl,Gold,51,10,9,57,72,0.79,0
VAL-04148,Split,Ascendant,47,18,10,53,65,0.82,1
VAL-04149,Ascent,Gold,65,9,4,51,51,1.0,0
VAL-04150,Sunset,Platinum,62,15,6,61,59,1.03,1
VAL-04151,Split,Gold,43,13,6,60,50,1.2,1
VAL-04152,Sunset,Gold,50,17,10,46,61,0.75,0
VAL-04153,Breeze,Silver,71,12,12,67,65,1.03,1
VAL-04154,Ascent,Diamond,67,11,12,56,71,0.79,1
VAL-04155,Haven,Diamond,41,11,6,75,62,1.21,1
VAL-04156,Bind,Gold,55,11,12,58,56,1.04,1
VAL-04157,Sunset,Diamond,60,5,8,49,63,0.78,0
VAL-04158,Ascent,Gold,67,10,6,63,55,1.15,1
VAL-04159,Sunset,Silver,57,10,5,70,57,1.23,1
VAL-04160,Sunset,Diamond,61,7,8,64,68,0.94,0
VAL-04161,Lotus,Platinum,66,10,12,73,64,1.14,1
VAL-04162,Lotus,Gold,68,8,11,52,58,0.9,1
VAL-04163,Ascent,Gold,53,10,5,66,58,1.14,0
VAL-04164,Lotus,Ascendant,56,14,8,72,54,1.33,1
VAL-04165,Haven,Diamond,46,15,4,64,73,0.88,0
VAL-04166,Pearl,Diamond,52,18,8,71,71,1.0,1
VAL-04167,Ascent,Silver,50,13,8,61,72,0.85,0
VAL-04168,Ascent,Diamond,53,6,8,72,58,1.24,1
VAL-04169,Icebox,Silver,54,11,10,67,63,1.06,1
VAL-04170,Icebox,Ascendant,65,9,5,57,64,0.89,0
VAL-04171,Lotus,Silver,59,8,11,56,65,0.86,0
VAL-04172,Pearl,Gold,40,16,6,66,50,1.32,0
VAL-04173,Lotus,Gold,62,14,4,56,79,0.71,0
VAL-04174,Breeze,Diamond,48,12,10,62,36,1.72,1
VAL-04175,Breeze,Diamond,42,6,8,60,48,1.25,1
VAL-04176,Bind,Gold,41,12,10,51,44,1.16,1
VAL-04177,Breeze,Platinum,57,21,7,59,58,1.02,1
VAL-04178,Icebox,Diamond,68,9,0,55,62,0.89,0
VAL-04179,Haven,Silver,52,11,4,63,60,1.05,1
VAL-04180,Breeze,Diamond,66,18,7,62,42,1.48,1
VAL-04181,Lotus,Ascendant,56,10,7,57,67,0.85,0
VAL-04182,Sunset,Silver,29,10,12,59,57,1.04,0
VAL-04183,Ascent,Silver,62,11,5,46,61,0.75,0
VAL-04184,Haven,Gold,48,13,10,68,83,0.82,0
VAL-04185,Haven,Silver,45,8,9,55,57,0.96,0
VAL-04186,Lotus,Gold,62,16,0,70,61,1.15,1
VAL-04187,Ascent,Platinum,57,10,7,41,52,0.79,0
VAL-04188,Icebox,Platinum,54,13,7,68,72,0.94,0
VAL-04189,Haven,Silver,56,10,11,57,71,0.8,0
VAL-04190,Bind,Platinum,45,7,2,74,64,1.16,0
VAL-04191,Lotus,Platinum,76,3,9,72,57,1.26,1
VAL-04192,Haven,Ascendant,57,13,8,83,59,1.41,1
VAL-04193,Pearl,Silver,57,5,11,70,81,0.86,0
VAL-04194,Ascent,Platinum,54,15,5,52,66,0.79,0
VAL-04195,Breeze,Ascendant,36,13,9,70,48,1.46,1
VAL-04196,Haven,Gold,47,20,4,62,63,0.98,1
VAL-04197,Lotus,Gold,40,10,13,53,60,0.88,0
VAL-04198,Breeze,Silver,39,19,6,69,61,1.13,1
VAL-04199,Bind,Diamond,37,11,3,61,58,1.05,0
VAL-04200,Breeze,Gold,47,16,4,86,63,1.37,1
VAL-04201,Pearl,Ascendant,55,14,10,64,60,1.07,1
VAL-04202,Icebox,Diamond,38,5,7,58,57,1.02,1
VAL-04203,Haven,Gold,63,25,10,39,63,0.62,1
VAL-04204,Split,Platinum,59,18,12,40,61,0.66,1
VAL-04205,Split,Silver,52,14,10,56,76,0.74,0
VAL-04206,Breeze,Gold,81,17,10,67,58,1.16,1
VAL-04207,Ascent,Platinum,52,13,4,71,47,1.51,1
VAL-04208,Split,Platinum,65,16,5,70,67,1.04,1
VAL-04209,Split,Gold,58,13,3,41,69,0.59,0
VAL-04210,Ascent,Diamond,72,8,7,53,43,1.23,1
VAL-04211,Sunset,Silver,68,12,13,51,62,0.82,1
VAL-04212,Split,Gold,51,10,6,69,57,1.21,1
VAL-04213,Pearl,Gold,52,15,12,57,65,0.88,1
VAL-04214,Haven,Gold,39,8,2,72,65,1.11,0
VAL-04215,Haven,Ascendant,56,13,6,60,65,0.92,0
VAL-04216,Lotus,Platinum,63,6,4,57,68,0.84,0
VAL-04217,Lotus,Gold,54,15,8,58,66,0.88,0
VAL-04218,Ascent,Gold,72,7,8,46,75,0.61,0
VAL-04219,Bind,Silver,57,14,2,55,59,0.93,0
VAL-04220,Lotus,Gold,70,12,5,65,59,1.1,1
VAL-04221,Ascent,Platinum,53,16,10,59,55,1.07,1
VAL-04222,Lotus,Ascendant,41,11,10,45,55,0.82,0
VAL-04223,Lotus,Diamond,48,15,4,33,59,0.56,0
VAL-04224,Bind,Gold,55,13,5,46,70,0.66,1
VAL-04225,Split,Gold,46,14,7,49,59,0.83,0
VAL-04226,Breeze,Silver,35,5,4,69,62,1.11,1
VAL-04227,Sunset,Silver,31,9,8,48,74,0.65,1
VAL-04228,Lotus,Gold,67,11,6,55,70,0.79,0
VAL-04229,Lotus,Gold,60,17,10,48,51,0.94,1
VAL-04230,Pearl,Gold,58,13,6,64,46,1.39,1
VAL-04231,Sunset,Platinum,57,5,10,67,39,1.72,1
VAL-04232,Bind,Platinum,48,14,5,66,69,0.96,0
VAL-04233,Haven,Gold,65,8,6,59,29,2.03,1
VAL-04234,Lotus,Diamond,34,9,7,62,54,1.15,0
VAL-04235,Breeze,Silver,30,12,2,69,54,1.28,0
VAL-04236,Sunset,Gold,53,13,7,56,62,0.9,0
VAL-04237,Split,Diamond,57,9,10,58,56,1.04,1
VAL-04238,Lotus,Gold,44,5,4,70,43,1.63,1
VAL-04239,Haven,Ascendant,36,11,10,59,65,0.91,1
VAL-04240,Haven,Silver,62,11,7,61,66,0.92,0
VAL-04241,Lotus,Platinum,50,18,8,73,58,1.26,1
VAL-04242,Icebox,Platinum,63,12,8,56,48,1.17,1
VAL-04243,Haven,Platinum,71,17,6,68,64,1.06,1
VAL-04244,Ascent,Diamond,36,20,8,67,59,1.14,1
VAL-04245,Haven,Platinum,58,8,6,62,59,1.05,0
VAL-04246,Sunset,Diamond,58,18,5,61,61,1.0,1
VAL-04247,Icebox,Gold,64,16,11,45,44,1.02,1
VAL-04248,Bind,Gold,49,3,3,79,39,2.03,1
VAL-04249,Pearl,Platinum,56,11,6,58,55,1.05,0
VAL-04250,Bind,Platinum,64,15,9,66,72,0.92,1
VAL-04251,Split,Ascendant,60,13,4,70,49,1.43,0
VAL-04252,Pearl,Silver,74,19,6,64,72,0.89,1
VAL-04253,Split,Gold,45,14,3,73,66,1.11,0
VAL-04254,Pearl,Platinum,57,6,6,69,84,0.82,0
VAL-04255,Pearl,Diamond,54,15,3,42,63,0.67,0
VAL-04256,Ascent,Ascendant,53,7,5,60,54,1.11,0
VAL-04257,Breeze,Gold,62,10,7,39,48,0.81,1
VAL-04258,Sunset,Silver,56,16,7,57,65,0.88,0
VAL-04259,Bind,Gold,42,16,10,51,56,0.91,1
VAL-04260,Haven,Gold,66,12,9,51,53,0.96,1
VAL-04261,Icebox,Immortal,62,9,6,62,55,1.13,1
VAL-04262,Sunset,Gold,73,11,10,67,53,1.26,1
VAL-04263,Split,Gold,64,12,7,44,52,0.85,0
VAL-04264,Ascent,Gold,52,10,5,82,54,1.52,1
VAL-04265,Split,Gold,53,17,3,65,80,0.81,0
VAL-04266,Breeze,Diamond,67,10,11,59,54,1.09,1
VAL-04267,Icebox,Silver,46,11,11,59,63,0.94,0
VAL-04268,Ascent,Gold,44,11,6,43,57,0.75,0
VAL-04269,Split,Ascendant,58,15,7,53,48,1.1,1
VAL-04270,Breeze,Silver,37,13,6,49,65,0.75,0
VAL-04271,Split,Platinum,59,13,1,53,64,0.83,0
VAL-04272,Sunset,Gold,61,8,7,66,57,1.16,1
VAL-04273,Icebox,Platinum,52,13,1,52,67,0.78,0
VAL-04274,Lotus,Silver,72,15,3,64,58,1.1,1
VAL-04275,Sunset,Gold,69,11,7,66,61,1.08,1
VAL-04276,Icebox,Gold,46,13,9,62,69,0.9,0
VAL-04277,Breeze,Silver,63,16,2,80,56,1.43,1
VAL-04278,Ascent,Gold,67,9,7,63,75,0.84,0
VAL-04279,Pearl,Silver,56,9,7,74,52,1.42,0
VAL-04280,Split,Platinum,50,12,7,79,68,1.16,1
VAL-04281,Bind,Ascendant,42,15,8,59,61,0.97,0
VAL-04282,Icebox,Silver,48,0,9,90,62,1.45,1
VAL-04283,Haven,Silver,42,11,7,73,68,1.07,0
VAL-04284,Breeze,Diamond,66,9,12,50,66,0.76,0
VAL-04285,Lotus,Platinum,52,13,6,73,49,1.49,1
VAL-04286,Pearl,Silver,61,12,4,53,55,0.96,0
VAL-04287,Haven,Gold,70,17,12,65,57,1.14,1
VAL-04288,Lotus,Silver,58,15,13,71,59,1.2,1
VAL-04289,Bind,Silver,69,11,9,69,67,1.03,1
VAL-04290,Sunset,Ascendant,51,8,0,54,45,1.2,0
VAL-04291,Split,Diamond,60,13,8,52,66,0.79,0
VAL-04292,Ascent,Platinum,57,11,5,49,63,0.78,0
VAL-04293,Lotus,Silver,47,11,11,76,70,1.09,1
VAL-04294,Pearl,Silver,51,7,7,69,48,1.44,1
VAL-04295,Icebox,Diamond,72,13,5,72,61,1.18,1
VAL-04296,Icebox,Silver,51,10,8,42,63,0.67,0
VAL-04297,Pearl,Gold,35,10,11,68,44,1.55,1
VAL-04298,Icebox,Gold,51,0,5,53,55,0.96,0
VAL-04299,Lotus,Platinum,46,12,9,49,50,0.98,0
VAL-04300,Breeze,Gold,60,8,1,47,54,0.87,0
VAL-04301,Icebox,Gold,62,14,7,61,71,0.86,0
VAL-04302,Sunset,Diamond,59,12,3,58,70,0.83,0
VAL-04303,Bind,Platinum,50,6,4,65,58,1.12,0
VAL-04304,Ascent,Silver,56,12,11,61,75,0.81,0
VAL-04305,Lotus,Platinum,51,13,6,67,58,1.16,1
VAL-04306,Haven,Silver,38,20,5,58,49,1.18,1
VAL-04307,Pearl,Gold,54,14,11,52,66,0.79,0
VAL-04308,Lotus,Platinum,87,7,9,70,64,1.09,0
VAL-04309,Breeze,Gold,43,20,1,66,59,1.12,1
VAL-04310,Sunset,Gold,33,11,7,60,58,1.03,0
VAL-04311,Pearl,Platinum,72,11,7,60,59,1.02,1
VAL-04312,Icebox,Ascendant,60,20,9,56,65,0.86,1
VAL-04313,Lotus,Gold,59,9,6,66,65,1.02,0
VAL-04314,Bind,Silver,51,11,13,66,67,0.99,1
VAL-04315,Pearl,Gold,58,5,8,50,58,0.86,0
VAL-04316,Split,Gold,56,12,2,76,58,1.31,1
VAL-04317,Sunset,Gold,71,11,6,58,60,0.97,1
VAL-04318,Ascent,Gold,66,10,10,56,52,1.08,1
VAL-04319,Pearl,Platinum,62,13,6,72,49,1.47,1
VAL-04320,Breeze,Silver,47,9,7,67,72,0.93,0
VAL-04321,Lotus,Gold,58,18,7,65,60,1.08,1
VAL-04322,Icebox,Gold,48,12,0,66,51,1.29,0
VAL-04323,Ascent,Gold,70,9,6,72,54,1.33,0
VAL-04324,Ascent,Immortal,46,6,6,49,55,0.89,0
VAL-04325,Sunset,Gold,53,12,12,54,65,0.83,1
VAL-04326,Breeze,Diamond,42,16,11,76,74,1.03,1
VAL-04327,Icebox,Diamond,49,13,3,53,56,0.95,0
VAL-04328,Ascent,Diamond,49,20,3,49,41,1.2,1
VAL-04329,Breeze,Silver,53,20,9,64,63,1.02,1
VAL-04330,Breeze,Ascendant,44,7,7,56,45,1.24,0
VAL-04331,Haven,Silver,70,6,8,66,56,1.18,1
VAL-04332,Lotus,Silver,53,9,4,58,75,0.77,0
VAL-04333,Ascent,Gold,49,15,7,56,46,1.22,1
VAL-04334,Ascent,Silver,64,14,5,50,53,0.94,1
VAL-04335,Breeze,Silver,81,16,4,65,49,1.33,1
VAL-04336,Ascent,Gold,50,8,6,58,46,1.26,0
VAL-04337,Breeze,Silver,52,5,6,62,54,1.15,0
VAL-04338,Ascent,Platinum,46,10,3,52,57,0.91,0
VAL-04339,Breeze,Silver,63,14,6,64,72,0.89,0
VAL-04340,Haven,Gold,66,13,5,60,55,1.09,1
VAL-04341,Lotus,Immortal,54,17,6,59,65,0.91,1
VAL-04342,Breeze,Gold,50,9,6,65,77,0.84,0
VAL-04343,Ascent,Platinum,61,16,12,39,80,0.49,0
VAL-04344,Icebox,Ascendant,64,10,8,49,54,0.91,0
VAL-04345,Lotus,Silver,74,15,6,58,76,0.76,0
VAL-04346,Haven,Gold,48,15,10,61,66,0.92,1
VAL-04347,Breeze,Diamond,65,18,1,64,72,0.89,0
VAL-04348,Icebox,Ascendant,56,7,9,53,49,1.08,1
VAL-04349,Breeze,Platinum,34,18,8,63,56,1.12,1
VAL-04350,Ascent,Silver,73,14,8,56,64,0.88,1
VAL-04351,Pearl,Ascendant,59,12,5,52,45,1.16,1
VAL-04352,Sunset,Silver,62,11,10,66,53,1.25,1
VAL-04353,Bind,Gold,66,12,8,68,48,1.42,0
VAL-04354,Icebox,Gold,62,12,10,67,56,1.2,1
VAL-04355,Split,Gold,43,6,4,62,58,1.07,0
VAL-04356,Breeze,Diamond,63,13,10,63,88,0.72,0
VAL-04357,Breeze,Diamond,61,13,5,63,63,1.0,0
VAL-04358,Bind,Platinum,35,9,3,69,46,1.5,0
VAL-04359,Bind,Silver,75,12,12,75,62,1.21,1
VAL-04360,Split,Platinum,50,16,9,71,35,2.03,1
VAL-04361,Ascent,Platinum,67,10,13,46,68,0.68,1
VAL-04362,Sunset,Gold,51,7,7,55,69,0.8,0
VAL-04363,Pearl,Ascendant,49,9,10,77,46,1.67,1
VAL-04364,Pearl,Diamond,54,4,11,44,64,0.69,0
VAL-04365,Haven,Platinum,80,19,6,56,57,0.98,1
VAL-04366,Haven,Silver,79,9,2,79,52,1.52,1
VAL-04367,Ascent,Platinum,49,17,8,48,75,0.64,0
VAL-04368,Haven,Ascendant,70,7,8,52,55,0.95,0
VAL-04369,Haven,Gold,55,10,8,59,63,0.94,1
VAL-04370,Split,Diamond,79,12,7,47,57,0.82,1
VAL-04371,Split,Gold,69,15,5,68,74,0.92,1
VAL-04372,Haven,Platinum,58,12,5,65,57,1.14,1
VAL-04373,Lotus,Platinum,56,6,9,71,53,1.34,1
VAL-04374,Lotus,Platinum,62,12,0,44,60,0.73,0
VAL-04375,Ascent,Diamond,61,17,2,65,47,1.38,1
VAL-04376,Pearl,Silver,42,13,1,60,79,0.76,0
VAL-04377,Bind,Gold,57,21,1,44,75,0.59,0
VAL-04378,Ascent,Platinum,47,13,7,80,58,1.38,1
VAL-04379,Haven,Silver,49,16,9,50,52,0.96,1
VAL-04380,Split,Gold,68,14,9,64,55,1.16,0
VAL-04381,Breeze,Silver,57,9,3,57,49,1.16,0
VAL-04382,Icebox,Silver,50,12,2,66,54,1.22,0
VAL-04383,Split,Platinum,40,16,7,55,54,1.02,1
VAL-04384,Lotus,Platinum,46,11,9,69,48,1.44,0
VAL-04385,Split,Silver,54,14,9,75,71,1.06,1
VAL-04386,Bind,Silver,75,10,3,61,59,1.03,0
VAL-04387,Haven,Silver,42,16,9,44,65,0.68,0
VAL-04388,Breeze,Gold,59,12,8,48,57,0.84,0
VAL-04389,Lotus,Silver,60,15,4,78,49,1.59,1
VAL-04390,Lotus,Gold,70,17,5,66,55,1.2,1
VAL-04391,Sunset,Platinum,56,15,4,58,54,1.07,1
VAL-04392,Pearl,Platinum,60,11,5,71,70,1.01,0
VAL-04393,Bind,Gold,69,11,10,57,73,0.78,0
VAL-04394,Lotus,Platinum,46,4,9,69,47,1.47,1
VAL-04395,Pearl,Ascendant,64,14,4,41,59,0.69,0
VAL-04396,Lotus,Gold,38,16,6,56,60,0.93,0
VAL-04397,Haven,Gold,56,7,9,52,54,0.96,0
VAL-04398,Pearl,Platinum,52,11,1,46,56,0.82,0
VAL-04399,Sunset,Silver,46,11,9,53,60,0.88,0
VAL-04400,Haven,Platinum,67,14,13,58,48,1.21,1
VAL-04401,Breeze,Diamond,67,13,8,54,62,0.87,1
VAL-04402,Bind,Gold,68,8,6,65,64,1.02,0
VAL-04403,Bind,Platinum,60,18,2,61,48,1.27,1
VAL-04404,Icebox,Platinum,40,5,0,55,74,0.74,0
VAL-04405,Icebox,Silver,51,10,5,72,59,1.22,0
VAL-04406,Pearl,Silver,67,7,8,68,74,0.92,0
VAL-04407,Bind,Diamond,67,13,7,64,62,1.03,1
VAL-04408,Pearl,Ascendant,69,14,11,48,60,0.8,0
VAL-04409,Icebox,Diamond,59,12,8,63,70,0.9,0
VAL-04410,Breeze,Ascendant,53,7,5,66,63,1.05,0
VAL-04411,Lotus,Gold,31,8,11,68,48,1.42,1
VAL-04412,Split,Silver,65,16,9,56,61,0.92,1
VAL-04413,Pearl,Gold,54,12,2,72,65,1.11,0
VAL-04414,Breeze,Silver,40,10,4,71,53,1.34,0
VAL-04415,Bind,Diamond,64,9,6,76,73,1.04,0
VAL-04416,Lotus,Immortal,72,12,12,47,58,0.81,1
VAL-04417,Sunset,Diamond,65,14,9,56,62,0.9,1
VAL-04418,Icebox,Platinum,63,11,4,47,59,0.8,0
VAL-04419,Split,Gold,66,14,13,52,69,0.75,1
VAL-04420,Breeze,Silver,22,6,9,46,68,0.68,0
VAL-04421,Lotus,Gold,76,17,3,49,59,0.83,1
VAL-04422,Haven,Platinum,45,12,6,66,52,1.27,1
VAL-04423,Ascent,Gold,47,8,5,56,48,1.17,1
VAL-04424,Split,Ascendant,49,14,4,48,56,0.86,0
VAL-04425,Split,Diamond,51,13,11,80,61,1.31,1
VAL-04426,Ascent,Silver,73,8,7,64,58,1.1,1
VAL-04427,Sunset,Silver,62,12,10,49,57,0.86,1
VAL-04428,Haven,Platinum,47,10,7,57,52,1.1,0
VAL-04429,Icebox,Silver,49,7,6,62,45,1.38,0
VAL-04430,Breeze,Diamond,85,10,5,57,59,0.97,1
VAL-04431,Lotus,Platinum,59,8,7,55,49,1.12,1
VAL-04432,Breeze,Silver,50,7,5,54,60,0.9,0
VAL-04433,Haven,Gold,36,14,7,67,63,1.06,0
VAL-04434,Breeze,Gold,35,13,5,66,72,0.92,0
VAL-04435,Ascent,Diamond,42,11,3,50,55,0.91,0
VAL-04436,Split,Silver,56,3,6,43,46,0.93,0
VAL-04437,Breeze,Diamond,68,12,2,51,57,0.89,0
VAL-04438,Pearl,Platinum,62,15,11,73,61,1.2,1
VAL-04439,Haven,Platinum,69,17,9,57,72,0.79,1
VAL-04440,Sunset,Silver,62,16,6,57,71,0.8,0
VAL-04441,Pearl,Platinum,40,7,2,65,58,1.12,0
VAL-04442,Ascent,Platinum,60,9,7,47,57,0.82,1
VAL-04443,Bind,Gold,61,11,8,62,47,1.32,1
VAL-04444,Ascent,Diamond,54,12,8,56,55,1.02,1
VAL-04445,Sunset,Platinum,51,12,5,55,64,0.86,1
VAL-04446,Sunset,Diamond,53,16,8,51,72,0.71,0
VAL-04447,Pearl,Silver,36,13,13,72,66,1.09,1
VAL-04448,Haven,Diamond,39,17,5,62,53,1.17,1
VAL-04449,Icebox,Silver,86,9,10,65,46,1.41,0
VAL-04450,Split,Diamond,40,10,7,57,62,0.92,0
VAL-04451,Pearl,Ascendant,34,10,7,69,56,1.23,0
VAL-04452,Sunset,Gold,46,12,7,72,65,1.11,1
VAL-04453,Bind,Gold,61,7,5,59,51,1.16,0
VAL-04454,Lotus,Platinum,62,20,7,49,76,0.64,0
VAL-04455,Sunset,Silver,43,12,10,66,55,1.2,1
VAL-04456,Sunset,Gold,56,7,10,44,75,0.59,0
VAL-04457,Pearl,Gold,48,8,10,55,67,0.82,0
VAL-04458,Sunset,Diamond,57,12,5,62,65,0.95,0
VAL-04459,Sunset,Diamond,51,14,7,60,49,1.22,1
VAL-04460,Haven,Platinum,47,16,13,82,47,1.74,0
VAL-04461,Split,Platinum,47,12,4,64,58,1.1,0
VAL-04462,Bind,Platinum,29,14,7,65,47,1.38,1
VAL-04463,Haven,Gold,52,13,3,64,69,0.93,0
VAL-04464,Icebox,Gold,54,12,7,59,69,0.86,0
VAL-04465,Icebox,Platinum,38,11,10,65,64,1.02,0
VAL-04466,Breeze,Ascendant,51,12,12,61,54,1.13,1
VAL-04467,Pearl,Platinum,52,12,4,53,69,0.77,1
VAL-04468,Pearl,Platinum,33,12,5,76,59,1.29,1
VAL-04469,Ascent,Diamond,46,14,12,58,52,1.12,1
VAL-04470,Bind,Gold,45,18,0,44,57,0.77,0
VAL-04471,Sunset,Platinum,57,8,5,39,59,0.66,0
VAL-04472,Bind,Gold,70,12,10,55,64,0.86,1
VAL-04473,Breeze,Gold,56,13,2,63,72,0.88,0
VAL-04474,Ascent,Platinum,69,11,4,63,43,1.47,1
VAL-04475,Haven,Platinum,52,16,11,38,78,0.49,0
VAL-04476,Bind,Gold,59,10,1,73,62,1.18,0
VAL-04477,Haven,Platinum,56,15,1,63,63,1.0,0
VAL-04478,Icebox,Platinum,84,17,10,61,65,0.94,1
VAL-04479,Breeze,Diamond,53,14,12,68,62,1.1,1
VAL-04480,Sunset,Diamond,64,11,11,67,67,1.0,1
VAL-04481,Split,Gold,57,14,0,70,91,0.77,0
VAL-04482,Pearl,Ascendant,69,10,11,53,79,0.67,0
VAL-04483,Breeze,Platinum,63,9,7,66,59,1.12,1
VAL-04484,Bind,Diamond,59,13,5,70,77,0.91,0
VAL-04485,Lotus,Platinum,41,15,4,61,67,0.91,0
VAL-04486,Pearl,Silver,42,12,9,57,48,1.19,1
VAL-04487,Pearl,Silver,48,14,8,62,48,1.29,1
VAL-04488,Lotus,Platinum,51,21,11,66,59,1.12,1
VAL-04489,Ascent,Gold,56,17,5,70,71,0.99,1
VAL-04490,Ascent,Platinum,48,10,6,40,61,0.66,0
VAL-04491,Lotus,Gold,31,13,9,60,71,0.85,0
VAL-04492,Split,Gold,67,13,5,62,69,0.9,0
VAL-04493,Icebox,Gold,60,9,9,59,65,0.91,0
VAL-04494,Lotus,Platinum,56,14,4,61,58,1.05,0
VAL-04495,Icebox,Gold,70,9,13,59,55,1.07,1
VAL-04496,Split,Platinum,45,15,13,54,56,0.96,1
VAL-04497,Breeze,Gold,53,20,5,56,68,0.82,0
VAL-04498,Icebox,Diamond,57,11,7,51,61,0.84,0
VAL-04499,Pearl,Silver,50,14,7,56,60,0.93,0
VAL-04500,Pearl,Silver,45,13,7,77,53,1.45,1
VAL-04501,Split,Platinum,65,8,4,67,71,0.94,0
VAL-04502,Icebox,Platinum,58,9,7,57,68,0.84,0
VAL-04503,Haven,Silver,62,13,3,55,88,0.62,0
VAL-04504,Split,Ascendant,45,13,12,61,61,1.0,1
VAL-04505,Split,Gold,65,11,12,54,77,0.7,1
VAL-04506,Haven,Gold,48,16,11,75,56,1.34,1
VAL-04507,Icebox,Silver,58,14,11,64,45,1.42,0
VAL-04508,Icebox,Gold,79,21,9,45,52,0.87,1
VAL-04509,Pearl,Gold,65,8,4,46,68,0.68,0
VAL-04510,Split,Gold,59,10,3,50,47,1.06,0
VAL-04511,Split,Diamond,71,18,4,57,58,0.98,0
VAL-04512,Sunset,Gold,48,19,8,44,63,0.7,0
VAL-04513,Breeze,Platinum,61,9,3,63,68,0.93,0
VAL-04514,Split,Silver,45,10,8,57,50,1.14,1
VAL-04515,Bind,Gold,51,11,9,53,68,0.78,0
VAL-04516,Breeze,Silver,74,18,6,61,58,1.05,1
VAL-04517,Bind,Diamond,58,11,7,82,69,1.19,1
VAL-04518,Icebox,Platinum,72,11,13,53,67,0.79,1
VAL-04519,Breeze,Diamond,54,11,7,78,56,1.39,1
VAL-04520,Split,Gold,70,12,8,56,49,1.14,1
VAL-04521,Haven,Diamond,56,13,11,54,70,0.77,0
VAL-04522,Pearl,Platinum,57,20,10,54,50,1.08,1
VAL-04523,Bind,Silver,55,18,10,70,61,1.15,0
VAL-04524,Breeze,Gold,59,8,8,60,58,1.03,0
VAL-04525,Split,Gold,52,11,8,56,51,1.1,0
VAL-04526,Breeze,Platinum,38,12,2,35,53,0.66,1
VAL-04527,Split,Silver,55,10,12,46,58,0.79,0
VAL-04528,Split,Platinum,57,16,5,70,57,1.23,1
VAL-04529,Split,Gold,75,17,10,73,61,1.2,1
VAL-04530,Sunset,Gold,28,10,6,74,56,1.32,0
VAL-04531,Pearl,Gold,74,12,13,50,71,0.7,1
VAL-04532,Haven,Platinum,68,16,5,66,73,0.9,1
VAL-04533,Haven,Silver,63,16,13,52,52,1.0,1
VAL-04534,Breeze,Silver,57,10,7,73,53,1.38,1
VAL-04535,Breeze,Platinum,43,14,9,68,62,1.1,1
VAL-04536,Split,Gold,78,9,7,62,55,1.13,1
VAL-04537,Sunset,Gold,70,16,12,50,57,0.88,1
VAL-04538,Split,Silver,58,9,7,73,58,1.26,1
VAL-04539,Sunset,Gold,58,12,8,62,50,1.24,1
VAL-04540,Split,Silver,54,10,7,67,56,1.2,1
VAL-04541,Bind,Gold,62,8,9,45,48,0.94,0
VAL-04542,Bind,Gold,54,10,4,48,60,0.8,1
VAL-04543,Icebox,Gold,59,11,0,55,85,0.65,0
VAL-04544,Split,Immortal,60,17,8,89,54,1.65,1
VAL-04545,Pearl,Gold,84,10,13,47,49,0.96,1
VAL-04546,Icebox,Gold,44,12,6,55,41,1.34,1
VAL-04547,Breeze,Gold,57,9,9,57,57,1.0,0
VAL-04548,Split,Silver,70,16,3,74,56,1.32,1
VAL-04549,Bind,Diamond,65,16,5,63,55,1.15,1
VAL-04550,Sunset,Platinum,63,15,7,44,77,0.57,0
VAL-04551,Pearl,Silver,91,11,7,56,61,0.92,1
VAL-04552,Split,Diamond,68,9,10,55,72,0.76,1
VAL-04553,Haven,Silver,48,8,2,45,70,0.64,0
VAL-04554,Haven,Immortal,46,15,6,60,48,1.25,1
VAL-04555,Sunset,Diamond,55,10,5,63,70,0.9,0
VAL-04556,Icebox,Platinum,50,15,4,71,59,1.2,1
VAL-04557,Haven,Silver,56,9,5,65,46,1.41,1
VAL-04558,Icebox,Silver,59,11,8,48,53,0.91,0
VAL-04559,Bind,Gold,58,10,7,58,72,0.81,0
VAL-04560,Split,Silver,26,9,6,78,58,1.34,0
VAL-04561,Bind,Gold,46,5,3,64,56,1.14,0
VAL-04562,Bind,Ascendant,64,7,6,65,69,0.94,1
VAL-04563,Lotus,Gold,75,17,10,52,73,0.71,0
VAL-04564,Ascent,Platinum,50,9,2,54,64,0.84,0
VAL-04565,Pearl,Platinum,50,15,5,52,57,0.91,0
VAL-04566,Icebox,Diamond,54,12,4,60,71,0.85,0
VAL-04567,Lotus,Silver,76,11,4,62,41,1.51,1
VAL-04568,Ascent,Gold,56,10,6,61,61,1.0,0
VAL-04569,Pearl,Diamond,28,12,5,71,71,1.0,0
VAL-04570,Icebox,Diamond,76,15,4,62,72,0.86,0
VAL-04571,Split,Ascendant,63,7,7,40,78,0.51,0
VAL-04572,Pearl,Platinum,39,12,2,56,72,0.78,0
VAL-04573,Bind,Silver,49,14,13,59,63,0.94,0
VAL-04574,Ascent,Gold,45,15,5,55,51,1.08,0
VAL-04575,Ascent,Silver,52,16,6,58,58,1.0,1
VAL-04576,Ascent,Platinum,73,11,6,53,58,0.91,0
VAL-04577,Icebox,Platinum,33,6,4,73,52,1.4,0
VAL-04578,Pearl,Platinum,51,14,11,47,31,1.52,1
VAL-04579,Bind,Ascendant,56,12,8,47,60,0.78,0
VAL-04580,Lotus,Platinum,54,17,0,45,50,0.9,0
VAL-04581,Split,Gold,45,13,3,68,62,1.1,0
VAL-04582,Haven,Silver,69,17,5,45,47,0.96,1
VAL-04583,Lotus,Diamond,53,10,9,65,46,1.41,1
VAL-04584,Bind,Silver,52,17,11,59,55,1.07,1
VAL-04585,Haven,Silver,59,13,7,57,69,0.83,0
VAL-04586,Haven,Silver,52,14,12,64,62,1.03,1
VAL-04587,Ascent,Gold,48,5,9,77,66,1.17,0
VAL-04588,Breeze,Silver,44,16,13,48,50,0.96,1
VAL-04589,Bind,Ascendant,81,11,5,53,61,0.87,0
VAL-04590,Ascent,Ascendant,65,14,6,44,51,0.86,0
VAL-04591,Bind,Ascendant,50,11,8,62,72,0.86,0
VAL-04592,Breeze,Silver,70,17,5,55,72,0.76,0
VAL-04593,Split,Ascendant,61,13,9,49,55,0.89,1
VAL-04594,Breeze,Immortal,55,13,3,55,76,0.72,1
VAL-04595,Sunset,Ascendant,43,20,3,50,58,0.86,0
VAL-04596,Lotus,Platinum,45,2,7,68,76,0.89,0
VAL-04597,Ascent,Platinum,67,10,11,40,48,0.83,1
VAL-04598,Lotus,Silver,64,11,8,74,48,1.54,1
VAL-04599,Sunset,Diamond,39,9,9,74,66,1.12,0
VAL-04600,Breeze,Silver,50,13,12,51,52,0.98,1
VAL-04601,Icebox,Gold,63,7,8,63,64,0.98,1
VAL-04602,Breeze,Immortal,68,7,6,84,50,1.68,1
VAL-04603,Breeze,Gold,61,14,11,62,48,1.29,1
VAL-04604,Sunset,Silver,50,8,10,50,70,0.71,0
VAL-04605,Split,Ascendant,58,14,5,69,81,0.85,0
VAL-04606,Bind,Immortal,52,10,4,66,59,1.12,0
VAL-04607,Sunset,Silver,60,9,7,49,66,0.74,0
VAL-04608,Bind,Diamond,73,8,10,51,58,0.88,1
VAL-04609,Sunset,Gold,46,8,4,58,66,0.88,0
VAL-04610,Bind,Gold,58,10,7,76,28,2.71,1
VAL-04611,Lotus,Gold,54,9,10,49,54,0.91,0
VAL-04612,Sunset,Silver,52,12,6,57,80,0.71,0
VAL-04613,Sunset,Gold,53,5,8,77,64,1.2,1
VAL-04614,Sunset,Silver,71,9,8,55,59,0.93,0
VAL-04615,Bind,Ascendant,62,17,9,71,66,1.08,0
VAL-04616,Split,Platinum,49,7,7,59,69,0.86,0
VAL-04617,Pearl,Diamond,63,9,7,76,39,1.95,1
VAL-04618,Bind,Platinum,48,17,10,70,57,1.23,1
VAL-04619,Ascent,Silver,34,12,0,62,47,1.32,0
VAL-04620,Haven,Ascendant,27,5,10,59,81,0.73,0
VAL-04621,Split,Diamond,61,14,9,51,45,1.13,1
VAL-04622,Lotus,Gold,52,17,12,43,58,0.74,1
VAL-04623,Breeze,Silver,67,12,9,60,66,0.91,1
VAL-04624,Bind,Platinum,60,10,4,64,66,0.97,0
VAL-04625,Sunset,Platinum,58,5,7,68,49,1.39,1
VAL-04626,Bind,Diamond,50,10,4,83,50,1.66,1
VAL-04627,Icebox,Silver,61,7,10,46,52,0.88,0
VAL-04628,Split,Silver,74,12,0,59,55,1.07,0
VAL-04629,Pearl,Platinum,31,15,2,65,56,1.16,0
VAL-04630,Lotus,Platinum,53,8,3,50,67,0.75,1
VAL-04631,Icebox,Silver,71,15,2,66,54,1.22,1
VAL-04632,Icebox,Gold,41,5,6,63,63,1.0,0
VAL-04633,Bind,Platinum,57,11,6,56,53,1.06,0
VAL-04634,Lotus,Platinum,47,4,9,45,65,0.69,0
VAL-04635,Bind,Gold,52,13,1,59,63,0.94,0
VAL-04636,Breeze,Gold,34,17,5,64,57,1.12,1
VAL-04637,Lotus,Diamond,67,10,8,42,52,0.81,0
VAL-04638,Breeze,Ascendant,57,13,4,57,55,1.04,0
VAL-04639,Split,Silver,38,10,2,57,52,1.1,0
VAL-04640,Split,Gold,60,13,9,69,61,1.13,1
VAL-04641,Breeze,Ascendant,57,15,9,49,68,0.72,0
VAL-04642,Split,Gold,47,12,1,65,65,1.0,0
VAL-04643,Lotus,Platinum,79,10,6,66,68,0.97,1
VAL-04644,Sunset,Platinum,61,13,5,62,50,1.24,1
VAL-04645,Ascent,Gold,70,19,12,69,60,1.15,1
VAL-04646,Split,Platinum,53,13,1,80,53,1.51,1
VAL-04647,Split,Platinum,35,7,6,70,61,1.15,0
VAL-04648,Bind,Platinum,27,20,9,56,66,0.85,1
VAL-04649,Breeze,Silver,43,9,7,66,55,1.2,0
VAL-04650,Haven,Immortal,71,9,10,72,44,1.64,1
VAL-04651,Pearl,Gold,49,16,1,52,50,1.04,0
VAL-04652,Icebox,Platinum,67,10,3,66,40,1.65,0
VAL-04653,Split,Diamond,41,14,6,62,60,1.03,0
VAL-04654,Icebox,Gold,47,14,8,66,56,1.18,1
VAL-04655,Lotus,Diamond,49,14,7,46,54,0.85,0
VAL-04656,Haven,Ascendant,58,18,9,59,45,1.31,0
VAL-04657,Pearl,Gold,39,11,6,54,54,1.0,0
VAL-04658,Breeze,Gold,45,12,3,63,59,1.07,0
VAL-04659,Ascent,Ascendant,52,8,9,67,58,1.16,1
VAL-04660,Pearl,Silver,39,15,2,42,69,0.61,0
VAL-04661,Pearl,Silver,34,13,4,64,51,1.25,0
VAL-04662,Ascent,Ascendant,55,17,3,75,60,1.25,1
VAL-04663,Sunset,Diamond,39,13,8,75,71,1.06,1
VAL-04664,Breeze,Ascendant,70,19,7,76,70,1.09,1
VAL-04665,Bind,Silver,70,11,4,68,69,0.99,0
VAL-04666,Icebox,Silver,48,13,5,73,58,1.26,1
VAL-04667,Split,Silver,62,12,6,56,59,0.95,0
VAL-04668,Pearl,Platinum,56,9,9,60,57,1.05,1
VAL-04669,Lotus,Platinum,68,4,7,45,67,0.67,0
VAL-04670,Ascent,Gold,50,13,8,55,50,1.1,1
VAL-04671,Icebox,Silver,61,6,8,69,67,1.03,0
VAL-04672,Haven,Platinum,59,14,7,65,50,1.3,1
VAL-04673,Ascent,Platinum,58,17,8,34,66,0.52,0
VAL-04674,Haven,Silver,48,12,7,61,66,0.92,1
VAL-04675,Breeze,Ascendant,69,14,11,55,69,0.8,1
VAL-04676,Pearl,Silver,50,14,9,57,66,0.86,0
VAL-04677,Lotus,Platinum,50,16,13,75,64,1.17,1
VAL-04678,Split,Diamond,46,12,11,49,82,0.6,0
VAL-04679,Haven,Platinum,47,7,6,51,47,1.09,0
VAL-04680,Icebox,Silver,52,5,6,78,74,1.05,0
VAL-04681,Sunset,Gold,60,11,2,58,78,0.74,0
VAL-04682,Breeze,Diamond,64,5,4,70,56,1.25,0
VAL-04683,Sunset,Gold,57,12,10,62,70,0.89,1
VAL-04684,Breeze,Platinum,72,13,10,61,77,0.79,0
VAL-04685,Bind,Immortal,56,10,1,51,59,0.86,1
VAL-04686,Icebox,Immortal,33,15,11,71,59,1.2,1
VAL-04687,Sunset,Gold,41,13,11,68,52,1.31,1
VAL-04688,Lotus,Diamond,63,9,10,56,83,0.67,0
VAL-04689,Pearl,Immortal,51,10,9,60,73,0.82,0
VAL-04690,Ascent,Gold,50,17,9,66,51,1.29,1
VAL-04691,Split,Gold,43,5,6,52,68,0.76,0
VAL-04692,Pearl,Silver,50,11,5,43,58,0.74,0
VAL-04693,Pearl,Silver,50,13,10,61,45,1.36,1
VAL-04694,Breeze,Diamond,61,10,6,52,89,0.58,0
VAL-04695,Lotus,Platinum,52,9,0,69,51,1.35,0
VAL-04696,Breeze,Diamond,70,16,9,57,56,1.02,0
VAL-04697,Haven,Diamond,47,20,4,47,58,0.81,0
VAL-04698,Split,Platinum,57,11,7,62,55,1.13,0
VAL-04699,Haven,Platinum,35,12,12,48,59,0.81,1
VAL-04700,Ascent,Silver,63,14,13,65,71,0.92,1
VAL-04701,Icebox,Diamond,38,8,9,39,57,0.68,1
VAL-04702,Ascent,Gold,62,12,11,60,66,0.91,1
VAL-04703,Ascent,Platinum,33,18,9,64,62,1.03,1
VAL-04704,Bind,Silver,43,22,9,48,48,1.0,1
VAL-04705,Split,Ascendant,65,7,10,73,65,1.12,1
VAL-04706,Breeze,Ascendant,74,8,4,45,59,0.76,0
VAL-04707,Lotus,Gold,22,10,3,63,42,1.5,0
VAL-04708,Haven,Platinum,42,11,10,44,48,0.92,0
VAL-04709,Ascent,Platinum,77,16,8,49,68,0.72,1
VAL-04710,Haven,Gold,57,12,7,63,85,0.74,0
VAL-04711,Haven,Silver,43,16,6,65,62,1.05,0
VAL-04712,Icebox,Platinum,73,13,6,62,29,2.14,1
VAL-04713,Split,Silver,62,12,11,67,64,1.05,1
VAL-04714,Split,Gold,56,14,4,47,44,1.07,1
VAL-04715,Sunset,Gold,32,3,7,45,56,0.8,0
VAL-04716,Pearl,Gold,80,11,5,66,79,0.84,0
VAL-04717,Split,Silver,58,11,2,43,53,0.81,0
VAL-04718,Haven,Gold,51,6,7,48,65,0.74,0
VAL-04719,Breeze,Gold,73,17,9,59,60,0.98,1
VAL-04720,Haven,Gold,44,11,4,63,63,1.0,0
VAL-04721,Breeze,Platinum,42,13,5,63,43,1.47,1
VAL-04722,Sunset,Ascendant,43,15,3,47,63,0.75,0
VAL-04723,Breeze,Silver,50,9,7,60,72,0.83,0
VAL-04724,Split,Diamond,55,13,6,49,47,1.04,1
VAL-04725,Icebox,Gold,63,5,1,64,73,0.88,0
VAL-04726,Breeze,Platinum,40,14,6,62,51,1.22,1
VAL-04727,Haven,Gold,59,10,10,69,70,0.99,1
VAL-04728,Lotus,Platinum,48,11,10,58,52,1.12,0
VAL-04729,Split,Platinum,54,16,11,55,49,1.12,1
VAL-04730,Lotus,Gold,70,19,4,77,67,1.15,1
VAL-04731,Haven,Gold,61,9,3,42,64,0.66,0
VAL-04732,Pearl,Diamond,62,9,5,79,45,1.76,1
VAL-04733,Sunset,Silver,48,15,10,58,70,0.83,0
VAL-04734,Split,Silver,78,15,10,46,47,0.98,1
VAL-04735,Lotus,Silver,63,7,7,54,56,0.96,0
VAL-04736,Haven,Silver,50,12,10,68,62,1.1,1
VAL-04737,Pearl,Gold,69,12,9,68,52,1.31,1
VAL-04738,Haven,Gold,62,12,6,81,69,1.17,1
VAL-04739,Pearl,Gold,40,15,6,62,66,0.94,1
VAL-04740,Breeze,Silver,57,18,3,63,60,1.05,1
VAL-04741,Bind,Platinum,43,11,7,69,37,1.86,1
VAL-04742,Haven,Diamond,31,19,5,40,72,0.56,0
VAL-04743,Breeze,Immortal,50,12,4,59,61,0.97,0
VAL-04744,Split,Ascendant,69,19,5,62,55,1.13,1
VAL-04745,Breeze,Ascendant,73,14,11,45,61,0.74,1
VAL-04746,Ascent,Diamond,49,16,6,59,70,0.84,0
VAL-04747,Ascent,Platinum,52,16,12,54,63,0.86,1
VAL-04748,Haven,Silver,72,9,7,59,63,0.94,0
VAL-04749,Lotus,Platinum,63,13,6,77,44,1.75,1
VAL-04750,Lotus,Silver,61,8,9,81,43,1.88,1
VAL-04751,Split,Diamond,57,12,0,59,58,1.02,0
VAL-04752,Breeze,Gold,64,7,13,65,66,0.98,1
VAL-04753,Lotus,Platinum,55,11,10,71,71,1.0,1
VAL-04754,Pearl,Silver,73,12,8,64,75,0.85,1
VAL-04755,Pearl,Gold,54,9,9,45,82,0.55,0
VAL-04756,Split,Gold,53,12,7,60,58,1.03,1
VAL-04757,Sunset,Gold,30,15,5,54,64,0.84,0
VAL-04758,Breeze,Gold,68,8,7,68,62,1.1,1
VAL-04759,Haven,Silver,43,16,6,54,55,0.98,0
VAL-04760,Icebox,Gold,27,16,4,61,72,0.85,0
VAL-04761,Icebox,Gold,53,8,6,63,69,0.91,0
VAL-04762,Icebox,Diamond,51,2,8,51,59,0.86,0
VAL-04763,Lotus,Gold,60,16,8,49,51,0.96,1
VAL-04764,Sunset,Gold,63,11,11,48,48,1.0,1
VAL-04765,Sunset,Immortal,45,12,6,77,53,1.45,1
VAL-04766,Breeze,Platinum,88,20,5,66,63,1.05,0
VAL-04767,Breeze,Gold,53,14,3,60,54,1.11,0
VAL-04768,Sunset,Gold,35,14,8,69,62,1.11,1
VAL-04769,Split,Diamond,74,12,11,72,57,1.26,1
VAL-04770,Breeze,Gold,64,11,6,60,58,1.03,0
VAL-04771,Split,Gold,60,12,5,64,64,1.0,0
VAL-04772,Ascent,Diamond,50,11,10,53,58,0.91,0
VAL-04773,Pearl,Silver,56,5,4,77,49,1.57,1
VAL-04774,Breeze,Diamond,29,8,12,60,55,1.09,0
VAL-04775,Sunset,Gold,52,12,7,72,67,1.07,0
VAL-04776,Pearl,Platinum,84,20,8,72,63,1.14,1
VAL-04777,Pearl,Diamond,44,6,7,62,61,1.02,0
VAL-04778,Bind,Gold,57,10,0,71,58,1.22,0
VAL-04779,Sunset,Diamond,35,10,7,47,51,0.92,0
VAL-04780,Sunset,Ascendant,49,15,6,56,46,1.22,0
VAL-04781,Breeze,Gold,40,12,8,69,63,1.1,1
VAL-04782,Haven,Ascendant,60,9,10,56,58,0.97,1
VAL-04783,Ascent,Silver,58,17,8,72,62,1.16,1
VAL-04784,Split,Diamond,39,8,5,64,69,0.93,0
VAL-04785,Haven,Gold,56,10,12,82,49,1.67,1
VAL-04786,Ascent,Gold,56,8,7,59,29,2.03,1
VAL-04787,Haven,Silver,57,16,11,60,66,0.91,1
VAL-04788,Split,Gold,65,12,10,63,73,0.86,1
VAL-04789,Lotus,Silver,74,9,4,68,58,1.17,0
VAL-04790,Sunset,Ascendant,48,14,10,47,59,0.8,1
VAL-04791,Haven,Diamond,51,18,10,60,56,1.07,1
VAL-04792,Breeze,Silver,53,3,7,62,66,0.94,0
VAL-04793,Icebox,Silver,39,14,6,57,47,1.21,1
VAL-04794,Breeze,Diamond,43,19,9,62,73,0.85,1
VAL-04795,Split,Gold,62,18,10,53,61,0.87,1
VAL-04796,Breeze,Silver,78,11,6,44,58,0.76,1
VAL-04797,Pearl,Gold,43,12,9,57,54,1.06,1
VAL-04798,Sunset,Gold,83,13,6,42,69,0.61,0
VAL-04799,Pearl,Silver,48,11,5,60,58,1.03,0
VAL-04800,Breeze,Platinum,70,16,8,48,75,0.64,0
VAL-04801,Ascent,Platinum,60,6,9,69,68,1.01,0
VAL-04802,Bind,Silver,57,14,9,54,73,0.74,0
VAL-04803,Ascent,Ascendant,50,12,7,73,58,1.26,1
VAL-04804,Sunset,Platinum,55,16,4,55,65,0.85,0
VAL-04805,Sunset,Gold,46,16,6,67,62,1.08,1
VAL-04806,Pearl,Silver,66,12,8,62,57,1.09,1
VAL-04807,Bind,Silver,68,10,13,69,50,1.38,1
VAL-04808,Breeze,Gold,47,16,4,61,82,0.74,0
VAL-04809,Split,Silver,35,7,7,73,55,1.33,0
VAL-04810,Ascent,Gold,51,8,7,61,67,0.91,0
VAL-04811,Ascent,Silver,79,12,0,66,71,0.93,0
VAL-04812,Icebox,Platinum,58,10,5,51,53,0.96,0
VAL-04813,Bind,Diamond,69,11,3,68,47,1.45,1
VAL-04814,Split,Gold,44,11,6,78,64,1.22,1
VAL-04815,Ascent,Platinum,49,12,12,61,56,1.09,1
VAL-04816,Split,Ascendant,51,18,9,52,52,1.0,1
VAL-04817,Breeze,Platinum,41,7,8,49,55,0.89,0
VAL-04818,Split,Gold,57,10,13,46,64,0.72,0
VAL-04819,Ascent,Gold,45,15,11,47,45,1.04,1
VAL-04820,Pearl,Diamond,66,12,5,53,58,0.91,1
VAL-04821,Bind,Silver,56,8,2,45,48,0.94,0
VAL-04822,Sunset,Gold,73,12,0,63,74,0.85,0
VAL-04823,Haven,Platinum,35,6,4,52,59,0.88,0
VAL-04824,Lotus,Platinum,49,16,5,67,72,0.93,0
VAL-04825,Lotus,Diamond,50,12,12,71,70,1.01,1
VAL-04826,Haven,Gold,61,21,11,64,61,1.05,0
VAL-04827,Split,Silver,50,8,10,68,67,1.01,0
VAL-04828,Bind,Ascendant,76,9,5,54,66,0.82,0
VAL-04829,Split,Silver,53,13,6,44,70,0.63,0
VAL-04830,Sunset,Silver,44,17,6,43,59,0.73,0
VAL-04831,Bind,Gold,53,10,13,56,63,0.89,1
VAL-04832,Haven,Diamond,51,9,5,60,50,1.2,0
VAL-04833,Split,Diamond,66,12,5,59,52,1.13,1
VAL-04834,Icebox,Ascendant,50,9,9,62,66,0.94,0
VAL-04835,Ascent,Silver,37,14,4,69,65,1.06,0
VAL-04836,Pearl,Gold,57,12,9,76,51,1.49,1
VAL-04837,Pearl,Gold,47,15,8,66,60,1.1,1
VAL-04838,Sunset,Diamond,41,16,5,63,47,1.34,0
VAL-04839,Split,Gold,55,13,6,56,46,1.22,0
VAL-04840,Breeze,Silver,53,17,4,45,62,0.73,0
VAL-04841,Bind,Platinum,52,11,10,54,53,1.02,1
VAL-04842,Split,Gold,58,6,7,58,63,0.92,0
VAL-04843,Bind,Gold,48,8,6,41,56,0.73,0
VAL-04844,Icebox,Diamond,56,12,9,54,53,1.02,1
VAL-04845,Pearl,Gold,48,14,9,72,72,1.0,1
VAL-04846,Ascent,Silver,65,14,8,59,67,0.88,1
VAL-04847,Pearl,Gold,55,9,10,64,54,1.19,1
VAL-04848,Breeze,Gold,76,15,7,73,73,1.0,1
VAL-04849,Breeze,Silver,49,3,4,61,50,1.22,0
VAL-04850,Lotus,Platinum,59,10,7,61,50,1.22,1
VAL-04851,Lotus,Silver,69,14,7,65,50,1.3,1
VAL-04852,Breeze,Ascendant,61,16,11,88,54,1.63,1
VAL-04853,Haven,Silver,57,15,6,60,51,1.18,1
VAL-04854,Icebox,Gold,59,16,12,59,58,1.02,1
VAL-04855,Bind,Gold,61,13,3,66,51,1.29,1
VAL-04856,Icebox,Diamond,59,12,6,67,55,1.22,1
VAL-04857,Sunset,Gold,55,4,6,59,59,1.0,0
VAL-04858,Ascent,Diamond,64,11,6,60,68,0.88,0
VAL-04859,Icebox,Diamond,54,7,10,59,63,0.94,0
VAL-04860,Breeze,Ascendant,43,14,6,68,72,0.94,1
VAL-04861,Pearl,Diamond,80,7,10,41,59,0.69,0
VAL-04862,Sunset,Silver,66,11,7,74,58,1.28,1
VAL-04863,Breeze,Diamond,44,7,7,62,75,0.83,0
VAL-04864,Icebox,Ascendant,52,12,3,38,68,0.56,0
VAL-04865,Pearl,Immortal,48,11,11,38,70,0.54,0
VAL-04866,Ascent,Silver,49,5,12,59,81,0.73,0
VAL-04867,Icebox,Platinum,65,13,3,40,51,0.78,0
VAL-04868,Bind,Silver,51,11,12,75,43,1.74,1
VAL-04869,Split,Gold,78,12,3,82,63,1.3,1
VAL-04870,Pearl,Platinum,34,10,6,46,61,0.75,0
VAL-04871,Icebox,Ascendant,55,9,7,50,51,0.98,0
VAL-04872,Breeze,Platinum,39,15,6,54,63,0.86,0
VAL-04873,Bind,Diamond,59,16,10,60,58,1.03,1
VAL-04874,Haven,Silver,60,16,9,62,63,0.98,1
VAL-04875,Pearl,Silver,66,7,2,50,67,0.75,0
VAL-04876,Bind,Platinum,40,18,11,73,68,1.07,1
VAL-04877,Breeze,Gold,60,14,12,67,67,1.0,1
VAL-04878,Icebox,Diamond,45,17,9,72,34,2.12,0
VAL-04879,Ascent,Gold,56,17,6,60,67,0.9,1
VAL-04880,Split,Gold,50,13,8,74,50,1.48,1
VAL-04881,Bind,Gold,40,9,6,59,59,1.0,0
VAL-04882,Split,Gold,64,9,10,46,63,0.73,0
VAL-04883,Ascent,Ascendant,52,9,2,71,70,1.01,1
VAL-04884,Bind,Gold,65,11,8,49,57,0.86,1
VAL-04885,Lotus,Gold,66,8,10,56,61,0.92,1
VAL-04886,Breeze,Diamond,71,5,6,51,57,0.89,0
VAL-04887,Bind,Gold,49,5,9,74,60,1.23,1
VAL-04888,Breeze,Diamond,44,12,2,55,58,0.95,0
VAL-04889,Sunset,Silver,69,11,4,63,67,0.94,1
VAL-04890,Pearl,Silver,56,14,8,71,74,0.96,1
VAL-04891,Sunset,Ascendant,71,11,8,53,45,1.18,1
VAL-04892,Icebox,Diamond,41,17,5,64,71,0.9,0
VAL-04893,Pearl,Gold,63,10,8,57,70,0.81,0
VAL-04894,Pearl,Platinum,56,13,7,62,64,0.97,1
VAL-04895,Haven,Ascendant,55,14,1,60,91,0.66,0
VAL-04896,Pearl,Silver,51,12,6,70,57,1.23,1
VAL-04897,Ascent,Silver,42,16,9,59,54,1.09,1
VAL-04898,Sunset,Gold,63,14,11,60,84,0.71,0
VAL-04899,Breeze,Silver,50,15,6,78,42,1.86,1
VAL-04900,Icebox,Silver,58,9,8,46,44,1.05,1
VAL-04901,Pearl,Diamond,78,11,8,67,68,0.99,1
VAL-04902,Icebox,Silver,49,3,9,79,63,1.25,1
VAL-04903,Icebox,Diamond,51,12,5,59,47,1.26,1
VAL-04904,Pearl,Gold,53,7,7,47,68,0.69,0
VAL-04905,Pearl,Platinum,50,21,9,54,57,0.95,1
VAL-04906,Haven,Platinum,51,13,8,57,41,1.39,1
VAL-04907,Haven,Gold,63,10,9,75,67,1.12,1
VAL-04908,Haven,Silver,71,15,9,45,70,0.64,0
VAL-04909,Breeze,Silver,57,6,7,64,47,1.36,1
VAL-04910,Breeze,Diamond,64,10,8,45,45,1.0,1
VAL-04911,Haven,Silver,53,11,5,55,34,1.62,1
VAL-04912,Haven,Silver,53,15,10,72,59,1.22,1
VAL-04913,Lotus,Ascendant,50,8,4,66,55,1.2,0
VAL-04914,Lotus,Immortal,46,9,9,64,54,1.19,1
VAL-04915,Pearl,Gold,70,12,7,70,70,1.0,1
VAL-04916,Split,Silver,49,15,5,60,55,1.09,1
VAL-04917,Split,Platinum,62,13,5,62,47,1.32,1
VAL-04918,Haven,Diamond,45,8,8,59,59,1.0,0
VAL-04919,Icebox,Silver,56,12,6,64,63,1.02,0
VAL-04920,Haven,Silver,55,9,6,64,49,1.31,1
VAL-04921,Lotus,Diamond,45,8,8,76,48,1.58,1
VAL-04922,Pearl,Ascendant,51,14,2,45,70,0.64,0
VAL-04923,Haven,Diamond,42,14,7,59,44,1.34,1
VAL-04924,Sunset,Silver,55,12,6,58,50,1.16,1
VAL-04925,Icebox,Gold,34,14,3,73,51,1.43,1
VAL-04926,Sunset,Platinum,54,15,6,51,59,0.86,0
VAL-04927,Pearl,Silver,63,2,3,57,66,0.86,0
VAL-04928,Pearl,Silver,55,14,11,60,63,0.95,0
VAL-04929,Breeze,Gold,47,18,9,65,60,1.08,1
VAL-04930,Bind,Gold,47,11,9,58,80,0.72,0
VAL-04931,Sunset,Gold,69,18,9,54,57,0.95,1
VAL-04932,Breeze,Diamond,57,13,1,53,44,1.2,0
VAL-04933,Lotus,Diamond,65,12,3,49,65,0.75,0
VAL-04934,Ascent,Ascendant,66,13,10,51,59,0.86,1
VAL-04935,Icebox,Diamond,50,6,13,56,59,0.95,0
VAL-04936,Ascent,Gold,43,19,8,53,56,0.95,1
VAL-04937,Lotus,Gold,63,10,11,80,63,1.27,1
VAL-04938,Lotus,Gold,45,7,5,64,74,0.86,0
VAL-04939,Ascent,Silver,48,10,5,50,75,0.67,0
VAL-04940,Sunset,Ascendant,56,12,9,64,81,0.79,0
VAL-04941,Bind,Silver,52,17,5,44,67,0.66,0
VAL-04942,Sunset,Gold,27,12,2,73,75,0.97,0
VAL-04943,Ascent,Platinum,40,11,9,55,66,0.83,0
VAL-04944,Sunset,Gold,67,11,5,71,56,1.27,1
VAL-04945,Split,Platinum,54,7,1,61,79,0.77,0
VAL-04946,Sunset,Gold,64,10,10,63,55,1.15,0
VAL-04947,Pearl,Silver,45,10,9,61,57,1.07,1
VAL-04948,Breeze,Silver,42,13,9,32,66,0.48,0
VAL-04949,Icebox,Ascendant,64,5,9,65,61,1.07,0
VAL-04950,Sunset,Gold,71,10,10,50,49,1.02,1
VAL-04951,Bind,Gold,45,17,9,60,73,0.82,0
VAL-04952,Bind,Gold,67,14,3,66,55,1.2,1
VAL-04953,Sunset,Silver,43,16,4,74,72,1.03,0
VAL-04954,Haven,Gold,35,10,10,71,61,1.16,1
VAL-04955,Lotus,Platinum,62,19,9,49,60,0.82,1
VAL-04956,Sunset,Diamond,44,15,7,47,55,0.85,0
VAL-04957,Lotus,Platinum,40,12,2,61,66,0.92,0
VAL-04958,Split,Silver,41,15,4,66,55,1.2,1
VAL-04959,Ascent,Gold,51,7,6,67,92,0.73,0
VAL-04960,Split,Silver,35,7,5,69,70,0.99,0
VAL-04961,Sunset,Silver,62,15,4,55,71,0.77,0
VAL-04962,Bind,Gold,61,17,8,61,48,1.27,1
VAL-04963,Haven,Gold,61,8,11,48,69,0.7,0
VAL-04964,Lotus,Platinum,69,15,9,73,64,1.14,1
VAL-04965,Breeze,Platinum,67,14,6,72,54,1.33,0
VAL-04966,Lotus,Diamond,44,9,7,59,81,0.73,0
VAL-04967,Pearl,Diamond,63,8,9,53,48,1.1,1
VAL-04968,Icebox,Silver,68,9,5,49,52,0.94,0
VAL-04969,Sunset,Gold,65,10,8,62,60,1.03,1
VAL-04970,Split,Gold,66,10,6,49,75,0.65,0
VAL-04971,Breeze,Gold,53,6,6,67,55,1.22,0
VAL-04972,Bind,Silver,47,10,2,61,49,1.24,1
VAL-04973,Bind,Silver,52,13,7,57,54,1.06,1
VAL-04974,Bind,Gold,47,15,8,68,54,1.26,1
VAL-04975,Pearl,Platinum,67,10,10,42,62,0.68,0
VAL-04976,Bind,Platinum,57,18,2,64,54,1.19,1
VAL-04977,Bind,Gold,65,12,10,60,54,1.11,1
VAL-04978,Sunset,Gold,38,22,9,58,58,1.0,1
VAL-04979,Pearl,Gold,50,9,11,67,47,1.43,1
VAL-04980,Haven,Platinum,43,13,6,73,70,1.04,0
VAL-04981,Haven,Silver,35,12,7,62,58,1.07,0
VAL-04982,Pearl,Platinum,59,9,4,65,53,1.23,0
VAL-04983,Icebox,Platinum,42,15,7,56,63,0.89,0
VAL-04984,Breeze,Silver,51,15,6,53,64,0.83,0
VAL-04985,Lotus,Silver,43,11,7,63,57,1.11,0
VAL-04986,Sunset,Silver,50,13,7,57,54,1.06,1
VAL-04987,Ascent,Gold,62,13,9,56,63,0.89,1
VAL-04988,Haven,Diamond,44,11,6,75,43,1.74,1
VAL-04989,Pearl,Gold,50,9,11,73,61,1.2,1
VAL-04990,Breeze,Gold,61,12,0,48,58,0.83,0
VAL-04991,Pearl,Ascendant,63,11,11,70,68,1.03,1
VAL-04992,Lotus,Silver,50,8,3,67,64,1.05,0
VAL-04993,Breeze,Silver,59,15,9,62,66,0.94,1
VAL-04994,Haven,Gold,65,12,9,71,47,1.51,1
VAL-04995,Bind,Platinum,42,11,4,76,77,0.99,0
VAL-04996,Pearl,Platinum,46,6,11,68,64,1.06,0
VAL-04997,Ascent,Gold,51,13,3,56,45,1.24,1
VAL-04998,Haven,Ascendant,60,6,3,56,47,1.19,1
VAL-04999,Split,Platinum,57,13,6,55,60,0.92,0
VAL-05000,Ascent,Silver,56,15,6,64,55,1.16,1
VAL-05001,Icebox,Platinum,43,19,5,72,75,0.96,0
VAL-05002,Haven,Silver,65,12,7,48,66,0.73,0
VAL-05003,Bind,Platinum,49,19,8,69,58,1.19,1
VAL-05004,Haven,Silver,52,15,7,74,52,1.42,0
VAL-05005,Lotus,Platinum,57,14,4,44,52,0.85,0
VAL-05006,Breeze,Gold,79,16,4,56,53,1.06,1
VAL-05007,Pearl,Diamond,47,17,13,48,53,0.91,1
VAL-05008,Breeze,Gold,47,15,4,64,47,1.36,1
VAL-05009,Breeze,Platinum,51,11,4,52,55,0.95,0
VAL-05010,Haven,Gold,69,10,2,50,76,0.66,0
VAL-05011,Lotus,Ascendant,57,7,10,73,58,1.26,1
VAL-05012,Pearl,Diamond,60,13,10,51,55,0.93,1
VAL-05013,Pearl,Silver,65,17,8,63,58,1.09,1
VAL-05014,Breeze,Ascendant,69,8,11,60,57,1.05,1
VAL-05015,Icebox,Gold,47,8,5,55,63,0.87,0
VAL-05016,Lotus,Platinum,61,19,4,59,69,0.86,0
VAL-05017,Icebox,Platinum,69,11,8,58,53,1.09,1
VAL-05018,Sunset,Silver,57,5,8,71,55,1.29,1
VAL-05019,Sunset,Ascendant,45,6,8,70,49,1.43,1
VAL-05020,Ascent,Gold,43,14,6,64,70,0.91,0
VAL-05021,Breeze,Silver,60,10,10,75,78,0.96,1
VAL-05022,Pearl,Diamond,41,14,7,67,59,1.14,1
VAL-05023,Haven,Platinum,45,11,8,53,66,0.8,1
VAL-05024,Pearl,Silver,49,13,7,54,62,0.87,0
VAL-05025,Pearl,Silver,58,19,6,80,53,1.51,1
VAL-05026,Bind,Platinum,62,11,4,68,55,1.24,1
VAL-05027,Pearl,Silver,46,17,8,62,61,1.02,1
VAL-05028,Ascent,Ascendant,39,12,1,62,68,0.91,0
VAL-05029,Icebox,Platinum,65,7,5,61,55,1.11,0
VAL-05030,Sunset,Gold,63,20,5,84,80,1.05,1
VAL-05031,Pearl,Gold,61,20,3,52,52,1.0,1
VAL-05032,Pearl,Gold,60,11,6,69,57,1.21,1
VAL-05033,Bind,Gold,50,13,8,72,64,1.12,1
VAL-05034,Lotus,Diamond,53,17,7,53,46,1.15,1
VAL-05035,Haven,Ascendant,56,11,5,52,53,0.98,0
VAL-05036,Lotus,Platinum,45,16,9,45,56,0.8,0
VAL-05037,Haven,Gold,60,9,8,50,63,0.79,0
VAL-05038,Pearl,Silver,56,19,4,68,78,0.87,0
VAL-05039,Bind,Platinum,53,13,5,59,61,0.97,0
VAL-05040,Split,Platinum,66,15,3,66,57,1.16,1
VAL-05041,Breeze,Platinum,54,17,6,68,64,1.06,0
VAL-05042,Sunset,Silver,63,15,5,60,65,0.92,1
VAL-05043,Icebox,Diamond,41,12,6,51,58,0.88,0
VAL-05044,Sunset,Gold,65,19,13,66,66,1.0,1
VAL-05045,Icebox,Platinum,62,15,2,35,63,0.56,1
VAL-05046,Lotus,Diamond,81,11,1,72,55,1.31,1
VAL-05047,Ascent,Platinum,74,6,11,38,57,0.67,0
VAL-05048,Pearl,Gold,66,12,9,48,66,0.73,0
VAL-05049,Split,Platinum,49,10,10,56,69,0.81,0
VAL-05050,Icebox,Silver,44,12,6,48,50,0.96,0
VAL-05051,Breeze,Diamond,46,9,9,42,68,0.62,0
VAL-05052,Icebox,Silver,61,14,7,61,65,0.94,1
VAL-05053,Ascent,Gold,71,10,10,55,54,1.02,1
VAL-05054,Sunset,Silver,40,18,10,55,75,0.73,0
VAL-05055,Bind,Diamond,45,14,10,58,73,0.79,0
VAL-05056,Sunset,Platinum,55,10,5,46,57,0.81,1
VAL-05057,Bind,Platinum,41,12,7,67,55,1.22,1
VAL-05058,Sunset,Platinum,50,14,4,51,57,0.89,0
VAL-05059,Breeze,Diamond,70,6,9,65,60,1.08,1
VAL-05060,Sunset,Silver,64,14,8,58,45,1.29,1
VAL-05061,Breeze,Platinum,65,5,2,58,53,1.09,0
VAL-05062,Breeze,Platinum,43,18,8,56,61,0.92,1
VAL-05063,Bind,Silver,34,11,8,69,71,0.97,0
VAL-05064,Lotus,Silver,50,16,9,71,52,1.37,1
VAL-05065,Haven,Gold,27,7,7,70,48,1.46,0
VAL-05066,Pearl,Silver,60,14,9,58,61,0.95,1
VAL-05067,Icebox,Gold,64,7,8,60,52,1.15,1
VAL-05068,Haven,Silver,46,11,4,52,65,0.8,0
VAL-05069,Ascent,Platinum,62,16,9,55,59,0.93,1
VAL-05070,Lotus,Silver,62,14,4,48,51,0.94,0
VAL-05071,Haven,Gold,42,14,4,54,60,0.9,1
VAL-05072,Bind,Ascendant,50,11,8,63,73,0.86,0
VAL-05073,Ascent,Gold,49,8,0,59,49,1.2,0
VAL-05074,Split,Gold,66,15,5,55,62,0.89,0
VAL-05075,Lotus,Platinum,64,8,6,69,54,1.28,1
VAL-05076,Haven,Silver,62,10,11,50,56,0.89,1
VAL-05077,Ascent,Silver,48,18,6,60,55,1.09,1
VAL-05078,Split,Silver,71,14,13,84,47,1.79,1
VAL-05079,Sunset,Ascendant,57,7,3,75,71,1.06,1
VAL-05080,Ascent,Platinum,61,12,8,55,69,0.8,0
VAL-05081,Bind,Diamond,76,11,9,72,42,1.71,0
VAL-05082,Sunset,Immortal,63,11,4,54,55,0.98,0
VAL-05083,Bind,Ascendant,54,11,7,64,57,1.12,1
VAL-05084,Haven,Platinum,49,17,7,78,73,1.07,0
VAL-05085,Pearl,Platinum,34,20,10,57,43,1.33,1
VAL-05086,Haven,Gold,36,12,3,68,64,1.06,0
VAL-05087,Sunset,Silver,65,13,13,58,50,1.16,1
VAL-05088,Breeze,Platinum,31,7,1,54,70,0.77,1
VAL-05089,Haven,Platinum,67,19,8,67,63,1.06,1
VAL-05090,Sunset,Ascendant,65,9,4,65,51,1.27,1
VAL-05091,Ascent,Gold,45,10,8,47,56,0.84,1
VAL-05092,Haven,Platinum,57,15,5,57,60,0.95,0
VAL-05093,Ascent,Platinum,62,13,11,48,46,1.04,1
VAL-05094,Bind,Silver,56,14,7,43,70,0.61,0
VAL-05095,Lotus,Platinum,70,15,6,58,50,1.16,1
VAL-05096,Pearl,Gold,38,12,4,63,60,1.05,0
VAL-05097,Bind,Gold,61,16,8,70,55,1.27,1
VAL-05098,Bind,Gold,48,5,8,45,51,0.88,0
VAL-05099,Sunset,Silver,34,19,6,49,55,0.89,0
VAL-05100,Breeze,Gold,41,11,7,75,67,1.12,0
VAL-05101,Icebox,Platinum,49,15,8,52,50,1.04,1
VAL-05102,Breeze,Gold,55,14,9,46,55,0.84,0
VAL-05103,Sunset,Gold,44,4,4,77,76,1.01,0
VAL-05104,Pearl,Silver,49,13,6,59,52,1.13,1
VAL-05105,Sunset,Silver,50,4,9,55,61,0.9,0
VAL-05106,Split,Gold,44,14,7,53,67,0.79,0
VAL-05107,Bind,Gold,48,13,1,50,61,0.82,0
VAL-05108,Lotus,Platinum,62,7,12,59,41,1.44,1
VAL-05109,Split,Diamond,75,13,10,63,64,0.98,1
VAL-05110,Sunset,Silver,58,10,2,64,52,1.23,0
VAL-05111,Split,Silver,57,11,5,42,64,0.66,0
VAL-05112,Lotus,Gold,54,2,12,75,58,1.29,1
VAL-05113,Sunset,Gold,50,7,8,58,57,1.02,1
VAL-05114,Sunset,Platinum,62,9,3,64,81,0.79,0
VAL-05115,Split,Diamond,67,7,1,68,58,1.17,0
VAL-05116,Ascent,Diamond,41,10,2,56,58,0.97,1
VAL-05117,Haven,Silver,67,9,6,65,63,1.03,0
VAL-05118,Sunset,Ascendant,75,13,9,61,47,1.3,1
VAL-05119,Split,Silver,43,1,2,57,57,1.0,0
VAL-05120,Icebox,Platinum,66,20,9,61,60,1.02,1
VAL-05121,Pearl,Platinum,75,10,4,54,62,0.87,0
VAL-05122,Icebox,Platinum,64,11,1,52,56,0.93,0
VAL-05123,Split,Gold,53,14,6,61,48,1.27,0
VAL-05124,Bind,Gold,64,19,13,62,66,0.94,1
VAL-05125,Bind,Gold,45,10,11,63,69,0.91,0
VAL-05126,Split,Silver,51,15,6,74,52,1.42,1
VAL-05127,Sunset,Silver,46,9,8,63,72,0.88,0
VAL-05128,Lotus,Platinum,39,16,5,56,59,0.95,0
VAL-05129,Haven,Gold,55,15,1,62,50,1.24,1
VAL-05130,Sunset,Platinum,59,8,5,83,60,1.38,1
VAL-05131,Icebox,Silver,63,14,9,49,48,1.02,1
VAL-05132,Haven,Diamond,20,6,3,77,66,1.17,0
VAL-05133,Icebox,Silver,57,9,10,64,63,1.02,1
VAL-05134,Split,Diamond,56,7,10,61,49,1.24,0
VAL-05135,Lotus,Gold,42,12,6,57,48,1.19,1
VAL-05136,Icebox,Gold,50,16,7,56,38,1.47,0
VAL-05137,Lotus,Diamond,64,7,11,43,56,0.77,0
VAL-05138,Sunset,Gold,56,14,8,62,54,1.15,1
VAL-05139,Split,Silver,55,11,11,69,57,1.21,1
VAL-05140,Pearl,Gold,66,8,2,59,53,1.11,0
VAL-05141,Bind,Silver,83,10,5,56,70,0.8,0
VAL-05142,Breeze,Gold,52,14,6,53,53,1.0,0
VAL-05143,Lotus,Gold,58,16,11,61,73,0.84,0
VAL-05144,Pearl,Diamond,44,13,7,66,55,1.2,1
VAL-05145,Pearl,Platinum,81,12,5,70,53,1.32,1
VAL-05146,Lotus,Silver,49,12,7,41,56,0.73,0
VAL-05147,Pearl,Diamond,33,9,9,55,56,0.98,0
VAL-05148,Icebox,Gold,62,12,6,67,82,0.82,0
VAL-05149,Pearl,Gold,36,6,10,48,43,1.12,0
VAL-05150,Haven,Gold,71,12,7,58,72,0.81,0
VAL-05151,Icebox,Platinum,62,19,6,68,64,1.06,1
VAL-05152,Pearl,Gold,43,10,11,59,58,1.02,1
VAL-05153,Sunset,Platinum,63,16,11,61,47,1.3,1
VAL-05154,Bind,Silver,51,15,11,49,74,0.66,0
VAL-05155,Split,Ascendant,60,18,5,55,46,1.2,1
VAL-05156,Pearl,Platinum,40,0,11,63,63,1.0,0
VAL-05157,Ascent,Gold,39,13,10,68,51,1.33,1
VAL-05158,Bind,Platinum,59,14,4,56,71,0.79,0
VAL-05159,Sunset,Platinum,78,15,6,72,52,1.38,0
VAL-05160,Pearl,Silver,47,17,11,60,64,0.94,1
VAL-05161,Pearl,Silver,46,15,10,60,56,1.07,1
VAL-05162,Breeze,Silver,51,13,5,74,51,1.45,1
VAL-05163,Haven,Diamond,39,8,4,39,45,0.87,0
VAL-05164,Haven,Platinum,62,4,11,35,70,0.5,0
VAL-05165,Bind,Gold,66,17,9,69,65,1.06,1
VAL-05166,Breeze,Silver,61,10,7,57,53,1.08,0
VAL-05167,Split,Gold,53,11,5,65,56,1.16,1
VAL-05168,Icebox,Gold,43,16,9,60,47,1.28,1
VAL-05169,Haven,Platinum,80,12,4,65,51,1.27,1
VAL-05170,Breeze,Ascendant,45,7,4,67,61,1.1,0
VAL-05171,Haven,Gold,44,5,8,71,49,1.45,1
VAL-05172,Lotus,Gold,33,11,10,64,60,1.07,0
VAL-05173,Sunset,Gold,38,12,7,71,67,1.06,0
VAL-05174,Split,Diamond,59,15,6,55,62,0.89,1
VAL-05175,Sunset,Silver,50,12,10,64,46,1.39,1
VAL-05176,Pearl,Gold,45,12,4,46,60,0.77,0
VAL-05177,Haven,Platinum,45,7,4,53,76,0.7,0
VAL-05178,Pearl,Silver,49,16,10,67,74,0.91,1
VAL-05179,Ascent,Gold,47,24,3,68,57,1.19,1
VAL-05180,Haven,Platinum,72,17,2,58,55,1.05,1
VAL-05181,Breeze,Silver,51,17,4,72,68,1.06,1
VAL-05182,Split,Gold,57,13,10,44,56,0.79,0
VAL-05183,Pearl,Gold,56,8,10,70,45,1.56,1
VAL-05184,Haven,Gold,56,9,3,58,65,0.89,0
VAL-05185,Ascent,Silver,51,15,5,41,52,0.79,0
VAL-05186,Sunset,Ascendant,49,16,3,50,56,0.89,0
VAL-05187,Breeze,Silver,63,8,9,55,60,0.92,0
VAL-05188,Lotus,Platinum,58,14,3,50,54,0.93,0
VAL-05189,Haven,Silver,46,12,8,50,67,0.75,0
VAL-05190,Lotus,Gold,21,14,6,65,67,0.97,1
VAL-05191,Bind,Silver,48,13,7,54,67,0.81,0
VAL-05192,Split,Silver,39,14,2,38,73,0.52,0
VAL-05193,Haven,Silver,44,4,10,63,59,1.07,0
VAL-05194,Ascent,Gold,39,19,12,54,52,1.04,1
VAL-05195,Pearl,Gold,69,18,11,74,50,1.48,1
VAL-05196,Bind,Silver,69,12,7,52,49,1.06,1
VAL-05197,Split,Ascendant,64,7,1,43,45,0.96,0
VAL-05198,Sunset,Gold,51,14,6,57,49,1.16,0
VAL-05199,Breeze,Gold,47,6,8,49,65,0.75,0
VAL-05200,Lotus,Silver,37,19,7,50,58,0.86,0
VAL-05201,Bind,Gold,66,11,2,57,67,0.85,0
VAL-05202,Pearl,Diamond,65,10,9,58,46,1.26,1
VAL-05203,Breeze,Gold,61,14,9,57,55,1.04,1
VAL-05204,Sunset,Gold,42,10,9,58,89,0.65,0
VAL-05205,Pearl,Silver,51,11,5,66,74,0.89,0
VAL-05206,Ascent,Diamond,54,9,3,58,84,0.69,0
VAL-05207,Lotus,Silver,34,15,6,62,79,0.78,0
VAL-05208,Haven,Gold,72,13,11,68,59,1.15,1
VAL-05209,Bind,Silver,39,16,4,54,63,0.86,0
VAL-05210,Haven,Gold,46,5,4,60,61,0.98,0
VAL-05211,Breeze,Silver,34,7,4,61,54,1.13,0
VAL-05212,Haven,Diamond,53,10,6,46,76,0.61,0
VAL-05213,Icebox,Platinum,52,16,8,38,71,0.54,1
VAL-05214,Breeze,Platinum,67,6,9,60,72,0.83,0
VAL-05215,Lotus,Silver,44,9,3,49,48,1.02,0
VAL-05216,Pearl,Gold,42,18,10,76,53,1.43,1
VAL-05217,Lotus,Gold,56,14,10,67,63,1.06,1
VAL-05218,Haven,Platinum,30,16,6,50,48,1.04,0
VAL-05219,Split,Silver,71,12,3,42,60,0.7,0
VAL-05220,Breeze,Ascendant,39,19,11,48,47,1.02,1
VAL-05221,Pearl,Gold,77,6,8,61,47,1.3,1
VAL-05222,Sunset,Ascendant,45,11,13,57,76,0.75,0
VAL-05223,Ascent,Silver,38,11,3,67,85,0.79,0
VAL-05224,Lotus,Silver,62,11,8,49,69,0.71,0
VAL-05225,Lotus,Silver,61,7,11,65,54,1.2,1
VAL-05226,Breeze,Diamond,62,14,8,63,59,1.07,1
VAL-05227,Split,Gold,56,7,0,73,65,1.12,0
VAL-05228,Haven,Diamond,82,7,1,62,67,0.93,0
VAL-05229,Haven,Diamond,39,2,12,51,60,0.85,1
VAL-05230,Breeze,Platinum,71,9,5,73,68,1.07,0
VAL-05231,Lotus,Platinum,36,13,8,57,62,0.92,0
VAL-05232,Pearl,Platinum,75,13,3,56,51,1.1,1
VAL-05233,Ascent,Platinum,59,11,5,61,65,0.94,0
VAL-05234,Breeze,Gold,74,9,10,72,72,1.0,1
VAL-05235,Pearl,Platinum,66,10,8,71,64,1.11,1
VAL-05236,Pearl,Diamond,29,9,6,66,51,1.29,0
VAL-05237,Sunset,Gold,51,20,9,69,61,1.13,1
VAL-05238,Icebox,Ascendant,40,7,7,64,54,1.19,0
VAL-05239,Ascent,Silver,73,9,10,51,50,1.02,1
VAL-05240,Bind,Gold,65,12,6,69,50,1.38,1
VAL-05241,Split,Silver,57,8,8,35,52,0.67,0
VAL-05242,Icebox,Silver,50,12,13,60,63,0.95,1
VAL-05243,Sunset,Diamond,60,5,7,60,74,0.81,0
VAL-05244,Ascent,Ascendant,44,12,9,82,70,1.17,1
VAL-05245,Haven,Diamond,58,10,2,50,64,0.78,0
VAL-05246,Icebox,Ascendant,54,9,7,70,69,1.01,0
VAL-05247,Haven,Silver,45,11,8,62,73,0.85,0
VAL-05248,Split,Silver,63,10,3,57,73,0.78,0
VAL-05249,Haven,Gold,78,10,6,41,59,0.69,0
VAL-05250,Split,Diamond,38,15,6,62,54,1.15,1
VAL-05251,Ascent,Silver,66,19,4,62,80,0.78,0
VAL-05252,Lotus,Immortal,45,1,5,57,66,0.86,0
VAL-05253,Split,Platinum,62,11,13,76,70,1.09,0
VAL-05254,Pearl,Ascendant,48,7,7,71,48,1.48,1
VAL-05255,Bind,Gold,51,11,8,58,75,0.77,0
VAL-05256,Bind,Gold,53,14,13,71,53,1.34,1
VAL-05257,Breeze,Diamond,71,22,0,73,54,1.35,0
VAL-05258,Bind,Diamond,54,11,13,53,51,1.04,0
VAL-05259,Breeze,Silver,51,13,9,50,59,0.85,0
VAL-05260,Bind,Ascendant,54,8,3,48,61,0.79,0
VAL-05261,Split,Diamond,78,8,3,70,58,1.21,1
VAL-05262,Pearl,Silver,62,8,9,57,60,0.95,0
VAL-05263,Lotus,Silver,48,9,9,53,49,1.08,0
VAL-05264,Haven,Gold,73,10,8,70,66,1.06,1
VAL-05265,Sunset,Gold,57,18,4,57,80,0.71,0
VAL-05266,Bind,Platinum,45,11,8,50,53,0.94,1
VAL-05267,Lotus,Silver,60,14,5,75,52,1.44,1
VAL-05268,Lotus,Platinum,53,13,6,71,58,1.22,1
VAL-05269,Split,Platinum,20,16,4,54,57,0.95,0
VAL-05270,Ascent,Silver,59,4,5,52,48,1.08,0
VAL-05271,Ascent,Gold,42,13,1,58,45,1.29,0
VAL-05272,Bind,Silver,40,13,12,67,72,0.93,0
VAL-05273,Sunset,Silver,32,12,4,71,42,1.69,1
VAL-05274,Bind,Platinum,57,16,11,49,60,0.82,1
VAL-05275,Bind,Ascendant,53,12,6,44,49,0.9,0
VAL-05276,Breeze,Silver,66,16,5,58,73,0.79,0
VAL-05277,Pearl,Gold,45,13,1,49,46,1.07,0
VAL-05278,Pearl,Gold,49,13,13,57,52,1.1,1
VAL-05279,Sunset,Gold,79,13,10,54,47,1.15,1
VAL-05280,Breeze,Gold,31,11,4,44,52,0.85,0
VAL-05281,Lotus,Platinum,70,18,10,77,49,1.57,1
VAL-05282,Breeze,Silver,46,16,10,61,65,0.94,1
VAL-05283,Bind,Ascendant,92,12,8,69,65,1.06,1
VAL-05284,Ascent,Silver,64,13,8,38,89,0.43,0
VAL-05285,Icebox,Diamond,47,14,7,53,40,1.32,1
VAL-05286,Sunset,Diamond,38,15,5,53,68,0.78,0
VAL-05287,Lotus,Gold,60,18,6,70,56,1.25,1
VAL-05288,Split,Silver,32,16,4,77,67,1.15,0
VAL-05289,Icebox,Platinum,63,11,10,48,57,0.84,1
VAL-05290,Icebox,Platinum,38,9,12,62,70,0.89,0
VAL-05291,Breeze,Diamond,43,16,8,73,80,0.91,0
VAL-05292,Haven,Platinum,21,13,5,53,52,1.02,0
VAL-05293,Icebox,Gold,57,8,6,52,50,1.04,0
VAL-05294,Bind,Diamond,58,15,8,65,48,1.35,1
VAL-05295,Ascent,Immortal,55,18,9,44,45,0.98,1
VAL-05296,Ascent,Platinum,34,12,7,40,53,0.75,0
VAL-05297,Pearl,Diamond,72,18,5,29,55,0.53,1
VAL-05298,Bind,Platinum,53,15,11,67,61,1.1,1
VAL-05299,Split,Platinum,49,7,7,74,55,1.35,1
VAL-05300,Icebox,Platinum,65,14,8,60,54,1.11,1
VAL-05301,Pearl,Platinum,50,5,1,70,62,1.13,0
VAL-05302,Bind,Gold,60,13,6,39,58,0.67,0
VAL-05303,Breeze,Platinum,46,8,9,66,72,0.92,0
VAL-05304,Ascent,Platinum,65,13,3,61,72,0.85,0
VAL-05305,Pearl,Gold,64,15,2,51,54,0.94,0
VAL-05306,Sunset,Gold,50,10,10,64,47,1.36,1
VAL-05307,Icebox,Diamond,57,19,7,78,57,1.37,1
VAL-05308,Icebox,Platinum,55,8,8,69,57,1.21,1
VAL-05309,Split,Silver,53,3,8,54,81,0.67,0
VAL-05310,Haven,Diamond,41,12,8,54,59,0.92,0
VAL-05311,Sunset,Diamond,42,17,0,64,57,1.12,0
VAL-05312,Icebox,Gold,50,12,6,66,40,1.65,0
VAL-05313,Lotus,Silver,56,10,7,52,67,0.78,0
VAL-05314,Sunset,Ascendant,44,5,7,78,58,1.34,0
VAL-05315,Icebox,Diamond,55,10,7,59,69,0.86,0
VAL-05316,Sunset,Silver,28,7,6,71,75,0.95,1
VAL-05317,Bind,Silver,55,13,10,57,51,1.12,1
VAL-05318,Sunset,Gold,56,13,6,82,69,1.19,1
VAL-05319,Split,Platinum,65,8,8,64,67,0.96,0
VAL-05320,Breeze,Silver,72,11,12,42,55,0.76,1
VAL-05321,Breeze,Gold,63,18,3,51,49,1.04,1
VAL-05322,Breeze,Gold,77,10,0,65,50,1.3,1
VAL-05323,Bind,Diamond,55,10,8,75,55,1.36,1
VAL-05324,Pearl,Gold,56,13,9,62,61,1.02,1
VAL-05325,Breeze,Gold,65,6,13,48,71,0.68,0
VAL-05326,Ascent,Ascendant,54,16,7,59,72,0.82,0
VAL-05327,Bind,Gold,51,10,6,64,57,1.12,0
VAL-05328,Pearl,Gold,71,7,5,68,45,1.51,1
VAL-05329,Ascent,Diamond,64,14,10,74,51,1.45,1
VAL-05330,Ascent,Gold,63,10,9,73,57,1.28,1
VAL-05331,Ascent,Diamond,45,8,9,60,54,1.11,1
VAL-05332,Lotus,Silver,66,12,8,44,74,0.59,0
VAL-05333,Split,Silver,56,16,10,69,54,1.28,1
VAL-05334,Split,Ascendant,43,10,11,55,40,1.38,1
VAL-05335,Bind,Gold,63,8,9,76,71,1.07,1
VAL-05336,Ascent,Platinum,41,3,5,67,67,1.0,0
VAL-05337,Sunset,Silver,26,6,4,58,50,1.16,1
VAL-05338,Pearl,Silver,33,10,7,81,59,1.37,1
VAL-05339,Split,Diamond,52,7,12,65,51,1.27,0
VAL-05340,Breeze,Gold,73,9,8,72,78,0.92,0
VAL-05341,Bind,Gold,59,20,2,53,43,1.23,0
VAL-05342,Pearl,Silver,54,17,12,50,50,1.0,1
VAL-05343,Bind,Gold,71,9,8,38,55,0.69,0
VAL-05344,Lotus,Diamond,61,13,7,69,65,1.06,1
VAL-05345,Lotus,Diamond,67,8,6,57,71,0.8,0
VAL-05346,Ascent,Platinum,67,18,0,83,69,1.2,1
VAL-05347,Lotus,Platinum,51,12,5,63,65,0.97,0
VAL-05348,Bind,Gold,52,16,4,63,42,1.5,1
VAL-05349,Breeze,Gold,45,9,9,74,53,1.4,1
VAL-05350,Ascent,Platinum,65,18,6,58,64,0.91,1
VAL-05351,Icebox,Silver,40,10,10,55,65,0.85,0
VAL-05352,Pearl,Silver,44,5,1,48,52,0.92,0
VAL-05353,Ascent,Ascendant,54,11,13,61,54,1.13,1
VAL-05354,Bind,Silver,56,9,11,64,57,1.12,1
VAL-05355,Pearl,Silver,62,16,8,55,74,0.74,0
VAL-05356,Breeze,Platinum,55,10,6,74,61,1.21,0
VAL-05357,Haven,Platinum,51,14,9,40,49,0.82,1
VAL-05358,Bind,Gold,64,9,7,68,51,1.33,0
VAL-05359,Split,Gold,66,9,6,49,59,0.83,0
VAL-05360,Haven,Ascendant,35,12,9,68,45,1.51,1
VAL-05361,Pearl,Platinum,68,14,10,61,49,1.24,1
VAL-05362,Lotus,Diamond,51,6,8,61,62,0.98,0
VAL-05363,Bind,Silver,74,16,6,66,61,1.08,1
VAL-05364,Pearl,Silver,47,16,7,68,74,0.92,0
VAL-05365,Lotus,Gold,43,11,3,57,50,1.14,0
VAL-05366,Breeze,Silver,63,11,3,64,62,1.03,0
VAL-05367,Breeze,Silver,81,1,5,67,75,0.89,0
VAL-05368,Ascent,Silver,36,19,10,76,70,1.09,1
VAL-05369,Split,Gold,65,11,7,65,76,0.86,0
VAL-05370,Ascent,Platinum,62,16,10,56,44,1.27,1
VAL-05371,Split,Diamond,55,10,11,79,67,1.18,1
VAL-05372,Bind,Silver,80,12,8,73,47,1.55,1
VAL-05373,Icebox,Gold,32,14,4,70,84,0.83,0
VAL-05374,Sunset,Silver,68,10,9,63,70,0.9,1
VAL-05375,Haven,Gold,67,6,4,60,68,0.88,1
VAL-05376,Lotus,Gold,69,11,5,45,53,0.85,0
VAL-05377,Haven,Gold,68,6,11,72,63,1.14,1
VAL-05378,Breeze,Diamond,58,9,7,29,65,0.45,0
VAL-05379,Split,Diamond,51,9,8,62,53,1.17,1
VAL-05380,Lotus,Platinum,48,12,1,57,61,0.93,0
VAL-05381,Breeze,Diamond,62,9,6,65,34,1.91,1
VAL-05382,Lotus,Platinum,55,7,8,57,79,0.72,0
VAL-05383,Ascent,Diamond,52,13,7,62,66,0.94,1
VAL-05384,Breeze,Platinum,48,15,9,55,55,1.0,1
VAL-05385,Ascent,Gold,50,6,5,61,68,0.9,0
VAL-05386,Ascent,Platinum,64,12,10,52,42,1.24,1
VAL-05387,Lotus,Silver,55,15,6,60,70,0.86,0
VAL-05388,Pearl,Platinum,70,12,7,52,59,0.88,1
VAL-05389,Haven,Ascendant,39,7,4,78,42,1.86,1
VAL-05390,Breeze,Platinum,62,13,9,44,60,0.73,0
VAL-05391,Sunset,Silver,43,12,5,51,69,0.74,0
VAL-05392,Pearl,Gold,70,13,8,56,68,0.82,1
VAL-05393,Haven,Diamond,70,12,9,55,60,0.92,1
VAL-05394,Breeze,Ascendant,38,4,10,68,61,1.11,1
VAL-05395,Split,Gold,46,11,13,60,48,1.25,1
VAL-05396,Haven,Diamond,46,16,7,52,59,0.88,0
VAL-05397,Sunset,Diamond,70,18,6,56,65,0.86,1
VAL-05398,Bind,Silver,48,16,5,66,74,0.89,1
VAL-05399,Ascent,Diamond,63,12,9,38,47,0.81,1
VAL-05400,Bind,Gold,47,15,7,49,55,0.89,0
VAL-05401,Pearl,Platinum,68,14,4,57,64,0.89,0
VAL-05402,Ascent,Gold,69,11,4,62,39,1.59,1
VAL-05403,Breeze,Platinum,75,17,11,60,55,1.09,1
VAL-05404,Pearl,Platinum,53,9,10,62,76,0.82,0
VAL-05405,Sunset,Gold,55,12,11,59,47,1.26,1
VAL-05406,Lotus,Diamond,53,16,3,67,66,1.02,1
VAL-05407,Breeze,Diamond,55,8,6,57,61,0.93,0
VAL-05408,Haven,Diamond,50,7,4,53,61,0.87,0
VAL-05409,Lotus,Gold,68,8,7,48,65,0.74,0
VAL-05410,Pearl,Silver,46,14,5,57,54,1.06,0
VAL-05411,Haven,Gold,53,21,11,59,58,1.02,1
VAL-05412,Sunset,Diamond,57,17,6,57,59,0.97,1
VAL-05413,Bind,Silver,61,15,13,43,68,0.63,0
VAL-05414,Haven,Immortal,41,18,10,63,65,0.97,1
VAL-05415,Bind,Diamond,52,13,10,60,61,0.98,1
VAL-05416,Ascent,Platinum,55,10,12,66,52,1.27,1
VAL-05417,Split,Platinum,65,12,7,58,51,1.14,1
VAL-05418,Icebox,Platinum,52,11,10,50,47,1.06,1
VAL-05419,Breeze,Platinum,54,8,8,59,53,1.11,1
VAL-05420,Icebox,Gold,57,11,5,79,63,1.25,0
VAL-05421,Ascent,Diamond,68,6,5,53,73,0.73,0
VAL-05422,Haven,Platinum,30,11,6,57,61,0.93,0
VAL-05423,Ascent,Diamond,56,12,8,51,53,0.96,1
VAL-05424,Icebox,Diamond,69,11,9,59,60,0.98,1
VAL-05425,Icebox,Silver,45,19,9,51,54,0.94,0
VAL-05426,Breeze,Silver,46,13,9,57,67,0.85,0
VAL-05427,Lotus,Diamond,70,19,6,71,47,1.51,1
VAL-05428,Ascent,Gold,51,7,0,67,69,0.97,0
VAL-05429,Split,Platinum,51,16,9,59,66,0.89,1
VAL-05430,Ascent,Gold,58,13,5,59,53,1.11,0
VAL-05431,Sunset,Silver,20,12,13,68,53,1.28,1
VAL-05432,Pearl,Silver,33,7,8,40,56,0.71,0
VAL-05433,Pearl,Diamond,62,13,11,55,65,0.85,1
VAL-05434,Icebox,Platinum,52,21,4,74,51,1.45,1
VAL-05435,Pearl,Gold,53,14,10,67,46,1.46,1
VAL-05436,Bind,Ascendant,47,12,9,58,58,1.0,1
VAL-05437,Split,Silver,52,13,8,40,67,0.6,0
VAL-05438,Pearl,Gold,69,14,4,41,43,0.95,1
VAL-05439,Haven,Diamond,57,18,5,42,35,1.2,1
VAL-05440,Bind,Diamond,68,11,9,48,67,0.72,0
VAL-05441,Bind,Gold,53,13,5,51,61,0.84,0
VAL-05442,Ascent,Ascendant,55,12,5,70,60,1.17,1
VAL-05443,Icebox,Ascendant,59,10,5,45,57,0.79,1
VAL-05444,Breeze,Silver,61,13,9,52,60,0.87,1
VAL-05445,Breeze,Silver,45,18,11,65,67,0.97,1
VAL-05446,Sunset,Diamond,55,9,8,61,77,0.79,0
VAL-05447,Split,Gold,47,13,11,64,65,0.98,1
VAL-05448,Ascent,Silver,73,14,7,59,52,1.13,1
VAL-05449,Breeze,Diamond,34,12,13,71,57,1.25,1
VAL-05450,Icebox,Gold,62,14,11,66,60,1.1,1
VAL-05451,Breeze,Gold,46,14,10,49,64,0.77,0
VAL-05452,Haven,Silver,41,8,8,53,64,0.83,0
VAL-05453,Bind,Platinum,51,12,8,62,62,1.0,1
VAL-05454,Breeze,Platinum,70,12,3,60,76,0.79,0
VAL-05455,Ascent,Silver,47,8,2,70,66,1.06,0
VAL-05456,Pearl,Gold,33,12,9,72,48,1.5,1
VAL-05457,Pearl,Platinum,44,12,7,70,60,1.17,1
VAL-05458,Pearl,Ascendant,56,20,9,59,72,0.82,1
VAL-05459,Ascent,Ascendant,36,9,4,71,55,1.29,1
VAL-05460,Split,Gold,64,16,12,72,54,1.33,1
VAL-05461,Pearl,Platinum,36,14,6,62,59,1.05,0
VAL-05462,Sunset,Diamond,49,16,8,43,58,0.74,0
VAL-05463,Icebox,Diamond,65,9,5,50,57,0.88,0
VAL-05464,Bind,Platinum,49,4,8,55,55,1.0,0
VAL-05465,Pearl,Silver,39,12,13,56,73,0.77,0
VAL-05466,Ascent,Diamond,54,15,10,52,63,0.83,1
VAL-05467,Pearl,Silver,49,11,5,56,50,1.12,0
VAL-05468,Breeze,Silver,70,11,4,65,47,1.38,1
VAL-05469,Pearl,Platinum,65,20,8,62,57,1.09,1
VAL-05470,Haven,Immortal,61,9,6,55,64,0.86,0
VAL-05471,Haven,Silver,55,16,5,65,63,1.03,1
VAL-05472,Pearl,Platinum,52,8,13,65,63,1.03,0
VAL-05473,Bind,Gold,52,17,1,64,67,0.96,0
VAL-05474,Ascent,Diamond,34,12,9,60,58,1.03,0
VAL-05475,Sunset,Platinum,55,14,13,63,74,0.85,1
VAL-05476,Sunset,Silver,45,9,4,60,57,1.05,1
VAL-05477,Pearl,Gold,54,12,6,57,52,1.1,1
VAL-05478,Pearl,Gold,56,13,6,66,33,2.0,1
VAL-05479,Haven,Silver,49,6,12,69,68,1.01,0
VAL-05480,Bind,Silver,66,10,7,52,47,1.11,1
VAL-05481,Pearl,Platinum,42,13,13,83,73,1.14,1
VAL-05482,Sunset,Gold,49,9,10,49,31,1.58,1
VAL-05483,Ascent,Platinum,51,13,6,59,62,0.95,0
VAL-05484,Split,Silver,69,11,4,66,50,1.32,1
VAL-05485,Breeze,Platinum,55,14,4,63,65,0.97,1
VAL-05486,Pearl,Gold,55,11,9,50,53,0.94,1
VAL-05487,Pearl,Silver,65,22,13,62,74,0.84,1
VAL-05488,Bind,Gold,49,4,6,75,48,1.56,0
VAL-05489,Split,Silver,66,9,5,58,62,0.94,0
VAL-05490,Icebox,Diamond,60,15,9,46,62,0.74,0
VAL-05491,Ascent,Platinum,70,13,6,46,53,0.87,0
VAL-05492,Ascent,Platinum,50,14,6,71,69,1.03,1
VAL-05493,Haven,Silver,51,0,12,56,47,1.19,0
VAL-05494,Haven,Gold,57,11,12,60,64,0.94,1
VAL-05495,Lotus,Gold,54,12,8,63,67,0.94,0
VAL-05496,Sunset,Platinum,64,14,5,34,50,0.68,0
VAL-05497,Ascent,Silver,52,13,8,70,69,1.01,1
VAL-05498,Bind,Silver,42,12,10,78,58,1.34,1
VAL-05499,Bind,Gold,71,12,11,56,52,1.08,1
VAL-05500,Split,Gold,78,7,10,59,60,0.98,1
VAL-05501,Bind,Silver,36,13,0,67,50,1.34,0
VAL-05502,Pearl,Gold,61,12,8,55,58,0.95,1
VAL-05503,Sunset,Gold,64,10,9,71,40,1.78,0
VAL-05504,Pearl,Gold,58,12,10,65,69,0.94,1
VAL-05505,Breeze,Gold,74,11,8,73,68,1.07,1
VAL-05506,Ascent,Platinum,39,6,7,48,83,0.58,0
VAL-05507,Sunset,Silver,48,15,6,64,58,1.1,1
VAL-05508,Icebox,Silver,56,19,5,64,66,0.97,1
VAL-05509,Icebox,Gold,66,13,5,67,59,1.14,1
VAL-05510,Breeze,Gold,69,13,11,59,64,0.92,0
VAL-05511,Sunset,Gold,41,18,9,51,78,0.65,0
VAL-05512,Lotus,Diamond,34,20,9,45,69,0.65,0
VAL-05513,Lotus,Diamond,64,11,5,55,64,0.86,0
VAL-05514,Lotus,Silver,56,9,9,54,42,1.29,1
VAL-05515,Ascent,Diamond,57,14,13,56,64,0.88,1
VAL-05516,Ascent,Gold,65,13,7,58,46,1.26,1
VAL-05517,Lotus,Gold,45,16,9,47,64,0.73,0
VAL-05518,Icebox,Immortal,52,12,5,50,63,0.79,0
VAL-05519,Sunset,Diamond,61,12,6,55,50,1.1,1
VAL-05520,Bind,Immortal,44,8,8,64,55,1.16,0
VAL-05521,Sunset,Silver,48,16,5,54,71,0.76,0
VAL-05522,Lotus,Silver,56,9,5,64,71,0.9,0
VAL-05523,Sunset,Gold,61,7,6,77,80,0.96,0
VAL-05524,Split,Platinum,38,1,8,60,46,1.3,0
VAL-05525,Ascent,Silver,63,12,5,76,66,1.15,1
VAL-05526,Ascent,Diamond,60,9,8,72,68,1.06,1
VAL-05527,Icebox,Gold,45,11,4,65,72,0.9,0
VAL-05528,Bind,Gold,82,10,7,55,73,0.75,0
VAL-05529,Lotus,Platinum,44,11,1,58,67,0.87,0
VAL-05530,Icebox,Platinum,64,9,10,69,75,0.92,1
VAL-05531,Icebox,Silver,58,9,2,61,62,0.98,0
VAL-05532,Bind,Immortal,50,8,12,79,52,1.52,1
VAL-05533,Pearl,Gold,56,11,8,57,44,1.3,1
VAL-05534,Lotus,Silver,61,7,9,59,45,1.31,1
VAL-05535,Ascent,Diamond,89,17,6,79,65,1.22,1
VAL-05536,Bind,Immortal,38,12,9,50,44,1.14,0
VAL-05537,Split,Diamond,22,6,8,81,60,1.35,0
VAL-05538,Icebox,Diamond,43,13,4,38,57,0.67,0
VAL-05539,Bind,Platinum,55,8,9,52,54,0.96,1
VAL-05540,Ascent,Ascendant,63,16,5,49,67,0.73,0
VAL-05541,Sunset,Silver,56,10,13,43,57,0.75,0
VAL-05542,Ascent,Diamond,53,18,5,53,56,0.95,1
VAL-05543,Split,Platinum,73,16,2,55,59,0.93,1
VAL-05544,Bind,Silver,46,26,12,62,59,1.05,1
VAL-05545,Split,Gold,75,12,9,39,62,0.63,0
VAL-05546,Lotus,Gold,62,15,8,78,72,1.08,1
VAL-05547,Lotus,Platinum,73,12,5,54,58,0.93,1
VAL-05548,Sunset,Silver,44,12,7,62,66,0.94,0
VAL-05549,Icebox,Diamond,51,17,7,54,54,1.0,1
VAL-05550,Pearl,Silver,37,15,10,60,51,1.18,1
VAL-05551,Haven,Gold,59,12,5,63,61,1.03,0
VAL-05552,Split,Diamond,59,17,5,67,59,1.14,1
VAL-05553,Sunset,Platinum,79,16,9,42,53,0.79,1
VAL-05554,Ascent,Gold,56,18,11,78,66,1.18,1
VAL-05555,Bind,Silver,37,17,6,35,42,0.83,0
VAL-05556,Icebox,Platinum,66,11,9,62,64,0.97,1
VAL-05557,Haven,Immortal,44,10,10,63,56,1.12,1
VAL-05558,Bind,Ascendant,40,10,4,53,55,0.96,1
VAL-05559,Ascent,Platinum,63,15,6,59,77,0.77,0
VAL-05560,Haven,Silver,46,17,2,62,71,0.87,0
VAL-05561,Ascent,Silver,48,16,13,51,66,0.77,1
VAL-05562,Ascent,Silver,72,6,8,33,54,0.61,0
VAL-05563,Ascent,Gold,61,9,10,55,43,1.28,1
VAL-05564,Lotus,Silver,62,15,6,79,78,1.01,1
VAL-05565,Haven,Silver,38,17,6,49,46,1.07,1
VAL-05566,Ascent,Platinum,63,13,7,54,72,0.75,0
VAL-05567,Pearl,Gold,52,18,6,55,63,0.87,0
VAL-05568,Haven,Platinum,50,4,13,55,58,0.95,0
VAL-05569,Lotus,Ascendant,60,11,8,45,59,0.76,0
VAL-05570,Split,Platinum,55,18,9,68,69,0.99,1
VAL-05571,Split,Diamond,37,13,7,63,76,0.83,0
VAL-05572,Icebox,Diamond,66,9,7,57,71,0.8,0
VAL-05573,Breeze,Gold,68,15,9,48,64,0.75,1
VAL-05574,Pearl,Silver,48,13,7,53,81,0.65,0
VAL-05575,Split,Silver,62,10,11,65,67,0.97,1
VAL-05576,Lotus,Gold,66,6,5,64,57,1.12,0
VAL-05577,Breeze,Platinum,33,15,11,59,69,0.86,1
VAL-05578,Ascent,Ascendant,49,8,11,65,61,1.07,1
VAL-05579,Ascent,Ascendant,29,21,13,80,65,1.23,1
VAL-05580,Sunset,Silver,63,5,2,71,70,1.01,0
VAL-05581,Breeze,Immortal,60,12,10,47,65,0.72,0
VAL-05582,Lotus,Gold,47,15,5,77,63,1.22,1
VAL-05583,Pearl,Diamond,53,8,10,58,55,1.05,1
VAL-05584,Breeze,Silver,51,9,10,68,82,0.83,0
VAL-05585,Split,Silver,31,15,4,57,64,0.89,0
VAL-05586,Pearl,Gold,71,8,9,42,60,0.7,0
VAL-05587,Sunset,Diamond,58,20,6,62,68,0.91,1
VAL-05588,Pearl,Silver,53,12,5,73,72,1.01,0
VAL-05589,Ascent,Silver,53,10,1,50,62,0.81,0
VAL-05590,Sunset,Ascendant,63,18,11,56,51,1.1,1
VAL-05591,Split,Ascendant,36,8,7,80,56,1.43,1
VAL-05592,Haven,Silver,44,19,4,73,48,1.52,1
VAL-05593,Split,Platinum,58,8,8,69,58,1.19,1
VAL-05594,Split,Gold,68,17,7,67,60,1.12,0
VAL-05595,Bind,Gold,26,19,4,63,58,1.09,0
VAL-05596,Ascent,Gold,67,12,4,51,71,0.72,1
VAL-05597,Ascent,Gold,47,12,10,55,48,1.15,1
VAL-05598,Lotus,Gold,52,11,8,73,65,1.12,1
VAL-05599,Bind,Platinum,55,9,5,58,49,1.18,0
VAL-05600,Icebox,Gold,42,12,6,42,71,0.59,0
VAL-05601,Split,Platinum,40,16,6,61,40,1.52,1
VAL-05602,Lotus,Platinum,57,14,2,40,62,0.65,0
VAL-05603,Bind,Gold,78,14,10,53,70,0.76,1
VAL-05604,Sunset,Silver,44,9,6,43,64,0.67,0
VAL-05605,Pearl,Platinum,44,8,7,60,49,1.22,0
VAL-05606,Pearl,Diamond,40,19,9,62,65,0.95,1
VAL-05607,Ascent,Platinum,52,7,11,75,62,1.21,1
VAL-05608,Bind,Platinum,43,11,8,66,43,1.53,0
VAL-05609,Split,Silver,43,15,4,55,52,1.06,0
VAL-05610,Split,Platinum,58,18,6,51,54,0.94,1
VAL-05611,Haven,Gold,38,12,7,64,47,1.36,1
VAL-05612,Pearl,Ascendant,74,13,2,43,63,0.68,1
VAL-05613,Lotus,Platinum,41,10,8,75,82,0.91,0
VAL-05614,Bind,Gold,69,19,9,64,60,1.07,1
VAL-05615,Split,Gold,79,17,7,48,53,0.91,0
VAL-05616,Haven,Diamond,69,8,4,52,55,0.95,0
VAL-05617,Bind,Gold,68,15,8,55,38,1.45,1
VAL-05618,Breeze,Gold,65,12,10,59,43,1.37,1
VAL-05619,Split,Platinum,58,13,6,63,66,0.95,0
VAL-05620,Breeze,Diamond,69,9,9,57,56,1.02,1
VAL-05621,Bind,Silver,52,4,8,63,44,1.43,0
VAL-05622,Split,Platinum,65,8,1,55,62,0.89,0
VAL-05623,Breeze,Ascendant,68,10,5,74,57,1.3,1
VAL-05624,Icebox,Ascendant,61,10,9,68,67,1.01,1
VAL-05625,Haven,Platinum,52,3,7,71,53,1.34,0
VAL-05626,Lotus,Immortal,61,13,10,64,81,0.79,0
VAL-05627,Pearl,Platinum,51,6,8,72,47,1.53,1
VAL-05628,Haven,Gold,48,12,9,39,51,0.76,0
VAL-05629,Breeze,Platinum,64,7,6,60,43,1.4,0
VAL-05630,Split,Silver,57,5,8,75,54,1.39,1
VAL-05631,Icebox,Gold,64,12,4,70,59,1.19,1
VAL-05632,Icebox,Gold,57,11,10,66,68,0.97,1
VAL-05633,Pearl,Diamond,61,12,8,53,58,0.91,1
VAL-05634,Icebox,Diamond,72,18,3,67,65,1.03,1
VAL-05635,Haven,Platinum,53,15,6,65,68,0.96,0
VAL-05636,Icebox,Gold,50,20,13,47,54,0.87,1
VAL-05637,Pearl,Silver,60,11,6,70,47,1.49,1
VAL-05638,Icebox,Gold,24,9,6,58,61,0.95,0
VAL-05639,Icebox,Platinum,64,14,5,50,71,0.7,0
VAL-05640,Sunset,Gold,45,19,4,48,75,0.64,0
VAL-05641,Haven,Gold,75,8,4,55,40,1.38,1
VAL-05642,Breeze,Gold,64,18,13,63,43,1.47,1
VAL-05643,Ascent,Diamond,66,14,8,56,45,1.24,1
VAL-05644,Icebox,Diamond,66,10,3,51,72,0.71,0
VAL-05645,Lotus,Platinum,49,18,7,53,72,0.74,0
VAL-05646,Icebox,Gold,52,7,10,62,58,1.07,1
VAL-05647,Sunset,Gold,35,15,8,70,60,1.17,1
VAL-05648,Breeze,Silver,73,11,3,61,67,0.91,0
VAL-05649,Lotus,Silver,40,16,9,78,64,1.22,1
VAL-05650,Lotus,Silver,55,13,7,51,78,0.65,0
VAL-05651,Haven,Silver,70,16,8,54,56,0.96,1
VAL-05652,Pearl,Silver,73,12,13,66,66,1.0,1
VAL-05653,Pearl,Silver,52,10,7,58,60,0.97,0
VAL-05654,Breeze,Silver,35,12,5,71,71,1.0,0
VAL-05655,Pearl,Platinum,58,13,2,46,66,0.7,0
VAL-05656,Bind,Immortal,59,13,5,63,59,1.07,0
VAL-05657,Sunset,Diamond,60,15,5,67,55,1.22,1
VAL-05658,Ascent,Silver,51,12,1,42,58,0.72,0
VAL-05659,Ascent,Gold,53,15,9,47,48,0.98,1
VAL-05660,Haven,Diamond,47,21,9,54,69,0.78,1
VAL-05661,Haven,Silver,57,9,7,46,55,0.84,0
VAL-05662,Ascent,Diamond,65,16,4,59,62,0.95,1
VAL-05663,Pearl,Platinum,58,9,8,67,45,1.49,0
VAL-05664,Split,Ascendant,54,8,9,55,64,0.86,0
VAL-05665,Bind,Diamond,68,18,12,67,55,1.22,1
VAL-05666,Icebox,Platinum,58,8,8,50,86,0.58,0
VAL-05667,Breeze,Platinum,55,12,8,52,67,0.78,0
VAL-05668,Sunset,Silver,56,9,8,53,39,1.36,1
VAL-05669,Split,Silver,40,22,6,58,72,0.81,1
VAL-05670,Bind,Gold,42,12,9,44,62,0.71,0
VAL-05671,Icebox,Silver,54,8,7,45,44,1.02,1
VAL-05672,Haven,Silver,46,9,7,44,48,0.92,1
VAL-05673,Bind,Gold,54,20,6,62,49,1.27,1
VAL-05674,Ascent,Diamond,65,11,6,63,75,0.84,0
VAL-05675,Bind,Silver,63,12,8,29,47,0.62,0
VAL-05676,Breeze,Gold,60,18,9,76,60,1.27,1
VAL-05677,Lotus,Gold,65,17,5,40,51,0.78,0
VAL-05678,Haven,Gold,67,8,8,69,54,1.28,1
VAL-05679,Sunset,Silver,67,9,4,71,64,1.11,1
VAL-05680,Sunset,Ascendant,67,10,9,71,65,1.09,1
VAL-05681,Bind,Platinum,41,11,11,54,49,1.1,1
VAL-05682,Lotus,Gold,32,15,9,61,39,1.56,1
VAL-05683,Icebox,Silver,46,12,6,58,47,1.23,1
VAL-05684,Split,Gold,50,11,10,78,56,1.39,1
VAL-05685,Icebox,Diamond,66,12,3,57,66,0.86,0
VAL-05686,Split,Silver,54,10,8,74,65,1.14,1
VAL-05687,Lotus,Gold,49,18,13,50,74,0.68,0
VAL-05688,Split,Silver,57,9,4,54,67,0.81,0
VAL-05689,Breeze,Ascendant,61,12,6,57,53,1.08,1
VAL-05690,Bind,Silver,64,14,6,60,63,0.95,1
VAL-05691,Icebox,Diamond,50,15,4,59,40,1.48,1
VAL-05692,Breeze,Gold,44,10,5,54,67,0.81,0
VAL-05693,Icebox,Platinum,46,16,7,39,67,0.58,0
VAL-05694,Bind,Platinum,56,21,12,47,49,0.96,1
VAL-05695,Pearl,Silver,42,19,8,66,78,0.85,0
VAL-05696,Split,Gold,66,2,10,69,68,1.01,0
VAL-05697,Lotus,Gold,42,12,10,57,73,0.78,0
VAL-05698,Pearl,Silver,36,9,8,52,70,0.74,0
VAL-05699,Pearl,Diamond,57,14,2,43,54,0.8,0
VAL-05700,Sunset,Silver,52,16,12,74,55,1.35,1
VAL-05701,Ascent,Platinum,61,7,10,65,51,1.27,1
VAL-05702,Breeze,Gold,49,15,8,48,36,1.33,0
VAL-05703,Breeze,Silver,60,12,3,63,66,0.95,0
VAL-05704,Breeze,Platinum,67,11,3,61,73,0.84,1
VAL-05705,Breeze,Platinum,48,14,3,70,59,1.19,1
VAL-05706,Pearl,Gold,61,11,5,62,90,0.69,0
VAL-05707,Breeze,Gold,77,17,8,59,54,1.09,0
VAL-05708,Ascent,Silver,64,10,6,66,47,1.4,1
VAL-05709,Haven,Diamond,45,17,7,70,64,1.09,1
VAL-05710,Bind,Gold,59,12,9,60,61,0.98,1
VAL-05711,Breeze,Silver,39,2,11,49,69,0.71,0
VAL-05712,Lotus,Diamond,41,9,5,66,64,1.03,0
VAL-05713,Haven,Silver,73,12,2,66,73,0.9,0
VAL-05714,Lotus,Gold,60,13,5,63,45,1.4,1
VAL-05715,Lotus,Gold,73,12,9,64,60,1.07,1
VAL-05716,Icebox,Diamond,60,9,10,55,56,0.98,1
VAL-05717,Lotus,Ascendant,48,19,10,61,69,0.88,0
VAL-05718,Breeze,Platinum,56,18,5,70,52,1.35,1
VAL-05719,Icebox,Gold,58,7,8,64,50,1.28,1
VAL-05720,Sunset,Platinum,82,9,12,69,60,1.15,1
VAL-05721,Pearl,Gold,63,13,9,69,62,1.11,0
VAL-05722,Lotus,Gold,46,11,2,78,65,1.2,0
VAL-05723,Ascent,Ascendant,53,1,7,71,51,1.39,0
VAL-05724,Bind,Silver,61,9,6,55,68,0.81,0
VAL-05725,Lotus,Gold,42,15,3,56,48,1.17,0
VAL-05726,Sunset,Diamond,55,12,11,42,53,0.79,0
VAL-05727,Split,Platinum,53,8,3,52,59,0.88,0
VAL-05728,Sunset,Silver,61,10,7,65,70,0.93,0
VAL-05729,Split,Silver,54,11,11,69,47,1.47,1
VAL-05730,Sunset,Gold,38,22,4,51,68,0.75,0
VAL-05731,Pearl,Gold,54,12,7,68,60,1.13,1
VAL-05732,Bind,Gold,64,9,8,62,65,0.95,0
VAL-05733,Sunset,Gold,72,19,5,71,53,1.34,1
VAL-05734,Split,Immortal,67,14,5,72,59,1.22,1
VAL-05735,Lotus,Gold,36,9,8,64,64,1.0,0
VAL-05736,Pearl,Gold,39,12,9,57,78,0.73,0
VAL-05737,Pearl,Gold,42,11,9,63,46,1.37,0
VAL-05738,Lotus,Silver,73,14,4,70,54,1.3,1
VAL-05739,Ascent,Silver,61,7,2,72,55,1.31,0
VAL-05740,Icebox,Ascendant,87,7,10,57,62,0.92,1
VAL-05741,Bind,Diamond,70,11,11,73,45,1.62,0
VAL-05742,Bind,Silver,56,8,13,59,46,1.28,1
VAL-05743,Ascent,Diamond,50,16,13,86,79,1.09,1
VAL-05744,Icebox,Silver,59,8,12,55,58,0.95,1
VAL-05745,Bind,Platinum,65,22,4,52,56,0.93,1
VAL-05746,Split,Silver,70,11,6,69,86,0.8,0
VAL-05747,Haven,Diamond,52,13,9,68,55,1.24,1
VAL-05748,Haven,Silver,81,13,8,48,55,0.87,1
VAL-05749,Bind,Platinum,54,12,6,59,61,0.97,0
VAL-05750,Breeze,Diamond,69,17,11,66,68,0.97,1
VAL-05751,Bind,Silver,59,13,6,60,44,1.36,1
VAL-05752,Lotus,Gold,51,10,8,70,79,0.89,0
VAL-05753,Lotus,Silver,31,7,7,64,69,0.93,0
VAL-05754,Icebox,Platinum,40,14,8,68,66,1.03,1
VAL-05755,Pearl,Gold,69,16,9,63,54,1.17,1
VAL-05756,Split,Platinum,64,7,4,70,59,1.19,0
VAL-05757,Ascent,Ascendant,62,10,0,70,67,1.04,0
VAL-05758,Bind,Gold,74,16,6,62,54,1.15,1
VAL-05759,Split,Silver,43,9,8,60,70,0.86,0
VAL-05760,Ascent,Platinum,49,9,8,57,62,0.92,0
VAL-05761,Lotus,Diamond,50,11,5,57,45,1.27,1
VAL-05762,Sunset,Ascendant,39,17,8,63,50,1.26,1
VAL-05763,Split,Silver,45,16,8,67,54,1.24,1
VAL-05764,Haven,Gold,42,17,5,72,58,1.24,1
VAL-05765,Bind,Diamond,36,8,7,43,59,0.73,0
VAL-05766,Icebox,Diamond,44,9,3,37,54,0.69,0
VAL-05767,Haven,Platinum,54,11,1,59,53,1.11,1
VAL-05768,Pearl,Gold,76,11,11,61,58,1.05,1
VAL-05769,Breeze,Gold,43,9,8,41,58,0.71,0
VAL-05770,Ascent,Silver,68,14,6,62,47,1.32,1
VAL-05771,Lotus,Ascendant,58,5,8,49,61,0.8,0
VAL-05772,Bind,Silver,60,13,8,61,66,0.92,0
VAL-05773,Icebox,Platinum,57,19,13,41,63,0.65,1
VAL-05774,Sunset,Platinum,33,12,11,54,56,0.96,0
VAL-05775,Lotus,Gold,42,9,8,63,63,1.0,0
VAL-05776,Bind,Gold,62,7,13,66,64,1.03,0
VAL-05777,Sunset,Platinum,56,13,7,61,65,0.94,0
VAL-05778,Icebox,Gold,35,19,11,49,65,0.75,0
VAL-05779,Breeze,Gold,52,13,5,64,65,0.98,0
VAL-05780,Haven,Gold,62,11,7,51,46,1.11,1
VAL-05781,Haven,Diamond,40,9,9,65,55,1.18,1
VAL-05782,Lotus,Ascendant,50,6,8,77,51,1.51,1
VAL-05783,Bind,Platinum,73,13,8,57,44,1.3,1
VAL-05784,Bind,Diamond,62,6,8,81,41,1.98,1
VAL-05785,Icebox,Gold,74,16,11,66,74,0.89,1
VAL-05786,Breeze,Platinum,50,15,7,58,57,1.02,1
VAL-05787,Bind,Immortal,68,11,5,79,75,1.05,1
VAL-05788,Icebox,Gold,43,15,7,60,73,0.82,0
VAL-05789,Pearl,Silver,65,13,11,51,53,0.96,1
VAL-05790,Lotus,Ascendant,46,15,10,54,66,0.82,0
VAL-05791,Pearl,Diamond,60,16,7,61,72,0.85,0
VAL-05792,Lotus,Gold,61,11,5,53,59,0.9,0
VAL-05793,Sunset,Immortal,63,7,5,56,67,0.84,0
VAL-05794,Icebox,Gold,43,21,7,54,64,0.84,1
VAL-05795,Icebox,Gold,59,11,7,66,75,0.88,0
VAL-05796,Split,Platinum,55,10,5,80,57,1.4,1
VAL-05797,Sunset,Gold,70,14,10,59,66,0.89,1
VAL-05798,Icebox,Platinum,47,11,5,51,56,0.91,0
VAL-05799,Bind,Silver,39,7,4,59,50,1.18,0
VAL-05800,Lotus,Silver,35,7,6,50,47,1.06,0
VAL-05801,Pearl,Gold,52,8,8,91,70,1.3,1
VAL-05802,Lotus,Platinum,50,13,4,71,69,1.03,0
VAL-05803,Haven,Silver,51,9,7,76,66,1.15,1
VAL-05804,Split,Ascendant,51,16,6,68,68,1.0,0
VAL-05805,Icebox,Platinum,72,11,6,48,60,0.8,0
VAL-05806,Breeze,Silver,53,12,7,64,60,1.07,1
VAL-05807,Ascent,Gold,69,12,9,64,66,0.97,1
VAL-05808,Split,Diamond,60,8,7,71,63,1.13,1
VAL-05809,Icebox,Gold,44,17,13,64,52,1.23,1
VAL-05810,Pearl,Silver,55,13,9,52,65,0.8,0
VAL-05811,Icebox,Silver,74,11,8,81,68,1.19,1
VAL-05812,Ascent,Gold,67,10,6,69,54,1.28,1
VAL-05813,Pearl,Gold,69,10,5,57,59,0.97,0
VAL-05814,Lotus,Platinum,61,7,10,60,75,0.8,0
VAL-05815,Pearl,Ascendant,49,7,2,65,57,1.14,0
VAL-05816,Split,Silver,75,7,10,57,54,1.06,1
VAL-05817,Lotus,Diamond,62,16,10,61,76,0.8,1
VAL-05818,Icebox,Ascendant,66,9,7,63,59,1.07,1
VAL-05819,Sunset,Ascendant,56,8,10,58,68,0.85,0
VAL-05820,Icebox,Ascendant,43,17,6,67,47,1.43,1
VAL-05821,Ascent,Diamond,60,12,7,57,60,0.95,0
VAL-05822,Sunset,Platinum,75,7,9,54,56,0.96,1
VAL-05823,Icebox,Gold,65,14,6,70,68,1.03,1
VAL-05824,Breeze,Gold,62,18,9,66,68,0.97,1
VAL-05825,Split,Diamond,45,15,6,60,48,1.25,1
VAL-05826,Breeze,Gold,73,13,8,54,70,0.77,0
VAL-05827,Lotus,Silver,71,14,13,69,66,1.05,1
VAL-05828,Haven,Silver,34,17,8,60,72,0.83,0
VAL-05829,Icebox,Diamond,66,19,10,58,68,0.85,1
VAL-05830,Bind,Diamond,52,8,10,54,71,0.76,0
VAL-05831,Bind,Gold,59,12,1,48,48,1.0,0
VAL-05832,Pearl,Gold,45,14,7,70,63,1.11,1
VAL-05833,Breeze,Platinum,56,13,11,51,77,0.66,0
VAL-05834,Split,Silver,42,14,3,46,58,0.79,0
VAL-05835,Icebox,Platinum,45,21,6,59,63,0.94,1
VAL-05836,Ascent,Gold,61,11,13,63,62,1.02,0
VAL-05837,Pearl,Ascendant,46,6,4,75,74,1.01,0
VAL-05838,Lotus,Gold,60,19,10,63,66,0.95,1
VAL-05839,Sunset,Platinum,56,19,4,40,42,0.95,0
VAL-05840,Lotus,Platinum,84,14,9,50,56,0.89,1
VAL-05841,Icebox,Gold,47,10,9,75,51,1.47,1
VAL-05842,Haven,Silver,51,15,9,60,60,1.0,1
VAL-05843,Sunset,Gold,46,12,4,49,58,0.84,0
VAL-05844,Breeze,Ascendant,72,11,11,47,65,0.72,0
VAL-05845,Icebox,Gold,56,9,5,66,81,0.81,0
VAL-05846,Haven,Platinum,53,12,2,51,55,0.93,0
VAL-05847,Breeze,Ascendant,64,14,4,59,42,1.4,1
VAL-05848,Haven,Diamond,45,13,4,56,60,0.93,0
VAL-05849,Breeze,Platinum,39,16,9,78,57,1.37,0
VAL-05850,Split,Platinum,58,11,10,49,52,0.94,0
VAL-05851,Bind,Ascendant,57,10,7,74,59,1.25,1
VAL-05852,Lotus,Ascendant,46,14,4,82,46,1.78,1
VAL-05853,Split,Ascendant,59,12,5,50,53,0.94,0
VAL-05854,Sunset,Platinum,77,18,7,46,50,0.92,0
VAL-05855,Pearl,Gold,60,11,3,63,48,1.31,0
VAL-05856,Bind,Silver,31,10,4,61,61,1.0,0
VAL-05857,Split,Gold,72,11,7,74,56,1.32,0
VAL-05858,Icebox,Ascendant,79,10,6,48,69,0.7,0
VAL-05859,Haven,Diamond,61,9,4,62,65,0.95,0
VAL-05860,Sunset,Gold,57,5,11,64,64,1.0,0
VAL-05861,Icebox,Gold,36,7,5,61,75,0.81,0
VAL-05862,Bind,Gold,45,12,3,56,56,1.0,0
VAL-05863,Haven,Gold,51,7,11,60,73,0.82,0
VAL-05864,Sunset,Platinum,46,14,8,91,61,1.49,1
VAL-05865,Pearl,Gold,49,13,6,43,64,0.67,0
VAL-05866,Bind,Silver,56,9,5,83,76,1.09,0
VAL-05867,Sunset,Gold,47,12,6,55,72,0.76,0
VAL-05868,Split,Silver,73,11,5,49,59,0.83,0
VAL-05869,Sunset,Ascendant,56,5,5,49,65,0.75,0
VAL-05870,Bind,Gold,61,14,8,59,56,1.05,1
VAL-05871,Split,Ascendant,61,10,4,61,65,0.94,0
VAL-05872,Icebox,Silver,60,8,0,61,67,0.91,0
VAL-05873,Bind,Silver,56,15,12,56,52,1.08,1
VAL-05874,Ascent,Platinum,67,13,3,76,58,1.31,0
VAL-05875,Pearl,Diamond,70,16,2,49,79,0.62,0
VAL-05876,Ascent,Platinum,30,12,11,56,62,0.9,0
VAL-05877,Lotus,Silver,38,13,6,60,65,0.92,0
VAL-05878,Haven,Silver,48,15,8,60,61,0.98,1
VAL-05879,Breeze,Platinum,42,19,10,49,50,0.98,1
VAL-05880,Pearl,Silver,46,11,10,61,39,1.56,1
VAL-05881,Ascent,Gold,50,13,9,64,65,0.98,1
VAL-05882,Breeze,Platinum,52,14,5,64,45,1.42,1
VAL-05883,Pearl,Silver,37,14,3,64,58,1.1,0
VAL-05884,Breeze,Silver,50,10,12,53,65,0.82,0
VAL-05885,Split,Silver,72,12,7,49,57,0.86,0
VAL-05886,Ascent,Immortal,52,14,8,51,51,1.0,1
VAL-05887,Sunset,Gold,62,13,6,52,63,0.83,0
VAL-05888,Split,Ascendant,54,20,8,37,55,0.67,0
VAL-05889,Pearl,Gold,56,11,6,58,69,0.84,1
VAL-05890,Pearl,Diamond,54,9,6,59,59,1.0,0
VAL-05891,Bind,Silver,64,14,3,50,61,0.82,0
VAL-05892,Ascent,Gold,45,8,8,65,72,0.9,0
VAL-05893,Lotus,Diamond,57,10,0,58,57,1.02,0
VAL-05894,Lotus,Diamond,48,12,10,65,48,1.35,1
VAL-05895,Pearl,Diamond,63,12,13,54,46,1.17,0
VAL-05896,Lotus,Diamond,42,12,6,55,62,0.89,0
VAL-05897,Haven,Silver,63,10,10,68,62,1.1,1
VAL-05898,Bind,Gold,58,13,6,45,62,0.73,0
VAL-05899,Pearl,Gold,40,21,7,60,68,0.88,1
VAL-05900,Lotus,Diamond,76,15,5,64,59,1.08,0
VAL-05901,Ascent,Gold,62,5,6,71,83,0.86,0
VAL-05902,Sunset,Ascendant,42,10,6,63,67,0.94,0
VAL-05903,Split,Gold,57,14,1,50,58,0.86,0
VAL-05904,Split,Platinum,35,6,8,55,45,1.22,0
VAL-05905,Haven,Gold,34,2,1,42,53,0.79,1
VAL-05906,Breeze,Gold,69,9,6,53,73,0.73,0
VAL-05907,Ascent,Platinum,41,9,2,71,74,0.96,0
VAL-05908,Breeze,Gold,64,19,6,73,72,1.01,1
VAL-05909,Bind,Ascendant,69,13,8,57,52,1.1,0
VAL-05910,Sunset,Platinum,43,11,11,78,61,1.28,1
VAL-05911,Bind,Platinum,80,11,7,54,65,0.83,0
VAL-05912,Pearl,Diamond,56,14,6,62,74,0.84,0
VAL-05913,Ascent,Platinum,56,13,4,39,62,0.63,0
VAL-05914,Pearl,Platinum,43,14,4,59,55,1.07,0
VAL-05915,Icebox,Silver,43,13,11,61,50,1.22,1
VAL-05916,Lotus,Gold,29,16,8,53,66,0.8,0
VAL-05917,Split,Platinum,46,12,4,71,40,1.78,1
VAL-05918,Pearl,Diamond,69,15,1,42,61,0.69,1
VAL-05919,Breeze,Gold,43,13,12,42,72,0.58,0
VAL-05920,Icebox,Silver,44,13,3,61,65,0.94,0
VAL-05921,Split,Platinum,40,10,7,38,65,0.58,0
VAL-05922,Pearl,Silver,39,12,4,67,49,1.37,1
VAL-05923,Icebox,Platinum,66,12,4,58,47,1.23,1
VAL-05924,Icebox,Platinum,40,16,8,67,57,1.18,1
VAL-05925,Ascent,Gold,53,13,10,61,51,1.2,1
VAL-05926,Bind,Diamond,51,8,9,63,58,1.09,1
VAL-05927,Icebox,Gold,66,6,9,59,67,0.88,0
VAL-05928,Haven,Platinum,45,7,4,72,65,1.11,0
VAL-05929,Bind,Silver,50,9,8,71,57,1.25,1
VAL-05930,Split,Gold,42,14,8,64,58,1.1,1
VAL-05931,Split,Diamond,47,10,3,63,55,1.15,0
VAL-05932,Split,Silver,44,17,1,67,65,1.03,0
VAL-05933,Split,Gold,53,7,7,59,86,0.69,0
VAL-05934,Haven,Gold,74,15,5,64,53,1.21,1
VAL-05935,Pearl,Silver,53,5,3,53,52,1.02,0
VAL-05936,Sunset,Gold,69,8,1,47,62,0.76,0
VAL-05937,Icebox,Silver,66,8,5,59,50,1.18,1
VAL-05938,Split,Ascendant,54,8,12,70,65,1.08,1
VAL-05939,Bind,Platinum,67,9,10,67,83,0.81,0
VAL-05940,Bind,Gold,58,15,11,49,81,0.6,0
VAL-05941,Icebox,Diamond,38,15,5,53,56,0.95,0
VAL-05942,Pearl,Silver,55,8,10,56,51,1.1,1
VAL-05943,Sunset,Gold,57,11,11,46,70,0.66,0
VAL-05944,Pearl,Gold,76,14,11,53,68,0.78,1
VAL-05945,Icebox,Silver,44,11,6,47,65,0.72,0
VAL-05946,Breeze,Diamond,60,18,6,56,58,0.97,0
VAL-05947,Haven,Silver,40,14,7,55,65,0.85,0
VAL-05948,Icebox,Diamond,74,9,7,68,58,1.17,1
VAL-05949,Lotus,Gold,70,9,3,63,67,0.94,0
VAL-05950,Ascent,Silver,41,8,5,71,63,1.13,0
VAL-05951,Ascent,Platinum,76,9,10,39,59,0.66,0
VAL-05952,Pearl,Platinum,68,12,5,49,68,0.72,0
VAL-05953,Icebox,Gold,70,11,7,63,48,1.31,1
VAL-05954,Icebox,Gold,74,10,8,63,68,0.93,1
VAL-05955,Ascent,Silver,69,14,11,57,69,0.83,1
VAL-05956,Sunset,Ascendant,51,13,9,70,52,1.35,1
VAL-05957,Ascent,Gold,73,6,10,60,51,1.18,1
VAL-05958,Icebox,Silver,44,7,8,83,43,1.93,0
VAL-05959,Sunset,Diamond,46,8,8,61,69,0.88,0
VAL-05960,Split,Gold,50,9,10,54,61,0.89,0
VAL-05961,Lotus,Silver,59,9,0,76,50,1.52,1
VAL-05962,Breeze,Gold,44,10,9,60,70,0.86,0
VAL-05963,Haven,Platinum,41,13,1,66,56,1.18,0
VAL-05964,Split,Silver,44,8,5,50,53,0.94,0
VAL-05965,Bind,Gold,51,9,10,64,72,0.89,0
VAL-05966,Ascent,Diamond,56,6,7,59,51,1.16,0
VAL-05967,Lotus,Silver,46,8,7,67,59,1.14,0
VAL-05968,Ascent,Gold,40,11,8,57,57,1.0,0
VAL-05969,Ascent,Gold,60,8,13,43,58,0.74,0
VAL-05970,Split,Platinum,77,8,0,67,53,1.26,1
VAL-05971,Breeze,Ascendant,50,10,5,60,69,0.87,0
VAL-05972,Sunset,Gold,66,13,11,53,58,0.91,1
VAL-05973,Ascent,Silver,55,8,6,61,56,1.09,0
VAL-05974,Pearl,Gold,63,16,6,62,59,1.05,1
VAL-05975,Icebox,Silver,65,9,9,64,53,1.21,1
VAL-05976,Lotus,Platinum,55,10,3,64,66,0.97,0
VAL-05977,Pearl,Silver,43,17,10,74,57,1.3,1
VAL-05978,Split,Gold,40,14,6,57,71,0.8,0
VAL-05979,Split,Gold,69,11,7,70,81,0.86,0
VAL-05980,Breeze,Gold,63,13,5,56,51,1.1,0
VAL-05981,Breeze,Platinum,67,7,9,45,39,1.15,1
VAL-05982,Sunset,Silver,63,19,6,73,58,1.26,1
VAL-05983,Icebox,Ascendant,68,7,8,52,52,1.0,0
VAL-05984,Lotus,Gold,58,13,6,68,51,1.33,1
VAL-05985,Icebox,Ascendant,37,16,7,61,54,1.13,1
VAL-05986,Bind,Gold,58,13,5,62,63,0.98,0
VAL-05987,Breeze,Diamond,77,12,6,71,40,1.78,1
VAL-05988,Sunset,Silver,59,17,4,38,70,0.54,0
VAL-05989,Haven,Platinum,40,14,4,68,73,0.93,0
VAL-05990,Ascent,Gold,64,10,12,67,51,1.31,0
VAL-05991,Ascent,Gold,81,18,8,51,52,0.98,0
VAL-05992,Haven,Platinum,48,9,1,60,60,1.0,0
VAL-05993,Icebox,Platinum,59,19,7,69,57,1.21,1
VAL-05994,Haven,Platinum,61,14,10,49,60,0.82,1
VAL-05995,Sunset,Silver,57,10,2,58,60,0.97,1
VAL-05996,Lotus,Silver,65,8,9,71,53,1.34,1
VAL-05997,Haven,Platinum,50,13,7,46,59,0.78,0
VAL-05998,Sunset,Silver,63,10,2,63,52,1.21,0
VAL-05999,Breeze,Gold,69,12,5,63,65,0.97,1
VAL-06000,Pearl,Silver,52,15,6,62,55,1.13,1
VAL-06001,Split,Silver,65,16,3,48,46,1.04,1
VAL-06002,Split,Gold,50,18,5,59,45,1.31,1
VAL-06003,Bind,Platinum,38,8,8,60,60,1.0,0
VAL-06004,Icebox,Ascendant,38,13,8,58,59,0.98,0
VAL-06005,Lotus,Gold,61,6,8,68,53,1.28,1
VAL-06006,Pearl,Ascendant,32,12,5,60,69,0.87,0
VAL-06007,Pearl,Platinum,56,6,10,62,75,0.83,0
VAL-06008,Breeze,Ascendant,46,20,7,46,72,0.64,0
VAL-06009,Haven,Diamond,29,17,6,51,74,0.69,0
VAL-06010,Icebox,Platinum,63,6,6,53,69,0.77,0
VAL-06011,Ascent,Gold,38,9,8,54,67,0.81,0
VAL-06012,Pearl,Silver,83,15,8,60,68,0.88,0
VAL-06013,Sunset,Silver,75,13,6,51,67,0.76,0
VAL-06014,Ascent,Ascendant,54,12,10,48,61,0.79,0
VAL-06015,Bind,Ascendant,31,13,6,61,63,0.97,0
VAL-06016,Haven,Platinum,59,15,9,59,62,0.95,1
VAL-06017,Haven,Diamond,77,20,11,63,79,0.8,1
VAL-06018,Lotus,Ascendant,68,7,5,81,61,1.33,1
VAL-06019,Pearl,Gold,69,11,6,47,61,0.77,0
VAL-06020,Breeze,Platinum,74,5,4,60,71,0.85,0
VAL-06021,Split,Gold,40,12,4,60,64,0.94,0
VAL-06022,Sunset,Gold,68,19,9,61,66,0.92,1
VAL-06023,Ascent,Silver,78,14,9,81,61,1.33,1
VAL-06024,Bind,Gold,48,15,1,34,61,0.56,0
VAL-06025,Split,Platinum,50,13,4,56,69,0.81,0
VAL-06026,Haven,Gold,74,9,11,60,43,1.4,1
VAL-06027,Ascent,Diamond,72,6,4,65,62,1.05,0
VAL-06028,Icebox,Gold,45,18,6,67,42,1.6,1
VAL-06029,Pearl,Silver,39,10,7,43,43,1.0,0
VAL-06030,Bind,Diamond,54,11,7,58,38,1.53,1
VAL-06031,Icebox,Platinum,37,4,3,50,65,0.77,0
VAL-06032,Breeze,Silver,45,9,7,64,48,1.33,0
VAL-06033,Pearl,Gold,47,13,0,62,53,1.17,0
VAL-06034,Ascent,Gold,68,13,5,54,68,0.79,0
VAL-06035,Pearl,Ascendant,72,18,6,78,56,1.39,1
VAL-06036,Split,Platinum,69,11,2,57,54,1.06,0
VAL-06037,Lotus,Silver,45,12,9,57,72,0.79,0
VAL-06038,Split,Gold,54,18,4,51,64,0.8,1
VAL-06039,Breeze,Diamond,50,17,12,30,56,0.54,0
VAL-06040,Sunset,Platinum,58,6,8,61,63,0.97,0
VAL-06041,Icebox,Diamond,64,18,6,51,48,1.06,1
VAL-06042,Split,Gold,49,6,9,62,54,1.15,0
VAL-06043,Lotus,Diamond,43,14,2,90,75,1.2,1
VAL-06044,Sunset,Diamond,74,15,8,62,47,1.32,1
VAL-06045,Split,Platinum,68,13,3,62,53,1.17,1
VAL-06046,Haven,Gold,59,10,9,70,56,1.25,1
VAL-06047,Lotus,Diamond,42,10,6,73,54,1.35,1
VAL-06048,Icebox,Platinum,65,2,1,62,64,0.97,0
VAL-06049,Bind,Diamond,53,13,3,62,61,1.02,0
VAL-06050,Sunset,Gold,28,12,7,54,65,0.83,0
VAL-06051,Haven,Silver,49,18,8,66,67,0.99,1
VAL-06052,Bind,Gold,61,11,2,66,65,1.02,1
VAL-06053,Ascent,Gold,52,10,1,60,74,0.81,0
VAL-06054,Lotus,Gold,61,10,6,48,70,0.69,0
VAL-06055,Haven,Gold,61,9,12,62,58,1.07,1
VAL-06056,Pearl,Gold,42,10,5,68,74,0.92,0
VAL-06057,Ascent,Diamond,63,8,8,50,54,0.93,0
VAL-06058,Ascent,Silver,64,14,0,63,56,1.12,0
VAL-06059,Sunset,Gold,55,14,13,68,61,1.11,1
VAL-06060,Lotus,Diamond,55,6,4,63,68,0.93,0
VAL-06061,Haven,Platinum,55,12,7,78,63,1.24,1
VAL-06062,Breeze,Platinum,73,16,1,53,58,0.91,0
VAL-06063,Haven,Gold,60,16,8,50,59,0.85,1
VAL-06064,Split,Gold,56,8,5,51,71,0.72,0
VAL-06065,Ascent,Silver,61,17,8,54,59,0.92,1
VAL-06066,Icebox,Gold,60,10,6,53,67,0.79,0
VAL-06067,Ascent,Immortal,54,12,8,68,38,1.79,1
VAL-06068,Ascent,Platinum,39,11,10,41,41,1.0,0
VAL-06069,Pearl,Silver,56,7,3,53,73,0.73,0
VAL-06070,Breeze,Diamond,62,9,12,70,36,1.94,0
VAL-06071,Bind,Gold,58,17,5,58,42,1.38,1
VAL-06072,Bind,Silver,49,17,8,48,60,0.8,0
VAL-06073,Pearl,Diamond,53,15,4,55,69,0.8,0
VAL-06074,Ascent,Silver,67,11,7,73,38,1.92,1
VAL-06075,Bind,Ascendant,35,19,6,58,60,0.97,1
VAL-06076,Lotus,Gold,46,16,13,63,68,0.93,1
VAL-06077,Breeze,Platinum,57,12,5,58,55,1.05,0
VAL-06078,Bind,Gold,67,4,12,76,57,1.33,1
VAL-06079,Pearl,Gold,77,15,4,57,68,0.84,0
VAL-06080,Split,Platinum,66,17,12,54,62,0.87,1
VAL-06081,Bind,Ascendant,48,14,10,67,59,1.14,1
VAL-06082,Breeze,Diamond,34,4,6,66,52,1.27,0
VAL-06083,Sunset,Platinum,77,13,6,58,53,1.09,0
VAL-06084,Sunset,Immortal,45,21,7,62,63,0.98,1
VAL-06085,Lotus,Gold,57,11,7,67,57,1.18,1
VAL-06086,Haven,Silver,54,20,8,54,50,1.08,1
VAL-06087,Haven,Silver,54,15,7,68,48,1.42,1
VAL-06088,Bind,Platinum,41,12,4,61,38,1.61,1
VAL-06089,Icebox,Diamond,77,18,5,63,53,1.19,1
VAL-06090,Split,Platinum,45,10,8,54,60,0.9,0
VAL-06091,Pearl,Ascendant,57,7,4,60,72,0.83,0
VAL-06092,Split,Platinum,50,7,5,51,69,0.74,0
VAL-06093,Sunset,Gold,62,13,9,55,56,0.98,0
VAL-06094,Bind,Silver,52,14,8,71,55,1.29,1
VAL-06095,Breeze,Ascendant,51,9,6,49,54,0.91,0
VAL-06096,Pearl,Silver,68,17,10,54,44,1.23,0
VAL-06097,Split,Gold,51,12,10,52,47,1.11,0
VAL-06098,Breeze,Gold,72,15,5,64,56,1.14,1
VAL-06099,Pearl,Gold,40,9,9,74,58,1.28,1
VAL-06100,Split,Platinum,52,11,4,58,56,1.04,0
VAL-06101,Lotus,Silver,45,5,8,40,48,0.83,0
VAL-06102,Sunset,Ascendant,55,11,8,67,55,1.22,1
VAL-06103,Ascent,Gold,39,13,7,59,50,1.18,1
VAL-06104,Pearl,Platinum,62,10,6,65,72,0.9,0
VAL-06105,Sunset,Platinum,64,12,7,67,68,0.99,1
VAL-06106,Icebox,Platinum,73,13,7,54,58,0.93,1
VAL-06107,Bind,Ascendant,65,10,0,49,72,0.68,0
VAL-06108,Breeze,Silver,65,11,11,48,64,0.75,0
VAL-06109,Pearl,Silver,63,9,9,78,62,1.26,1
VAL-06110,Bind,Silver,52,8,6,55,61,0.9,0
VAL-06111,Bind,Diamond,74,17,10,55,44,1.25,1
VAL-06112,Ascent,Ascendant,62,6,5,66,64,1.03,0
VAL-06113,Split,Gold,85,15,0,59,69,0.86,0
VAL-06114,Pearl,Platinum,76,7,8,37,66,0.56,1
VAL-06115,Sunset,Silver,59,18,2,49,61,0.8,0
VAL-06116,Haven,Silver,60,14,3,62,64,0.97,0
VAL-06117,Pearl,Platinum,65,11,4,50,66,0.76,1
VAL-06118,Pearl,Silver,74,16,7,76,69,1.1,1
VAL-06119,Pearl,Gold,37,16,7,47,65,0.72,0
VAL-06120,Bind,Platinum,71,14,10,49,74,0.66,0
VAL-06121,Breeze,Diamond,59,14,3,50,55,0.91,0
VAL-06122,Bind,Gold,68,13,5,65,57,1.14,1
VAL-06123,Breeze,Platinum,46,18,11,48,68,0.71,0
VAL-06124,Haven,Gold,46,12,9,76,65,1.17,1
VAL-06125,Bind,Silver,59,12,8,73,64,1.14,1
VAL-06126,Breeze,Platinum,67,15,7,69,72,0.96,1
VAL-06127,Bind,Silver,40,11,8,43,46,0.93,0
VAL-06128,Icebox,Silver,50,16,7,63,64,0.98,1
VAL-06129,Bind,Gold,41,16,7,38,55,0.69,0
VAL-06130,Haven,Diamond,60,23,8,74,67,1.1,1
VAL-06131,Haven,Silver,79,12,4,63,55,1.15,1
VAL-06132,Breeze,Silver,51,14,8,65,69,0.94,1
VAL-06133,Breeze,Silver,64,14,1,56,72,0.78,1
VAL-06134,Haven,Gold,56,15,7,61,53,1.15,1
VAL-06135,Haven,Platinum,59,12,5,60,48,1.25,1
VAL-06136,Ascent,Silver,48,14,9,62,64,0.97,0
VAL-06137,Pearl,Diamond,63,13,3,66,73,0.9,0
VAL-06138,Lotus,Diamond,53,15,8,45,75,0.6,1
VAL-06139,Bind,Platinum,77,4,9,62,77,0.81,0
VAL-06140,Split,Gold,49,11,9,73,50,1.46,0
VAL-06141,Pearl,Gold,67,20,5,56,57,0.98,1
VAL-06142,Lotus,Gold,79,18,6,74,53,1.4,1
VAL-06143,Ascent,Gold,69,13,8,44,58,0.76,0
VAL-06144,Split,Silver,44,14,4,78,62,1.26,1
VAL-06145,Breeze,Platinum,43,14,6,47,69,0.68,0
VAL-06146,Haven,Gold,60,15,4,61,66,0.92,0
VAL-06147,Icebox,Silver,56,8,2,63,72,0.88,1
VAL-06148,Sunset,Gold,61,9,11,61,56,1.09,1
VAL-06149,Haven,Silver,69,9,7,52,74,0.7,0
VAL-06150,Icebox,Ascendant,56,10,4,71,60,1.18,1
VAL-06151,Lotus,Silver,47,18,0,51,64,0.8,0
VAL-06152,Breeze,Diamond,57,7,8,86,76,1.13,1
VAL-06153,Split,Platinum,73,20,2,50,41,1.22,1
VAL-06154,Lotus,Diamond,55,14,5,70,61,1.15,1
VAL-06155,Haven,Gold,81,7,7,46,43,1.07,1
VAL-06156,Haven,Ascendant,66,10,3,53,46,1.15,0
VAL-06157,Split,Silver,64,14,12,29,61,0.48,0
VAL-06158,Sunset,Platinum,48,7,4,73,50,1.46,0
VAL-06159,Icebox,Silver,53,11,3,66,64,1.03,0
VAL-06160,Lotus,Gold,61,7,8,39,61,0.64,0
VAL-06161,Breeze,Platinum,55,15,6,48,53,0.91,0
VAL-06162,Haven,Platinum,70,8,13,40,44,0.91,1
VAL-06163,Lotus,Gold,58,6,11,57,71,0.8,0
VAL-06164,Sunset,Silver,48,18,12,56,62,0.9,1
VAL-06165,Lotus,Platinum,59,11,9,70,52,1.35,1
VAL-06166,Split,Gold,51,10,9,59,52,1.13,1
VAL-06167,Breeze,Silver,64,14,6,77,49,1.57,1
VAL-06168,Ascent,Ascendant,49,12,9,47,61,0.77,0
VAL-06169,Split,Ascendant,78,9,5,57,68,0.84,0
VAL-06170,Lotus,Diamond,38,10,7,54,64,0.84,0
VAL-06171,Ascent,Diamond,52,15,3,54,72,0.75,0
VAL-06172,Haven,Silver,58,8,6,68,63,1.08,0
VAL-06173,Ascent,Immortal,50,12,9,66,75,0.88,0
VAL-06174,Sunset,Gold,29,19,10,45,59,0.76,0
VAL-06175,Bind,Silver,79,11,8,59,41,1.44,1
VAL-06176,Sunset,Diamond,65,17,11,62,47,1.32,1
VAL-06177,Split,Silver,41,8,3,74,56,1.32,0
VAL-06178,Bind,Gold,43,13,9,77,57,1.35,1
VAL-06179,Split,Silver,39,17,4,64,53,1.21,0
VAL-06180,Breeze,Gold,54,10,8,62,65,0.95,0
VAL-06181,Pearl,Platinum,74,20,5,65,71,0.92,1
VAL-06182,Haven,Gold,53,12,5,50,37,1.35,1
VAL-06183,Haven,Silver,51,7,10,54,67,0.81,0
VAL-06184,Lotus,Gold,68,16,8,50,55,0.91,1
VAL-06185,Icebox,Gold,60,18,4,71,43,1.65,1
VAL-06186,Split,Gold,56,7,2,56,47,1.19,0
VAL-06187,Pearl,Ascendant,65,14,4,58,55,1.05,1
VAL-06188,Pearl,Gold,35,9,7,62,54,1.15,1
VAL-06189,Sunset,Diamond,62,8,3,65,50,1.3,1
VAL-06190,Sunset,Silver,72,8,8,78,47,1.66,1
VAL-06191,Icebox,Gold,41,13,4,61,79,0.77,0
VAL-06192,Lotus,Silver,52,17,6,59,61,0.97,1
VAL-06193,Ascent,Gold,33,12,8,72,66,1.09,0
VAL-06194,Sunset,Silver,51,14,6,59,70,0.84,1
VAL-06195,Lotus,Gold,49,10,10,50,55,0.91,0
VAL-06196,Breeze,Gold,77,11,8,38,58,0.66,0
VAL-06197,Haven,Silver,51,9,4,64,62,1.03,0
VAL-06198,Haven,Platinum,60,5,4,59,49,1.2,0
VAL-06199,Lotus,Ascendant,72,10,12,76,49,1.55,1
VAL-06200,Icebox,Silver,30,17,10,58,81,0.72,0
VAL-06201,Pearl,Platinum,58,2,6,50,85,0.59,0
VAL-06202,Icebox,Platinum,43,16,8,68,44,1.55,1
VAL-06203,Lotus,Gold,43,13,6,61,65,0.94,0
VAL-06204,Split,Diamond,46,11,9,69,65,1.06,1
VAL-06205,Bind,Ascendant,50,10,7,62,63,0.98,0
VAL-06206,Haven,Gold,44,14,1,62,51,1.22,0
VAL-06207,Lotus,Platinum,51,18,10,62,50,1.24,1
VAL-06208,Pearl,Platinum,68,13,11,54,73,0.74,0
VAL-06209,Bind,Gold,62,11,6,61,78,0.78,0
VAL-06210,Breeze,Gold,89,23,8,61,59,1.03,1
VAL-06211,Sunset,Ascendant,58,12,10,77,46,1.67,1
VAL-06212,Split,Diamond,63,5,13,60,58,1.03,0
VAL-06213,Sunset,Silver,71,13,9,57,55,1.04,1
VAL-06214,Bind,Silver,42,10,8,71,52,1.37,1
VAL-06215,Bind,Ascendant,71,11,10,51,57,0.89,1
VAL-06216,Sunset,Silver,44,17,10,65,68,0.96,1
VAL-06217,Pearl,Platinum,61,16,9,48,69,0.7,0
VAL-06218,Pearl,Silver,67,5,3,42,62,0.68,0
VAL-06219,Ascent,Silver,33,5,8,71,64,1.11,0
VAL-06220,Breeze,Silver,51,13,8,56,62,0.9,1
VAL-06221,Pearl,Gold,55,16,3,38,54,0.7,0
VAL-06222,Breeze,Silver,42,3,9,52,73,0.71,0
VAL-06223,Breeze,Platinum,60,16,4,58,46,1.26,1
VAL-06224,Bind,Platinum,76,22,11,84,64,1.31,1
VAL-06225,Breeze,Gold,44,17,5,36,63,0.57,0
VAL-06226,Split,Platinum,70,9,10,69,80,0.86,0
VAL-06227,Sunset,Gold,61,15,5,55,48,1.15,1
VAL-06228,Ascent,Gold,39,13,11,60,58,1.03,1
VAL-06229,Lotus,Gold,51,19,11,53,51,1.04,1
VAL-06230,Icebox,Gold,59,17,9,70,73,0.96,1
VAL-06231,Ascent,Ascendant,75,8,5,63,52,1.21,1
VAL-06232,Split,Platinum,65,14,8,51,55,0.93,1
VAL-06233,Ascent,Gold,47,9,5,69,75,0.92,0
VAL-06234,Breeze,Platinum,60,16,4,74,50,1.48,1
VAL-06235,Bind,Gold,22,11,5,71,56,1.27,0
VAL-06236,Icebox,Silver,66,12,7,84,70,1.2,1
VAL-06237,Pearl,Gold,46,13,5,71,76,0.93,0
VAL-06238,Bind,Diamond,43,10,6,61,54,1.13,0
VAL-06239,Breeze,Gold,52,12,5,54,72,0.75,0
VAL-06240,Breeze,Diamond,41,14,7,69,61,1.13,1
VAL-06241,Icebox,Gold,53,11,6,53,57,0.93,0
VAL-06242,Icebox,Gold,68,13,2,72,69,1.04,0
VAL-06243,Haven,Immortal,32,9,7,58,55,1.05,0
VAL-06244,Bind,Gold,55,7,5,64,46,1.39,1
VAL-06245,Pearl,Diamond,54,12,4,48,40,1.2,1
VAL-06246,Ascent,Diamond,62,16,4,57,63,0.9,0
VAL-06247,Breeze,Ascendant,53,16,8,50,63,0.79,0
VAL-06248,Breeze,Silver,67,16,8,77,62,1.24,1
VAL-06249,Haven,Gold,72,16,7,57,51,1.12,1
VAL-06250,Bind,Diamond,68,13,9,59,68,0.87,1
VAL-06251,Bind,Platinum,47,10,7,49,67,0.73,0
VAL-06252,Sunset,Platinum,79,11,7,45,71,0.63,0
VAL-06253,Icebox,Silver,42,12,4,51,58,0.88,1
VAL-06254,Pearl,Gold,64,9,8,51,64,0.8,0
VAL-06255,Icebox,Gold,70,14,7,51,60,0.85,1
VAL-06256,Pearl,Gold,81,10,9,51,48,1.06,1
VAL-06257,Split,Silver,68,5,7,67,63,1.06,0
VAL-06258,Lotus,Silver,47,16,7,55,57,0.96,1
VAL-06259,Pearl,Silver,67,14,5,66,53,1.25,1
VAL-06260,Icebox,Diamond,54,5,7,55,78,0.71,0
VAL-06261,Breeze,Platinum,69,9,13,62,43,1.44,0
VAL-06262,Icebox,Silver,58,12,1,67,60,1.12,0
VAL-06263,Pearl,Silver,73,12,6,53,59,0.9,1
VAL-06264,Bind,Platinum,56,20,9,72,63,1.14,1
VAL-06265,Icebox,Gold,67,8,5,61,54,1.13,1
VAL-06266,Haven,Diamond,48,8,7,48,37,1.3,1
VAL-06267,Sunset,Diamond,70,17,7,54,54,1.0,1
VAL-06268,Breeze,Diamond,30,11,10,56,54,1.04,0
VAL-06269,Haven,Platinum,64,17,6,55,74,0.74,0
VAL-06270,Pearl,Gold,60,11,2,36,65,0.55,0
VAL-06271,Split,Platinum,58,17,12,49,64,0.77,1
VAL-06272,Haven,Silver,30,11,7,67,76,0.88,1
VAL-06273,Lotus,Silver,50,12,7,58,69,0.84,0
VAL-06274,Split,Silver,70,8,6,63,80,0.79,0
VAL-06275,Ascent,Gold,46,19,7,62,57,1.09,1
VAL-06276,Breeze,Silver,38,9,10,58,69,0.84,0
VAL-06277,Ascent,Silver,43,7,7,52,58,0.9,1
VAL-06278,Icebox,Platinum,70,18,5,54,50,1.08,1
VAL-06279,Pearl,Immortal,61,15,3,62,53,1.17,1
VAL-06280,Breeze,Silver,73,18,11,49,61,0.8,1
VAL-06281,Bind,Gold,64,9,6,64,69,0.93,0
VAL-06282,Split,Silver,45,14,9,74,73,1.01,1
VAL-06283,Bind,Ascendant,78,18,9,37,48,0.77,0
VAL-06284,Ascent,Gold,48,7,6,65,58,1.12,0
VAL-06285,Haven,Diamond,46,13,7,58,56,1.04,0
VAL-06286,Haven,Gold,59,10,7,65,84,0.77,0
VAL-06287,Pearl,Diamond,61,10,9,54,59,0.92,0
VAL-06288,Ascent,Silver,66,9,5,74,54,1.37,1
VAL-06289,Sunset,Gold,52,14,6,58,59,0.98,0
VAL-06290,Breeze,Silver,73,11,8,62,67,0.93,1
VAL-06291,Split,Gold,48,8,8,64,76,0.84,0
VAL-06292,Haven,Diamond,43,18,9,61,40,1.52,1
VAL-06293,Haven,Platinum,32,12,3,62,56,1.11,0
VAL-06294,Bind,Gold,53,6,6,63,58,1.09,0
VAL-06295,Bind,Ascendant,66,9,8,55,59,0.93,0
VAL-06296,Icebox,Gold,64,6,3,57,85,0.67,0
VAL-06297,Sunset,Ascendant,59,9,12,70,57,1.23,1
VAL-06298,Bind,Silver,50,13,2,45,80,0.56,0
VAL-06299,Bind,Ascendant,71,14,4,52,54,0.96,1
VAL-06300,Breeze,Silver,57,15,5,43,46,0.93,0
VAL-06301,Bind,Gold,60,10,5,43,66,0.65,1
VAL-06302,Split,Gold,42,11,9,50,58,0.86,0
VAL-06303,Breeze,Gold,33,14,7,58,46,1.26,1
VAL-06304,Icebox,Platinum,66,15,4,65,69,0.94,0
VAL-06305,Ascent,Gold,86,11,13,64,73,0.88,1
VAL-06306,Breeze,Immortal,61,15,9,66,64,1.03,1
VAL-06307,Ascent,Ascendant,66,10,8,54,63,0.86,0
VAL-06308,Haven,Ascendant,66,3,9,79,62,1.27,1
VAL-06309,Icebox,Ascendant,56,16,8,60,67,0.9,1
VAL-06310,Icebox,Diamond,37,14,8,74,70,1.06,1
VAL-06311,Breeze,Immortal,64,12,9,56,48,1.17,1
VAL-06312,Lotus,Diamond,74,13,7,53,56,0.95,1
VAL-06313,Icebox,Gold,62,17,9,63,61,1.03,1
VAL-06314,Ascent,Diamond,53,12,7,47,59,0.8,0
VAL-06315,Icebox,Ascendant,61,0,6,47,64,0.73,0
VAL-06316,Haven,Platinum,55,4,12,72,62,1.16,1
VAL-06317,Split,Gold,72,17,7,61,62,0.98,1
VAL-06318,Lotus,Silver,59,14,6,57,54,1.06,1
VAL-06319,Pearl,Diamond,65,17,4,73,54,1.35,1
VAL-06320,Icebox,Ascendant,70,18,4,53,76,0.7,0
VAL-06321,Bind,Gold,65,18,7,86,56,1.54,1
VAL-06322,Breeze,Silver,57,6,6,58,93,0.62,0
VAL-06323,Breeze,Gold,38,11,5,52,43,1.21,0
VAL-06324,Breeze,Platinum,61,8,11,70,55,1.27,1
VAL-06325,Sunset,Gold,67,13,10,53,65,0.82,1
VAL-06326,Lotus,Platinum,37,7,4,61,64,0.95,0
VAL-06327,Lotus,Ascendant,61,12,6,80,50,1.6,1
VAL-06328,Ascent,Platinum,56,5,2,57,85,0.67,0
VAL-06329,Icebox,Gold,29,11,6,60,54,1.11,0
VAL-06330,Pearl,Ascendant,60,18,5,62,52,1.19,1
VAL-06331,Breeze,Platinum,73,9,7,72,59,1.22,1
VAL-06332,Icebox,Silver,57,9,4,58,49,1.18,0
VAL-06333,Lotus,Gold,31,13,2,76,52,1.46,1
VAL-06334,Haven,Platinum,61,13,5,58,53,1.09,1
VAL-06335,Breeze,Diamond,69,13,11,68,46,1.48,1
VAL-06336,Icebox,Ascendant,46,9,5,54,62,0.87,0
VAL-06337,Lotus,Gold,53,10,13,62,49,1.27,0
VAL-06338,Split,Silver,52,12,4,66,63,1.05,0
VAL-06339,Lotus,Silver,57,16,7,60,50,1.2,1
VAL-06340,Bind,Platinum,51,9,8,51,71,0.72,0
VAL-06341,Sunset,Diamond,72,11,4,56,67,0.84,0
VAL-06342,Sunset,Gold,72,4,2,70,66,1.06,0
VAL-06343,Breeze,Gold,49,10,10,56,59,0.95,1
VAL-06344,Split,Ascendant,72,13,10,81,74,1.09,1
VAL-06345,Split,Ascendant,36,15,11,61,63,0.97,1
VAL-06346,Breeze,Silver,46,9,5,61,55,1.11,0
VAL-06347,Icebox,Diamond,63,13,8,63,48,1.31,1
VAL-06348,Breeze,Platinum,57,13,7,61,65,0.94,0
VAL-06349,Pearl,Silver,58,5,7,77,51,1.51,1
VAL-06350,Pearl,Gold,60,7,6,57,65,0.88,0
VAL-06351,Sunset,Silver,50,14,9,64,59,1.08,1
VAL-06352,Lotus,Gold,71,12,13,71,60,1.18,1
VAL-06353,Breeze,Platinum,64,12,8,77,68,1.13,1
VAL-06354,Breeze,Gold,55,8,8,64,70,0.91,0
VAL-06355,Icebox,Gold,67,6,5,47,57,0.82,0
VAL-06356,Ascent,Gold,61,14,9,46,61,0.75,0
VAL-06357,Sunset,Silver,53,13,0,64,71,0.9,0
VAL-06358,Sunset,Platinum,52,4,6,65,76,0.86,0
VAL-06359,Sunset,Gold,42,12,8,61,66,0.92,0
VAL-06360,Lotus,Gold,49,19,8,57,82,0.7,0
VAL-06361,Haven,Ascendant,54,14,7,59,49,1.2,1
VAL-06362,Ascent,Gold,57,8,1,59,53,1.11,0
VAL-06363,Lotus,Platinum,45,13,11,59,38,1.55,1
VAL-06364,Pearl,Gold,56,11,8,64,52,1.23,1
VAL-06365,Icebox,Diamond,49,19,7,60,49,1.22,1
VAL-06366,Pearl,Diamond,47,7,11,53,69,0.77,0
VAL-06367,Split,Silver,62,17,11,57,61,0.93,1
VAL-06368,Sunset,Platinum,58,7,6,46,79,0.58,0
VAL-06369,Bind,Silver,54,13,6,39,65,0.6,0
VAL-06370,Sunset,Ascendant,62,15,8,61,43,1.42,1
VAL-06371,Sunset,Gold,40,17,11,63,46,1.37,1
VAL-06372,Icebox,Diamond,41,15,10,49,57,0.86,0
VAL-06373,Ascent,Gold,51,6,4,65,56,1.16,0
VAL-06374,Pearl,Platinum,54,12,4,63,63,1.0,0
VAL-06375,Split,Immortal,64,14,4,53,46,1.15,1
VAL-06376,Sunset,Diamond,47,16,9,59,57,1.04,1
VAL-06377,Breeze,Silver,48,7,6,47,71,0.66,0
VAL-06378,Haven,Gold,68,8,8,66,62,1.06,1
VAL-06379,Breeze,Gold,42,6,3,40,61,0.66,0
VAL-06380,Breeze,Gold,67,12,5,58,70,0.83,0
VAL-06381,Icebox,Gold,55,13,8,73,54,1.35,1
VAL-06382,Bind,Gold,46,13,2,60,46,1.3,0
VAL-06383,Bind,Gold,42,11,12,55,49,1.12,1
VAL-06384,Pearl,Silver,53,12,10,46,70,0.66,1
VAL-06385,Bind,Gold,63,12,11,81,55,1.47,1
VAL-06386,Breeze,Gold,55,11,9,47,53,0.89,1
VAL-06387,Icebox,Gold,66,5,1,72,56,1.29,0
VAL-06388,Split,Platinum,66,8,10,56,54,1.04,1
VAL-06389,Pearl,Silver,65,14,9,62,57,1.09,1
VAL-06390,Lotus,Gold,65,10,6,59,63,0.94,0
VAL-06391,Split,Gold,49,10,6,48,50,0.96,0
VAL-06392,Ascent,Gold,64,17,9,52,39,1.33,1
VAL-06393,Ascent,Platinum,81,16,2,73,54,1.35,1
VAL-06394,Ascent,Gold,67,9,10,39,56,0.7,0
VAL-06395,Ascent,Silver,50,18,5,58,70,0.83,1
VAL-06396,Icebox,Diamond,48,11,7,77,64,1.2,1
VAL-06397,Split,Immortal,56,15,8,65,53,1.23,1
VAL-06398,Sunset,Silver,64,12,3,65,63,1.03,0
VAL-06399,Haven,Gold,57,9,2,65,76,0.86,0
VAL-06400,Pearl,Gold,42,15,8,59,72,0.82,0
VAL-06401,Lotus,Gold,64,8,7,56,55,1.02,0
VAL-06402,Breeze,Gold,66,11,8,72,62,1.16,1
VAL-06403,Ascent,Platinum,44,12,4,48,68,0.71,0
VAL-06404,Lotus,Silver,67,10,10,65,76,0.86,0
VAL-06405,Haven,Ascendant,56,7,11,51,59,0.86,0
VAL-06406,Lotus,Gold,61,14,6,54,61,0.89,0
VAL-06407,Split,Gold,61,16,4,72,58,1.24,1
VAL-06408,Lotus,Diamond,58,13,5,57,52,1.1,0
VAL-06409,Ascent,Silver,50,9,8,54,56,0.96,0
VAL-06410,Haven,Gold,61,21,8,77,67,1.15,1
VAL-06411,Breeze,Gold,56,11,13,50,81,0.62,0
VAL-06412,Sunset,Gold,59,11,9,80,49,1.63,1
VAL-06413,Bind,Gold,52,0,6,62,72,0.86,0
VAL-06414,Ascent,Silver,60,7,9,72,77,0.94,0
VAL-06415,Haven,Silver,55,17,8,52,58,0.9,1
VAL-06416,Split,Silver,43,25,7,70,61,1.15,1
VAL-06417,Icebox,Immortal,61,17,12,69,60,1.15,1
VAL-06418,Haven,Silver,68,8,5,54,77,0.7,0
VAL-06419,Bind,Silver,60,14,9,56,49,1.14,1
VAL-06420,Bind,Ascendant,53,10,9,45,59,0.76,0
VAL-06421,Pearl,Platinum,60,11,12,49,65,0.75,0
VAL-06422,Sunset,Gold,47,7,1,68,53,1.28,0
VAL-06423,Bind,Silver,65,14,11,58,43,1.35,1
VAL-06424,Pearl,Platinum,66,7,4,46,51,0.9,0
VAL-06425,Pearl,Silver,55,3,2,65,47,1.38,1
VAL-06426,Pearl,Platinum,57,10,4,74,64,1.16,0
VAL-06427,Haven,Ascendant,43,2,3,71,72,0.99,0
VAL-06428,Pearl,Gold,62,9,11,71,63,1.13,1
VAL-06429,Ascent,Silver,52,14,12,41,49,0.84,1
VAL-06430,Ascent,Platinum,25,17,5,65,65,1.0,0
VAL-06431,Icebox,Gold,57,15,6,41,57,0.72,0
VAL-06432,Bind,Gold,54,11,10,48,76,0.63,0
VAL-06433,Sunset,Gold,43,10,12,70,57,1.23,1
VAL-06434,Pearl,Platinum,67,8,7,64,53,1.21,1
VAL-06435,Split,Platinum,50,18,6,74,66,1.12,1
VAL-06436,Split,Immortal,46,7,3,58,55,1.05,0
VAL-06437,Bind,Diamond,68,12,3,72,61,1.18,1
VAL-06438,Icebox,Gold,60,14,12,63,44,1.43,1
VAL-06439,Split,Platinum,44,4,3,51,55,0.93,0
VAL-06440,Ascent,Silver,55,2,8,70,62,1.13,0
VAL-06441,Lotus,Diamond,46,14,6,60,64,0.94,0
VAL-06442,Haven,Silver,40,6,6,63,55,1.15,0
VAL-06443,Breeze,Gold,39,13,2,71,73,0.97,0
VAL-06444,Split,Diamond,63,8,6,83,50,1.66,1
VAL-06445,Sunset,Gold,46,13,12,57,67,0.85,0
VAL-06446,Pearl,Diamond,43,14,7,66,73,0.9,0
VAL-06447,Sunset,Platinum,53,16,9,59,58,1.02,1
VAL-06448,Haven,Gold,86,14,3,53,87,0.61,0
VAL-06449,Ascent,Gold,61,13,7,59,49,1.2,1
VAL-06450,Icebox,Ascendant,65,19,6,68,57,1.19,1
VAL-06451,Haven,Silver,44,8,7,68,61,1.11,0
VAL-06452,Breeze,Platinum,60,12,8,45,62,0.73,0
VAL-06453,Lotus,Platinum,55,16,8,57,65,0.88,1
VAL-06454,Split,Ascendant,47,1,4,77,56,1.38,0
VAL-06455,Icebox,Platinum,53,18,5,45,66,0.68,0
VAL-06456,Icebox,Platinum,48,11,7,47,67,0.7,0
VAL-06457,Split,Ascendant,57,14,13,72,51,1.41,1
VAL-06458,Split,Diamond,53,10,5,57,67,0.85,0
VAL-06459,Split,Platinum,48,14,6,40,65,0.62,0
VAL-06460,Split,Silver,52,13,6,58,69,0.84,0
VAL-06461,Split,Gold,66,8,8,54,58,0.93,0
VAL-06462,Icebox,Platinum,41,10,10,52,37,1.41,1
VAL-06463,Bind,Gold,49,14,8,83,36,2.31,1
VAL-06464,Bind,Gold,59,18,4,42,61,0.69,0
VAL-06465,Sunset,Silver,48,10,9,53,53,1.0,1
VAL-06466,Bind,Platinum,70,7,12,62,65,0.95,1
VAL-06467,Breeze,Gold,69,13,7,44,59,0.75,0
VAL-06468,Bind,Silver,70,11,6,72,57,1.26,1
VAL-06469,Icebox,Gold,63,15,12,52,67,0.78,1
VAL-06470,Split,Diamond,67,9,3,48,61,0.79,0
VAL-06471,Pearl,Gold,55,7,7,66,58,1.14,0
VAL-06472,Pearl,Silver,48,18,8,66,49,1.35,1
VAL-06473,Breeze,Silver,49,10,8,60,51,1.18,1
VAL-06474,Icebox,Gold,36,8,9,50,62,0.81,0
VAL-06475,Ascent,Diamond,51,9,3,55,64,0.86,1
VAL-06476,Haven,Platinum,52,18,6,60,77,0.78,0
VAL-06477,Sunset,Silver,53,21,6,51,67,0.76,0
VAL-06478,Ascent,Gold,85,9,4,74,54,1.37,1
VAL-06479,Icebox,Diamond,46,11,3,78,69,1.13,0
VAL-06480,Bind,Silver,52,13,11,46,75,0.61,1
VAL-06481,Split,Gold,81,5,7,77,67,1.15,1
VAL-06482,Ascent,Gold,47,10,4,58,50,1.16,0
VAL-06483,Haven,Silver,43,20,4,46,79,0.58,0
VAL-06484,Pearl,Silver,53,11,7,65,83,0.78,1
VAL-06485,Haven,Platinum,47,17,10,57,38,1.5,1
VAL-06486,Split,Silver,68,12,4,64,59,1.08,1
VAL-06487,Bind,Silver,57,3,9,69,53,1.3,1
VAL-06488,Haven,Gold,42,16,11,67,76,0.88,1
VAL-06489,Sunset,Silver,59,11,9,53,63,0.84,0
VAL-06490,Haven,Gold,57,18,5,77,55,1.4,0
VAL-06491,Icebox,Silver,39,13,7,56,54,1.04,0
VAL-06492,Bind,Gold,60,12,6,68,50,1.36,1
VAL-06493,Split,Diamond,61,14,6,67,90,0.74,0
VAL-06494,Pearl,Platinum,39,14,7,64,60,1.07,0
VAL-06495,Pearl,Gold,40,5,5,64,56,1.14,0
VAL-06496,Haven,Silver,51,16,4,50,42,1.19,0
VAL-06497,Icebox,Platinum,48,12,8,57,65,0.88,0
VAL-06498,Ascent,Silver,62,12,10,50,49,1.02,0
VAL-06499,Ascent,Silver,50,14,10,69,67,1.03,1
VAL-06500,Icebox,Platinum,53,16,4,55,54,1.02,1
VAL-06501,Sunset,Ascendant,42,16,10,56,75,0.75,0
VAL-06502,Ascent,Gold,66,15,12,55,52,1.06,1
VAL-06503,Ascent,Silver,46,5,4,55,59,0.93,0
VAL-06504,Split,Diamond,43,12,4,59,70,0.84,0
VAL-06505,Split,Silver,56,8,3,56,69,0.81,0
VAL-06506,Bind,Diamond,68,13,4,62,65,0.95,0
VAL-06507,Sunset,Gold,60,11,11,58,65,0.89,1
VAL-06508,Sunset,Gold,48,20,4,47,57,0.82,0
VAL-06509,Bind,Gold,50,7,9,68,50,1.36,0
VAL-06510,Sunset,Ascendant,39,12,2,63,59,1.07,0
VAL-06511,Breeze,Diamond,78,12,3,67,57,1.18,1
VAL-06512,Lotus,Gold,74,10,5,60,64,0.94,0
VAL-06513,Split,Platinum,58,12,9,65,66,0.98,1
VAL-06514,Bind,Platinum,55,21,6,48,58,0.83,1
VAL-06515,Bind,Platinum,41,13,7,55,68,0.81,1
VAL-06516,Sunset,Diamond,53,18,5,66,61,1.08,1
VAL-06517,Ascent,Silver,66,10,5,55,64,0.86,0
VAL-06518,Pearl,Gold,64,15,4,73,60,1.22,0
VAL-06519,Haven,Ascendant,50,9,9,75,66,1.14,1
VAL-06520,Haven,Ascendant,65,9,8,63,59,1.07,1
VAL-06521,Bind,Silver,69,5,6,61,55,1.11,0
VAL-06522,Breeze,Silver,55,8,6,80,66,1.21,1
VAL-06523,Bind,Immortal,67,12,8,35,58,0.6,0
VAL-06524,Split,Gold,75,18,10,64,63,1.02,1
VAL-06525,Sunset,Platinum,78,12,5,70,64,1.09,1
VAL-06526,Sunset,Silver,48,13,9,43,45,0.96,1
VAL-06527,Breeze,Diamond,60,17,5,52,56,0.93,1
VAL-06528,Split,Silver,63,11,6,70,48,1.46,1
VAL-06529,Pearl,Silver,55,8,6,58,62,0.94,0
VAL-06530,Ascent,Silver,70,9,10,65,48,1.35,0
VAL-06531,Split,Ascendant,56,16,6,40,47,0.85,0
VAL-06532,Icebox,Platinum,53,13,1,45,65,0.69,0
VAL-06533,Lotus,Diamond,39,13,4,55,70,0.79,1
VAL-06534,Bind,Gold,35,8,13,72,51,1.41,1
VAL-06535,Icebox,Ascendant,51,17,2,67,59,1.14,0
VAL-06536,Breeze,Diamond,20,19,1,50,51,0.98,0
VAL-06537,Icebox,Diamond,70,13,9,52,53,0.98,1
VAL-06538,Sunset,Ascendant,66,16,9,66,44,1.5,1
VAL-06539,Ascent,Gold,63,9,6,61,63,0.97,0
VAL-06540,Haven,Platinum,68,17,9,64,57,1.12,0
VAL-06541,Bind,Ascendant,52,14,6,56,56,1.0,0
VAL-06542,Haven,Diamond,58,7,4,55,66,0.83,0
VAL-06543,Sunset,Platinum,51,14,12,60,72,0.83,1
VAL-06544,Sunset,Silver,68,14,5,52,48,1.08,1
VAL-06545,Bind,Platinum,24,13,3,52,67,0.78,0
VAL-06546,Haven,Gold,68,14,2,42,57,0.74,0
VAL-06547,Split,Silver,33,12,11,55,55,1.0,0
VAL-06548,Sunset,Diamond,53,11,8,48,72,0.67,0
VAL-06549,Haven,Gold,42,13,10,53,55,0.96,1
VAL-06550,Pearl,Gold,53,11,13,58,59,0.98,1
VAL-06551,Haven,Platinum,48,9,5,68,60,1.13,0
VAL-06552,Pearl,Gold,50,16,13,57,65,0.88,1
VAL-06553,Pearl,Silver,62,10,7,61,56,1.09,1
VAL-06554,Sunset,Gold,58,11,7,56,55,1.02,1
VAL-06555,Bind,Silver,67,10,11,61,80,0.76,0
VAL-06556,Breeze,Silver,60,9,7,59,57,1.04,0
VAL-06557,Sunset,Silver,36,18,10,40,37,1.08,1
VAL-06558,Bind,Silver,83,6,6,58,52,1.12,1
VAL-06559,Bind,Gold,31,14,8,59,61,0.97,0
VAL-06560,Icebox,Gold,59,11,11,63,63,1.0,1
VAL-06561,Lotus,Ascendant,64,14,9,52,77,0.68,0
VAL-06562,Sunset,Gold,59,11,6,56,52,1.08,1
VAL-06563,Bind,Platinum,53,14,7,67,54,1.24,1
VAL-06564,Icebox,Gold,73,13,6,52,72,0.72,0
VAL-06565,Pearl,Diamond,68,14,7,54,82,0.66,0
VAL-06566,Breeze,Platinum,55,19,12,74,56,1.32,1
VAL-06567,Breeze,Gold,50,5,7,50,49,1.02,0
VAL-06568,Pearl,Silver,45,12,10,42,65,0.65,0
VAL-06569,Haven,Gold,46,8,9,68,43,1.58,1
VAL-06570,Haven,Platinum,54,9,11,44,60,0.73,0
VAL-06571,Sunset,Gold,35,8,4,58,60,0.97,0
VAL-06572,Lotus,Diamond,55,11,8,63,69,0.91,0
VAL-06573,Icebox,Silver,65,16,13,68,49,1.39,1
VAL-06574,Breeze,Silver,48,10,5,66,56,1.18,0
VAL-06575,Ascent,Platinum,55,13,13,50,73,0.68,0
VAL-06576,Ascent,Diamond,59,16,4,75,55,1.36,1
VAL-06577,Split,Gold,61,9,6,56,56,1.0,0
VAL-06578,Bind,Platinum,53,9,9,51,53,0.96,0
VAL-06579,Pearl,Silver,76,12,7,69,49,1.41,1
VAL-06580,Bind,Platinum,55,5,1,50,66,0.76,0
VAL-06581,Bind,Diamond,39,20,8,64,52,1.23,1
VAL-06582,Icebox,Diamond,50,12,7,56,42,1.33,1
VAL-06583,Split,Silver,71,14,5,56,51,1.1,1
VAL-06584,Lotus,Gold,70,11,6,84,48,1.75,1
VAL-06585,Split,Platinum,34,15,1,61,83,0.73,0
VAL-06586,Breeze,Silver,51,11,5,37,59,0.63,0
VAL-06587,Icebox,Platinum,49,14,9,44,67,0.66,0
VAL-06588,Bind,Gold,64,17,8,62,51,1.22,1
VAL-06589,Lotus,Gold,41,3,10,46,63,0.73,0
VAL-06590,Bind,Diamond,74,15,13,54,61,0.89,1
VAL-06591,Sunset,Gold,37,10,5,68,38,1.79,1
VAL-06592,Sunset,Immortal,53,8,4,58,52,1.12,1
VAL-06593,Haven,Diamond,41,6,10,67,46,1.46,1
VAL-06594,Split,Platinum,63,12,7,72,46,1.57,1
VAL-06595,Lotus,Silver,30,13,6,67,58,1.16,0
VAL-06596,Sunset,Ascendant,53,9,13,51,55,0.93,1
VAL-06597,Haven,Diamond,53,7,11,68,66,1.03,1
VAL-06598,Icebox,Silver,44,12,7,68,48,1.42,1
VAL-06599,Lotus,Gold,70,12,9,59,63,0.94,1
VAL-06600,Haven,Gold,75,14,8,51,68,0.75,0
VAL-06601,Pearl,Immortal,50,15,3,60,45,1.33,1
VAL-06602,Lotus,Diamond,57,17,8,61,57,1.07,0
VAL-06603,Haven,Ascendant,48,15,7,48,72,0.67,0
VAL-06604,Bind,Diamond,40,5,5,69,62,1.11,0
VAL-06605,Pearl,Gold,42,12,6,56,47,1.19,1
VAL-06606,Sunset,Silver,42,16,3,60,47,1.28,1
VAL-06607,Ascent,Silver,70,15,2,64,59,1.08,1
VAL-06608,Haven,Silver,60,22,5,62,66,0.94,1
VAL-06609,Icebox,Gold,44,16,4,59,66,0.89,0
VAL-06610,Haven,Ascendant,45,7,13,50,64,0.78,0
VAL-06611,Ascent,Immortal,43,6,11,75,57,1.32,1
VAL-06612,Pearl,Gold,32,12,6,74,55,1.35,1
VAL-06613,Pearl,Platinum,61,13,9,71,41,1.73,1
VAL-06614,Lotus,Platinum,53,10,7,60,60,1.0,1
VAL-06615,Icebox,Gold,76,15,5,65,58,1.12,1
VAL-06616,Icebox,Platinum,30,2,4,49,59,0.83,0
VAL-06617,Icebox,Gold,65,10,6,60,73,0.82,0
VAL-06618,Ascent,Ascendant,66,3,6,43,57,0.75,0
VAL-06619,Icebox,Platinum,68,9,7,54,58,0.93,0
VAL-06620,Breeze,Diamond,58,11,13,65,48,1.35,1
VAL-06621,Ascent,Silver,66,16,7,70,65,1.08,1
VAL-06622,Pearl,Silver,59,7,3,51,55,0.93,0
VAL-06623,Ascent,Gold,46,11,6,52,86,0.6,0
VAL-06624,Bind,Diamond,50,10,10,64,68,0.94,1
VAL-06625,Bind,Ascendant,50,12,13,42,82,0.51,0
VAL-06626,Icebox,Gold,69,10,3,74,56,1.32,1
VAL-06627,Pearl,Diamond,70,11,7,51,56,0.91,1
VAL-06628,Ascent,Gold,65,9,8,58,69,0.84,0
VAL-06629,Ascent,Gold,56,13,10,66,63,1.05,1
VAL-06630,Ascent,Platinum,30,16,6,58,69,0.84,0
VAL-06631,Breeze,Diamond,65,12,7,56,64,0.88,1
VAL-06632,Bind,Silver,64,20,6,65,58,1.12,0
VAL-06633,Ascent,Gold,58,12,3,55,61,0.9,0
VAL-06634,Breeze,Gold,61,15,10,63,54,1.17,1
VAL-06635,Bind,Silver,45,9,4,60,44,1.36,0
VAL-06636,Breeze,Ascendant,51,12,2,48,64,0.75,0
VAL-06637,Lotus,Platinum,45,11,6,72,71,1.01,0
VAL-06638,Bind,Silver,53,7,2,56,56,1.0,0
VAL-06639,Sunset,Silver,66,9,6,64,55,1.16,1
VAL-06640,Lotus,Ascendant,60,13,6,52,61,0.85,0
VAL-06641,Ascent,Platinum,42,17,7,41,61,0.67,0
VAL-06642,Pearl,Platinum,77,14,6,71,71,1.0,1
VAL-06643,Breeze,Silver,57,13,7,60,66,0.91,1
VAL-06644,Breeze,Diamond,47,9,13,62,51,1.22,1
VAL-06645,Breeze,Gold,51,14,0,60,46,1.3,0
VAL-06646,Breeze,Platinum,48,9,12,81,61,1.33,0
VAL-06647,Pearl,Ascendant,58,7,3,68,73,0.93,1
VAL-06648,Haven,Silver,39,8,8,66,74,0.89,0
VAL-06649,Breeze,Gold,59,12,11,54,41,1.32,1
VAL-06650,Haven,Silver,65,10,6,58,65,0.89,0
VAL-06651,Pearl,Gold,63,13,8,60,61,0.98,0
VAL-06652,Pearl,Gold,58,10,9,66,41,1.61,1
VAL-06653,Lotus,Ascendant,62,13,10,57,68,0.84,1
VAL-06654,Bind,Gold,60,11,3,56,75,0.75,1
VAL-06655,Sunset,Platinum,68,12,8,68,66,1.03,1
VAL-06656,Icebox,Diamond,52,8,7,76,77,0.99,0
VAL-06657,Sunset,Immortal,44,18,8,38,64,0.59,0
VAL-06658,Icebox,Gold,59,5,8,69,58,1.19,1
VAL-06659,Pearl,Gold,68,22,7,57,64,0.89,1
VAL-06660,Sunset,Silver,50,14,7,66,51,1.29,0
VAL-06661,Split,Silver,74,6,9,58,53,1.09,1
VAL-06662,Bind,Platinum,60,12,6,56,63,0.89,0
VAL-06663,Sunset,Silver,66,13,9,61,58,1.05,1
VAL-06664,Bind,Gold,41,18,5,46,79,0.58,0
VAL-06665,Haven,Silver,64,7,13,50,58,0.86,1
VAL-06666,Bind,Platinum,61,7,8,55,60,0.92,0
VAL-06667,Haven,Gold,80,13,8,60,62,0.97,1
VAL-06668,Breeze,Silver,61,13,5,72,68,1.06,1
VAL-06669,Haven,Gold,63,18,7,68,44,1.55,1
VAL-06670,Lotus,Platinum,45,8,8,58,75,0.77,0
VAL-06671,Breeze,Platinum,59,8,11,49,69,0.71,0
VAL-06672,Pearl,Gold,69,19,4,60,65,0.92,1
VAL-06673,Ascent,Diamond,51,12,3,65,91,0.71,0
VAL-06674,Haven,Silver,46,9,6,55,57,0.96,0
VAL-06675,Haven,Silver,79,15,6,57,54,1.06,1
VAL-06676,Bind,Silver,52,4,6,72,48,1.5,1
VAL-06677,Pearl,Gold,66,14,8,62,81,0.77,1
VAL-06678,Sunset,Platinum,49,9,8,60,56,1.07,0
VAL-06679,Split,Silver,50,10,6,59,83,0.71,0
VAL-06680,Icebox,Platinum,54,17,11,73,66,1.11,1
VAL-06681,Haven,Gold,62,14,13,41,63,0.65,1
VAL-06682,Sunset,Immortal,69,7,9,64,63,1.02,1
VAL-06683,Split,Platinum,48,12,8,41,49,0.84,0
VAL-06684,Icebox,Platinum,68,12,7,55,66,0.83,0
VAL-06685,Ascent,Platinum,57,11,4,43,64,0.67,1
VAL-06686,Bind,Immortal,53,8,10,64,74,0.86,0
VAL-06687,Sunset,Immortal,62,13,6,39,67,0.58,0
VAL-06688,Bind,Gold,72,15,7,45,61,0.74,0
VAL-06689,Icebox,Gold,61,14,7,59,54,1.09,1
VAL-06690,Lotus,Gold,46,9,3,60,65,0.92,0
VAL-06691,Haven,Gold,57,11,11,76,59,1.29,1
VAL-06692,Breeze,Gold,62,3,10,77,64,1.2,1
VAL-06693,Split,Gold,48,18,5,46,57,0.81,0
VAL-06694,Pearl,Ascendant,58,10,4,54,60,0.9,1
VAL-06695,Haven,Gold,46,10,5,55,48,1.15,1
VAL-06696,Breeze,Diamond,63,7,5,70,52,1.35,1
VAL-06697,Sunset,Gold,73,15,4,56,43,1.3,1
VAL-06698,Ascent,Platinum,54,16,8,41,56,0.73,1
VAL-06699,Haven,Gold,64,10,8,68,48,1.42,1
VAL-06700,Bind,Platinum,67,7,3,55,58,0.95,0
VAL-06701,Lotus,Gold,50,12,13,76,61,1.25,1
VAL-06702,Pearl,Gold,60,11,4,64,64,1.0,0
VAL-06703,Bind,Diamond,69,15,1,68,41,1.66,1
VAL-06704,Breeze,Silver,75,11,9,67,52,1.29,1
VAL-06705,Haven,Gold,52,11,7,50,64,0.78,0
VAL-06706,Lotus,Silver,41,15,6,39,64,0.61,0
VAL-06707,Haven,Diamond,62,6,7,76,64,1.19,1
VAL-06708,Sunset,Gold,58,11,7,67,71,0.94,0
VAL-06709,Ascent,Platinum,55,13,9,49,50,0.98,1
VAL-06710,Icebox,Silver,49,10,6,34,50,0.68,0
VAL-06711,Haven,Gold,66,13,6,74,55,1.35,1
VAL-06712,Breeze,Diamond,48,13,8,62,56,1.11,1
VAL-06713,Bind,Silver,47,16,9,72,70,1.03,1
VAL-06714,Sunset,Platinum,53,11,7,64,57,1.12,1
VAL-06715,Breeze,Silver,66,4,7,54,65,0.83,0
VAL-06716,Pearl,Gold,39,6,11,54,51,1.06,0
VAL-06717,Icebox,Gold,43,14,7,59,70,0.84,0
VAL-06718,Sunset,Platinum,45,13,3,59,50,1.18,0
VAL-06719,Ascent,Platinum,79,11,7,49,54,0.91,1
VAL-06720,Icebox,Platinum,58,11,7,59,55,1.07,1
VAL-06721,Breeze,Gold,42,9,8,68,74,0.92,0
VAL-06722,Pearl,Gold,53,9,8,60,70,0.86,0
VAL-06723,Split,Silver,64,10,7,66,61,1.08,1
VAL-06724,Ascent,Diamond,79,11,8,63,46,1.37,1
VAL-06725,Lotus,Diamond,37,12,3,72,64,1.12,1
VAL-06726,Split,Silver,42,12,13,65,67,0.97,1
VAL-06727,Haven,Silver,51,11,7,51,72,0.71,0
VAL-06728,Pearl,Silver,51,15,4,45,69,0.65,0
VAL-06729,Bind,Ascendant,51,15,3,78,49,1.59,0
VAL-06730,Lotus,Diamond,54,17,8,50,54,0.93,1
VAL-06731,Breeze,Gold,79,11,6,57,68,0.84,0
VAL-06732,Pearl,Gold,40,10,8,59,66,0.89,0
VAL-06733,Icebox,Gold,57,12,13,54,61,0.89,1
VAL-06734,Sunset,Platinum,62,10,7,71,62,1.15,1
VAL-06735,Icebox,Platinum,38,12,10,60,55,1.09,1
VAL-06736,Icebox,Gold,72,14,4,44,39,1.13,1
VAL-06737,Haven,Diamond,53,12,8,63,62,1.02,1
VAL-06738,Ascent,Gold,42,11,4,58,75,0.77,1
VAL-06739,Bind,Silver,74,15,4,65,67,0.97,1
VAL-06740,Lotus,Platinum,63,19,8,79,61,1.3,1
VAL-06741,Ascent,Gold,48,9,11,53,54,0.98,0
VAL-06742,Pearl,Ascendant,64,13,10,47,68,0.69,0
VAL-06743,Icebox,Gold,60,11,13,89,54,1.65,1
VAL-06744,Haven,Gold,37,9,7,48,85,0.56,0
VAL-06745,Pearl,Platinum,38,9,8,79,64,1.23,1
VAL-06746,Sunset,Gold,59,10,9,80,58,1.38,1
VAL-06747,Bind,Gold,34,18,7,57,71,0.8,0
VAL-06748,Lotus,Immortal,67,16,10,72,65,1.11,1
VAL-06749,Sunset,Gold,38,8,5,49,47,1.04,0
VAL-06750,Haven,Gold,66,14,5,66,58,1.14,1
VAL-06751,Bind,Diamond,72,8,5,70,63,1.11,1
VAL-06752,Pearl,Silver,61,9,4,50,64,0.78,0
VAL-06753,Icebox,Silver,20,17,2,73,52,1.4,1
VAL-06754,Icebox,Platinum,68,20,7,69,67,1.03,1
VAL-06755,Icebox,Silver,50,4,0,77,40,1.92,1
VAL-06756,Split,Immortal,54,12,6,62,62,1.0,1
VAL-06757,Icebox,Gold,46,14,1,36,67,0.54,1
VAL-06758,Split,Platinum,75,11,12,62,83,0.75,0
VAL-06759,Breeze,Silver,57,13,6,59,64,0.92,0
VAL-06760,Split,Gold,50,10,0,71,49,1.45,0
VAL-06761,Bind,Platinum,71,15,7,47,63,0.75,1
VAL-06762,Sunset,Gold,66,11,8,84,47,1.79,1
VAL-06763,Bind,Diamond,41,14,5,62,68,0.91,0
VAL-06764,Sunset,Gold,59,16,12,75,67,1.12,1
VAL-06765,Breeze,Platinum,58,15,9,43,52,0.83,1
VAL-06766,Sunset,Gold,37,11,6,58,45,1.29,1
VAL-06767,Sunset,Platinum,65,3,9,79,91,0.87,0
VAL-06768,Haven,Platinum,55,14,12,52,57,0.91,1
VAL-06769,Ascent,Silver,81,6,3,47,62,0.76,0
VAL-06770,Ascent,Gold,72,14,5,60,63,0.95,1
VAL-06771,Haven,Silver,58,14,7,70,59,1.19,1
VAL-06772,Icebox,Gold,54,11,2,56,63,0.89,0
VAL-06773,Haven,Platinum,30,12,8,59,67,0.88,0
VAL-06774,Sunset,Silver,65,18,12,61,75,0.81,1
VAL-06775,Sunset,Ascendant,54,17,7,57,50,1.14,1
VAL-06776,Haven,Gold,49,11,2,66,53,1.25,0
VAL-06777,Haven,Ascendant,55,4,9,47,62,0.76,0
VAL-06778,Icebox,Silver,74,18,12,48,75,0.64,0
VAL-06779,Bind,Ascendant,71,6,0,64,42,1.52,1
VAL-06780,Breeze,Silver,71,12,9,54,64,0.84,1
VAL-06781,Pearl,Gold,43,12,9,71,70,1.01,1
VAL-06782,Sunset,Ascendant,74,14,8,56,77,0.73,0
VAL-06783,Breeze,Silver,49,17,8,65,72,0.9,1
VAL-06784,Haven,Silver,64,12,7,66,56,1.18,1
VAL-06785,Icebox,Diamond,63,10,6,56,71,0.79,0
VAL-06786,Split,Platinum,53,13,11,60,44,1.36,0
VAL-06787,Icebox,Gold,58,7,7,61,74,0.82,0
VAL-06788,Lotus,Silver,35,9,13,50,71,0.7,0
VAL-06789,Lotus,Platinum,56,11,10,71,57,1.25,1
VAL-06790,Breeze,Silver,52,14,7,55,64,0.86,0
VAL-06791,Ascent,Ascendant,81,18,4,51,58,0.88,1
VAL-06792,Lotus,Platinum,55,16,9,61,57,1.07,1
VAL-06793,Lotus,Platinum,46,16,4,73,68,1.07,1
VAL-06794,Bind,Silver,56,16,5,59,68,0.87,0
VAL-06795,Split,Diamond,47,14,6,58,60,0.97,0
VAL-06796,Bind,Gold,38,12,3,62,64,0.97,0
VAL-06797,Split,Diamond,60,8,12,58,83,0.7,1
VAL-06798,Pearl,Gold,55,12,3,52,67,0.78,1
VAL-06799,Sunset,Diamond,67,5,8,61,53,1.15,1
VAL-06800,Lotus,Platinum,72,10,5,57,62,0.92,0
VAL-06801,Sunset,Silver,78,12,3,46,32,1.44,1
VAL-06802,Lotus,Gold,58,12,6,58,66,0.88,0
VAL-06803,Bind,Silver,63,9,7,57,56,1.02,1
VAL-06804,Pearl,Gold,58,5,12,58,43,1.35,0
VAL-06805,Bind,Gold,27,10,8,48,68,0.71,0
VAL-06806,Bind,Gold,70,11,8,66,65,1.02,0
VAL-06807,Split,Platinum,62,13,9,71,64,1.11,1
VAL-06808,Ascent,Platinum,62,15,6,59,74,0.8,0
VAL-06809,Icebox,Silver,49,11,5,57,63,0.9,0
VAL-06810,Breeze,Diamond,47,10,5,63,66,0.95,0
VAL-06811,Sunset,Ascendant,54,9,5,63,57,1.11,1
VAL-06812,Lotus,Gold,62,12,8,54,71,0.76,0
VAL-06813,Bind,Silver,32,16,3,66,55,1.2,0
VAL-06814,Ascent,Gold,57,8,6,53,62,0.85,0
VAL-06815,Bind,Platinum,75,4,11,48,61,0.79,0
VAL-06816,Pearl,Platinum,53,13,8,58,64,0.91,0
VAL-06817,Split,Platinum,31,17,7,62,60,1.03,0
VAL-06818,Icebox,Silver,53,13,5,58,72,0.81,0
VAL-06819,Pearl,Diamond,59,8,4,67,60,1.12,0
VAL-06820,Haven,Gold,60,12,11,59,55,1.07,1
VAL-06821,Bind,Silver,57,12,7,73,57,1.28,1
VAL-06822,Pearl,Silver,78,15,5,69,61,1.13,1
VAL-06823,Icebox,Gold,57,9,6,44,63,0.7,0
VAL-06824,Ascent,Platinum,57,18,4,55,51,1.08,1
VAL-06825,Ascent,Platinum,48,10,7,52,59,0.88,0
VAL-06826,Sunset,Ascendant,66,9,7,65,71,0.92,0
VAL-06827,Icebox,Silver,75,13,9,67,56,1.2,1
VAL-06828,Ascent,Immortal,47,6,2,67,72,0.93,0
VAL-06829,Pearl,Platinum,54,20,7,47,58,0.81,1
VAL-06830,Sunset,Gold,27,14,9,57,62,0.92,0
VAL-06831,Ascent,Diamond,45,11,7,70,67,1.04,0
VAL-06832,Split,Platinum,79,8,11,64,86,0.74,0
VAL-06833,Haven,Gold,51,11,9,36,58,0.62,0
VAL-06834,Icebox,Diamond,58,16,10,78,56,1.39,1
VAL-06835,Pearl,Platinum,46,10,4,60,76,0.79,0
VAL-06836,Lotus,Platinum,60,9,2,64,59,1.08,0
VAL-06837,Bind,Diamond,53,15,8,60,63,0.95,1
VAL-06838,Pearl,Gold,60,8,1,55,64,0.86,0
VAL-06839,Ascent,Platinum,56,13,5,42,54,0.78,0
VAL-06840,Pearl,Platinum,72,14,7,55,57,0.96,1
VAL-06841,Lotus,Gold,57,14,9,65,39,1.67,1
VAL-06842,Bind,Silver,45,14,7,58,63,0.92,0
VAL-06843,Sunset,Diamond,47,8,11,64,40,1.6,1
VAL-06844,Ascent,Silver,33,11,5,55,73,0.75,0
VAL-06845,Breeze,Platinum,57,11,4,57,67,0.85,0
VAL-06846,Ascent,Ascendant,54,13,13,64,58,1.1,1
VAL-06847,Haven,Gold,73,5,7,58,72,0.81,1
VAL-06848,Breeze,Silver,41,6,7,56,72,0.78,0
VAL-06849,Haven,Silver,47,21,5,66,57,1.16,1
VAL-06850,Lotus,Platinum,47,15,4,59,50,1.18,1
VAL-06851,Icebox,Ascendant,52,11,7,51,64,0.8,0
VAL-06852,Bind,Gold,40,12,10,59,75,0.79,0
VAL-06853,Split,Silver,52,20,6,56,65,0.86,1
VAL-06854,Sunset,Platinum,55,5,0,50,60,0.83,0
VAL-06855,Split,Platinum,56,12,4,80,59,1.36,0
VAL-06856,Lotus,Gold,70,11,13,53,59,0.9,1
VAL-06857,Icebox,Platinum,55,17,0,63,40,1.58,1
VAL-06858,Ascent,Gold,54,14,5,57,73,0.78,0
VAL-06859,Pearl,Diamond,69,21,8,72,88,0.82,1
VAL-06860,Haven,Gold,55,15,8,73,49,1.49,1
VAL-06861,Lotus,Gold,40,10,8,65,56,1.16,0
VAL-06862,Haven,Diamond,42,11,10,68,54,1.26,1
VAL-06863,Ascent,Gold,42,15,6,44,46,0.96,0
VAL-06864,Icebox,Gold,40,18,4,72,62,1.16,1
VAL-06865,Bind,Ascendant,79,9,6,67,64,1.05,1
VAL-06866,Split,Platinum,42,13,11,53,65,0.82,0
VAL-06867,Ascent,Silver,54,4,2,54,58,0.93,0
VAL-06868,Sunset,Platinum,56,11,6,58,88,0.66,0
VAL-06869,Breeze,Diamond,53,19,7,81,61,1.33,1
VAL-06870,Lotus,Platinum,46,18,5,57,61,0.93,0
VAL-06871,Split,Silver,60,15,5,53,49,1.08,0
VAL-06872,Sunset,Platinum,37,19,8,53,58,0.91,1
VAL-06873,Bind,Platinum,42,11,7,41,56,0.73,0
VAL-06874,Sunset,Diamond,68,12,10,67,50,1.34,1
VAL-06875,Icebox,Silver,42,11,9,68,69,0.99,0
VAL-06876,Breeze,Platinum,71,15,10,31,53,0.58,1
VAL-06877,Haven,Silver,72,24,5,75,57,1.32,1
VAL-06878,Split,Platinum,72,13,13,58,69,0.84,1
VAL-06879,Breeze,Ascendant,65,7,2,54,58,0.93,0
VAL-06880,Pearl,Silver,38,8,9,44,69,0.64,1
VAL-06881,Ascent,Gold,37,9,4,47,53,0.89,1
VAL-06882,Pearl,Platinum,42,9,2,64,44,1.45,0
VAL-06883,Ascent,Platinum,44,8,12,69,62,1.11,1
VAL-06884,Icebox,Gold,39,13,6,49,73,0.67,0
VAL-06885,Breeze,Platinum,47,6,3,41,72,0.57,0
VAL-06886,Bind,Diamond,64,14,6,57,64,0.89,0
VAL-06887,Sunset,Platinum,63,16,5,50,63,0.79,0
VAL-06888,Breeze,Platinum,59,10,7,61,63,0.97,0
VAL-06889,Pearl,Gold,52,13,6,69,36,1.92,1
VAL-06890,Lotus,Ascendant,54,15,3,50,63,0.79,0
VAL-06891,Ascent,Gold,59,16,7,64,56,1.14,1
VAL-06892,Lotus,Silver,49,12,7,72,76,0.95,0
VAL-06893,Split,Gold,67,8,12,62,59,1.05,1
VAL-06894,Lotus,Platinum,39,12,11,65,63,1.03,1
VAL-06895,Breeze,Diamond,46,11,7,52,49,1.06,0
VAL-06896,Sunset,Silver,44,13,8,73,70,1.04,0
VAL-06897,Split,Diamond,60,8,4,65,62,1.05,0
VAL-06898,Bind,Diamond,41,6,9,50,62,0.81,0
VAL-06899,Bind,Platinum,44,4,13,78,88,0.89,0
VAL-06900,Icebox,Diamond,60,5,4,38,64,0.59,0
VAL-06901,Sunset,Silver,45,5,5,71,82,0.87,0
VAL-06902,Haven,Silver,65,16,8,48,37,1.3,1
VAL-06903,Lotus,Diamond,65,13,8,60,65,0.92,0
VAL-06904,Split,Gold,49,12,7,72,66,1.09,1
VAL-06905,Breeze,Silver,57,11,5,46,49,0.94,0
VAL-06906,Breeze,Platinum,80,4,3,64,63,1.02,1
VAL-06907,Haven,Diamond,65,14,4,40,52,0.77,0
VAL-06908,Icebox,Platinum,61,13,9,57,58,0.98,0
VAL-06909,Haven,Gold,74,12,13,74,56,1.32,1
VAL-06910,Ascent,Gold,43,9,9,58,55,1.05,0
VAL-06911,Pearl,Diamond,70,9,6,69,53,1.3,1
VAL-06912,Split,Silver,59,14,9,68,41,1.66,1
VAL-06913,Pearl,Silver,72,9,3,47,59,0.8,0
VAL-06914,Haven,Gold,49,16,7,45,65,0.69,1
VAL-06915,Icebox,Platinum,72,18,5,66,65,1.02,1
VAL-06916,Icebox,Gold,34,16,6,64,35,1.83,1
VAL-06917,Bind,Gold,50,12,5,51,48,1.06,0
VAL-06918,Bind,Silver,58,12,4,57,69,0.83,0
VAL-06919,Split,Silver,63,12,12,62,47,1.32,1
VAL-06920,Split,Gold,30,15,5,53,71,0.75,0
VAL-06921,Split,Gold,40,18,5,69,72,0.96,0
VAL-06922,Breeze,Platinum,42,14,7,60,73,0.82,0
VAL-06923,Bind,Gold,44,5,8,58,38,1.53,1
VAL-06924,Breeze,Gold,46,8,12,56,70,0.8,0
VAL-06925,Pearl,Gold,57,11,8,65,63,1.03,1
VAL-06926,Haven,Gold,73,16,9,59,54,1.09,1
VAL-06927,Lotus,Silver,50,21,1,41,63,0.65,0
VAL-06928,Bind,Silver,74,12,8,78,59,1.32,1
VAL-06929,Lotus,Gold,56,15,5,38,38,1.0,0
VAL-06930,Icebox,Immortal,52,6,5,74,43,1.72,1
VAL-06931,Bind,Gold,68,9,3,51,50,1.02,0
VAL-06932,Pearl,Ascendant,53,13,6,54,69,0.78,0
VAL-06933,Bind,Gold,46,4,8,79,68,1.16,0
VAL-06934,Breeze,Gold,71,13,8,36,61,0.59,0
VAL-06935,Haven,Diamond,55,10,8,59,48,1.23,1
VAL-06936,Sunset,Silver,76,12,5,73,49,1.49,1
VAL-06937,Haven,Silver,51,9,5,54,56,0.96,0
VAL-06938,Haven,Ascendant,39,14,6,64,77,0.83,0
VAL-06939,Icebox,Gold,46,16,7,71,51,1.39,1
VAL-06940,Pearl,Silver,47,15,2,59,49,1.2,0
VAL-06941,Lotus,Silver,54,15,6,74,65,1.14,1
VAL-06942,Pearl,Ascendant,45,14,6,60,70,0.86,0
VAL-06943,Sunset,Diamond,40,12,8,54,56,0.96,0
VAL-06944,Icebox,Gold,51,10,13,65,74,0.88,1
VAL-06945,Haven,Silver,56,16,7,71,59,1.2,1
VAL-06946,Breeze,Diamond,60,8,7,53,56,0.95,0
VAL-06947,Icebox,Gold,55,14,9,57,48,1.19,1
VAL-06948,Split,Gold,71,14,6,48,67,0.72,0
VAL-06949,Bind,Platinum,56,8,8,56,47,1.19,0
VAL-06950,Pearl,Gold,29,8,11,55,42,1.31,1
VAL-06951,Icebox,Platinum,58,14,6,63,59,1.07,1
VAL-06952,Split,Diamond,55,13,12,42,50,0.84,1
VAL-06953,Lotus,Diamond,64,13,8,58,53,1.09,1
VAL-06954,Sunset,Gold,42,11,9,68,70,0.97,0
VAL-06955,Sunset,Gold,68,18,10,65,65,1.0,1
VAL-06956,Haven,Gold,58,14,11,68,70,0.97,1
VAL-06957,Haven,Gold,57,17,10,67,61,1.1,1
VAL-06958,Icebox,Gold,66,11,11,68,33,2.06,1
VAL-06959,Icebox,Gold,69,16,8,50,57,0.88,0
VAL-06960,Bind,Silver,68,11,5,52,68,0.76,0
VAL-06961,Ascent,Silver,27,11,7,68,72,0.94,0
VAL-06962,Lotus,Gold,38,7,4,39,67,0.58,0
VAL-06963,Haven,Platinum,50,14,6,42,65,0.65,0
VAL-06964,Ascent,Platinum,41,8,5,57,68,0.84,0
VAL-06965,Ascent,Gold,47,10,3,59,79,0.75,0
VAL-06966,Bind,Platinum,54,7,10,54,60,0.9,0
VAL-06967,Breeze,Platinum,49,4,11,41,60,0.68,0
VAL-06968,Breeze,Gold,55,12,5,71,67,1.06,0
VAL-06969,Haven,Silver,71,9,9,53,50,1.06,1
VAL-06970,Split,Gold,76,13,13,45,71,0.63,1
VAL-06971,Bind,Gold,59,12,11,33,53,0.62,0
VAL-06972,Bind,Silver,71,16,4,68,61,1.11,1
VAL-06973,Pearl,Immortal,50,20,10,59,35,1.69,1
VAL-06974,Ascent,Gold,48,17,6,51,55,0.93,0
VAL-06975,Pearl,Platinum,54,12,10,68,54,1.26,1
VAL-06976,Ascent,Gold,51,15,13,66,55,1.2,1
VAL-06977,Breeze,Silver,63,17,7,61,65,0.94,1
VAL-06978,Haven,Silver,55,10,11,60,58,1.03,1
VAL-06979,Lotus,Platinum,73,16,5,56,46,1.22,1
VAL-06980,Breeze,Silver,56,17,6,65,61,1.07,1
VAL-06981,Bind,Silver,47,12,1,42,55,0.76,0
VAL-06982,Lotus,Ascendant,49,14,12,56,67,0.84,1
VAL-06983,Icebox,Gold,48,20,2,45,61,0.74,0
VAL-06984,Lotus,Silver,64,9,4,63,68,0.93,0
VAL-06985,Lotus,Gold,54,11,8,69,52,1.33,1
VAL-06986,Breeze,Platinum,56,14,13,60,71,0.85,1
VAL-06987,Bind,Gold,60,8,1,58,65,0.89,0
VAL-06988,Lotus,Silver,61,12,8,45,68,0.66,0
VAL-06989,Breeze,Gold,68,7,3,63,55,1.15,0
VAL-06990,Breeze,Silver,59,4,12,68,59,1.15,1
VAL-06991,Lotus,Platinum,43,13,8,59,59,1.0,0
VAL-06992,Ascent,Platinum,49,7,12,54,55,0.98,0
VAL-06993,Bind,Silver,49,8,5,51,53,0.96,0
VAL-06994,Sunset,Gold,46,16,6,72,48,1.5,1
VAL-06995,Lotus,Gold,67,13,4,79,52,1.52,1
VAL-06996,Pearl,Platinum,53,12,11,59,58,1.02,1
VAL-06997,Pearl,Gold,57,11,11,59,44,1.34,1
VAL-06998,Icebox,Gold,59,18,5,62,71,0.87,0
VAL-06999,Bind,Immortal,58,21,10,69,74,0.93,1
VAL-07000,Breeze,Silver,59,14,7,68,53,1.28,1
VAL-07001,Haven,Immortal,84,1,1,73,69,1.06,0
VAL-07002,Split,Silver,63,12,9,62,54,1.15,1
VAL-07003,Bind,Gold,44,8,10,82,49,1.67,1
VAL-07004,Bind,Gold,59,10,10,66,68,0.97,0
VAL-07005,Lotus,Silver,56,14,7,59,74,0.8,0
VAL-07006,Lotus,Silver,38,12,6,72,58,1.24,1
VAL-07007,Breeze,Gold,26,7,6,85,67,1.27,0
VAL-07008,Icebox,Ascendant,57,9,10,54,30,1.8,1
VAL-07009,Lotus,Gold,52,17,8,57,51,1.12,1
VAL-07010,Split,Platinum,41,18,5,62,66,0.94,0
VAL-07011,Split,Platinum,49,17,8,53,72,0.74,0
VAL-07012,Icebox,Platinum,52,7,9,70,61,1.15,0
VAL-07013,Ascent,Platinum,48,11,9,56,56,1.0,0
VAL-07014,Ascent,Gold,58,9,7,55,65,0.85,0
VAL-07015,Bind,Silver,57,15,11,65,62,1.05,1
VAL-07016,Lotus,Gold,65,11,5,77,54,1.43,1
VAL-07017,Pearl,Silver,69,8,7,49,43,1.14,1
VAL-07018,Sunset,Silver,63,18,10,48,55,0.87,1
VAL-07019,Icebox,Silver,47,10,8,61,64,0.95,0
VAL-07020,Bind,Ascendant,57,16,7,45,58,0.78,1
VAL-07021,Pearl,Ascendant,36,10,5,54,75,0.72,0
VAL-07022,Lotus,Silver,49,15,3,58,68,0.85,0
VAL-07023,Pearl,Silver,25,11,5,70,48,1.46,1
VAL-07024,Pearl,Silver,51,8,11,47,53,0.89,0
VAL-07025,Icebox,Gold,49,17,5,58,40,1.45,1
VAL-07026,Bind,Silver,63,9,7,53,53,1.0,0
VAL-07027,Breeze,Ascendant,43,12,13,51,41,1.24,1
VAL-07028,Split,Silver,57,7,10,62,68,0.91,0
VAL-07029,Bind,Silver,50,6,7,65,58,1.12,0
VAL-07030,Sunset,Silver,50,18,6,59,78,0.76,0
VAL-07031,Pearl,Immortal,46,13,11,64,45,1.42,1
VAL-07032,Breeze,Ascendant,59,12,6,49,49,1.0,0
VAL-07033,Icebox,Platinum,53,10,7,65,59,1.1,0
VAL-07034,Haven,Gold,44,9,6,66,52,1.27,1
VAL-07035,Split,Silver,57,14,12,66,52,1.27,1
VAL-07036,Haven,Silver,59,18,7,39,52,0.75,1
VAL-07037,Lotus,Gold,73,15,6,67,63,1.06,1
VAL-07038,Haven,Diamond,48,14,9,65,59,1.1,1
VAL-07039,Pearl,Gold,50,11,13,72,57,1.26,1
VAL-07040,Pearl,Gold,40,15,3,48,45,1.07,0
VAL-07041,Pearl,Platinum,50,20,8,63,53,1.19,1
VAL-07042,Pearl,Silver,42,11,5,56,45,1.24,0
VAL-07043,Bind,Platinum,68,13,11,43,63,0.68,0
VAL-07044,Haven,Gold,61,17,4,61,72,0.85,0
VAL-07045,Sunset,Silver,42,20,9,41,55,0.75,0
VAL-07046,Haven,Gold,43,13,5,57,34,1.68,1
VAL-07047,Bind,Ascendant,48,15,12,58,51,1.14,1
VAL-07048,Sunset,Gold,71,11,13,54,53,1.02,1
VAL-07049,Sunset,Gold,48,13,11,62,66,0.94,1
VAL-07050,Split,Silver,53,11,7,46,54,0.85,0
VAL-07051,Sunset,Platinum,73,17,3,51,76,0.67,0
VAL-07052,Haven,Diamond,60,19,8,77,36,2.14,1
VAL-07053,Pearl,Gold,38,7,8,54,44,1.23,0
VAL-07054,Pearl,Silver,33,12,13,55,69,0.8,0
VAL-07055,Lotus,Ascendant,56,10,7,52,62,0.84,1
VAL-07056,Split,Platinum,83,11,5,70,69,1.01,1
VAL-07057,Haven,Platinum,71,11,8,64,60,1.07,1
VAL-07058,Haven,Gold,60,9,6,49,69,0.71,0
VAL-07059,Icebox,Silver,64,13,7,62,68,0.91,1
VAL-07060,Ascent,Platinum,65,7,13,70,55,1.27,1
VAL-07061,Haven,Gold,35,16,4,66,59,1.12,0
VAL-07062,Breeze,Gold,57,13,10,69,43,1.6,1
VAL-07063,Haven,Silver,71,8,6,77,66,1.17,1
VAL-07064,Icebox,Gold,80,8,7,47,52,0.9,1
VAL-07065,Sunset,Diamond,61,15,7,65,67,0.97,1
VAL-07066,Bind,Ascendant,39,9,4,52,63,0.83,0
VAL-07067,Bind,Silver,62,18,9,52,59,0.88,1
VAL-07068,Breeze,Platinum,62,4,0,62,70,0.89,0
VAL-07069,Breeze,Platinum,65,8,6,49,58,0.84,0
VAL-07070,Lotus,Diamond,60,10,8,58,71,0.82,0
VAL-07071,Bind,Diamond,77,12,9,73,54,1.35,1
VAL-07072,Sunset,Ascendant,57,15,9,68,72,0.94,1
VAL-07073,Bind,Ascendant,56,11,4,47,69,0.68,0
VAL-07074,Ascent,Silver,52,11,6,44,51,0.86,0
VAL-07075,Bind,Platinum,56,9,7,58,62,0.94,0
VAL-07076,Pearl,Gold,58,9,5,54,32,1.69,1
VAL-07077,Lotus,Silver,56,9,8,66,57,1.16,1
VAL-07078,Icebox,Silver,64,12,9,49,47,1.04,1
VAL-07079,Breeze,Silver,30,5,5,62,61,1.02,0
VAL-07080,Ascent,Diamond,53,14,9,64,76,0.84,0
VAL-07081,Breeze,Gold,61,12,6,59,92,0.64,0
VAL-07082,Lotus,Diamond,58,12,5,61,68,0.9,0
VAL-07083,Haven,Platinum,40,17,11,79,64,1.23,1
VAL-07084,Ascent,Platinum,61,14,6,58,56,1.04,1
VAL-07085,Split,Gold,56,13,3,68,45,1.51,1
VAL-07086,Ascent,Gold,64,15,5,49,52,0.94,1
VAL-07087,Lotus,Gold,62,10,8,54,53,1.02,1
VAL-07088,Icebox,Silver,59,14,8,52,70,0.74,0
VAL-07089,Ascent,Diamond,55,15,4,69,33,2.09,1
VAL-07090,Lotus,Platinum,58,2,9,65,60,1.08,0
VAL-07091,Sunset,Silver,58,19,7,68,64,1.06,0
VAL-07092,Bind,Diamond,71,13,3,59,75,0.79,0
VAL-07093,Sunset,Silver,91,14,2,44,50,0.88,1
VAL-07094,Lotus,Gold,42,16,8,65,57,1.14,1
VAL-07095,Pearl,Platinum,23,11,6,63,65,0.97,0
VAL-07096,Haven,Silver,49,10,4,71,52,1.37,1
VAL-07097,Bind,Platinum,44,13,5,66,59,1.12,0
VAL-07098,Pearl,Platinum,65,23,7,62,55,1.13,1
VAL-07099,Icebox,Platinum,73,12,7,64,52,1.23,1
VAL-07100,Breeze,Silver,65,9,7,69,74,0.93,0
VAL-07101,Split,Gold,51,17,7,68,72,0.94,1
VAL-07102,Bind,Silver,64,4,13,56,67,0.84,0
VAL-07103,Sunset,Ascendant,70,12,5,46,57,0.81,0
VAL-07104,Haven,Silver,63,9,9,67,64,1.05,1
VAL-07105,Pearl,Gold,62,15,9,60,65,0.92,1
VAL-07106,Lotus,Diamond,54,13,5,58,78,0.74,0
VAL-07107,Bind,Diamond,40,8,2,71,37,1.92,1
VAL-07108,Breeze,Diamond,68,15,6,58,48,1.21,1
VAL-07109,Lotus,Ascendant,75,9,2,64,58,1.1,1
VAL-07110,Pearl,Gold,38,12,2,74,62,1.19,0
VAL-07111,Haven,Gold,64,10,5,65,48,1.35,1
VAL-07112,Ascent,Silver,45,15,7,53,62,0.85,0
VAL-07113,Breeze,Silver,61,10,6,57,48,1.19,1
VAL-07114,Lotus,Platinum,38,0,2,61,31,1.97,0
VAL-07115,Breeze,Silver,64,8,3,66,52,1.27,1
VAL-07116,Icebox,Platinum,60,12,7,65,67,0.97,1
VAL-07117,Lotus,Silver,65,9,9,54,60,0.9,0
VAL-07118,Bind,Gold,63,17,4,65,41,1.59,1
VAL-07119,Ascent,Platinum,57,8,7,94,63,1.49,1
VAL-07120,Ascent,Gold,64,14,8,63,76,0.83,0
VAL-07121,Split,Platinum,50,15,12,55,66,0.83,1
VAL-07122,Breeze,Immortal,62,13,12,73,71,1.03,1
VAL-07123,Sunset,Diamond,48,14,9,53,62,0.85,0
VAL-07124,Ascent,Gold,63,11,1,74,66,1.12,0
VAL-07125,Ascent,Ascendant,53,13,11,58,53,1.09,1
VAL-07126,Icebox,Silver,61,10,8,66,57,1.16,1
VAL-07127,Icebox,Platinum,52,13,5,54,49,1.1,0
VAL-07128,Icebox,Silver,52,11,13,65,60,1.08,1
VAL-07129,Breeze,Silver,52,11,6,64,51,1.25,1
VAL-07130,Lotus,Immortal,39,9,13,70,43,1.63,1
VAL-07131,Haven,Gold,65,11,4,57,56,1.02,0
VAL-07132,Sunset,Diamond,56,18,6,73,51,1.43,0
VAL-07133,Ascent,Gold,40,11,1,64,54,1.19,1
VAL-07134,Split,Diamond,48,16,6,39,70,0.56,0
VAL-07135,Sunset,Ascendant,48,14,11,63,61,1.03,1
VAL-07136,Lotus,Gold,60,13,5,36,58,0.62,0
VAL-07137,Sunset,Platinum,52,13,4,47,68,0.69,0
VAL-07138,Ascent,Platinum,66,12,11,57,58,0.98,1
VAL-07139,Sunset,Ascendant,41,10,7,42,68,0.62,0
VAL-07140,Haven,Gold,60,19,7,52,61,0.85,1
VAL-07141,Sunset,Platinum,59,16,4,59,59,1.0,1
VAL-07142,Ascent,Gold,50,12,4,59,57,1.04,0
VAL-07143,Ascent,Silver,58,12,6,51,60,0.85,0
VAL-07144,Sunset,Silver,55,14,1,61,70,0.87,0
VAL-07145,Breeze,Platinum,69,8,9,74,56,1.32,1
VAL-07146,Split,Diamond,56,9,9,59,60,0.98,0
VAL-07147,Pearl,Gold,69,4,8,55,62,0.89,0
VAL-07148,Icebox,Platinum,65,11,3,64,64,1.0,0
VAL-07149,Pearl,Platinum,40,17,9,50,50,1.0,1
VAL-07150,Lotus,Gold,54,11,4,71,62,1.15,0
VAL-07151,Lotus,Ascendant,65,21,11,72,57,1.26,1
VAL-07152,Ascent,Gold,58,10,6,79,55,1.44,1
VAL-07153,Lotus,Silver,56,13,7,65,73,0.89,0
VAL-07154,Breeze,Silver,57,11,9,49,45,1.09,1
VAL-07155,Split,Diamond,62,3,8,70,65,1.08,0
VAL-07156,Lotus,Immortal,50,11,0,44,51,0.86,0
VAL-07157,Haven,Gold,52,9,2,72,50,1.44,1
VAL-07158,Split,Silver,65,13,5,61,58,1.05,1
VAL-07159,Breeze,Gold,57,17,8,55,76,0.72,0
VAL-07160,Pearl,Platinum,53,11,12,56,61,0.92,1
VAL-07161,Split,Platinum,55,13,6,58,69,0.84,0
VAL-07162,Split,Ascendant,61,11,9,71,48,1.48,1
VAL-07163,Pearl,Diamond,55,16,9,42,60,0.7,0
VAL-07164,Breeze,Diamond,57,21,3,64,60,1.07,1
VAL-07165,Lotus,Gold,34,18,7,68,38,1.79,0
VAL-07166,Ascent,Gold,58,10,5,49,67,0.73,0
VAL-07167,Pearl,Platinum,53,18,4,77,51,1.51,1
VAL-07168,Pearl,Gold,66,13,12,72,71,1.01,0
VAL-07169,Pearl,Gold,54,17,8,53,50,1.06,1
VAL-07170,Pearl,Silver,73,8,4,62,71,0.87,0
VAL-07171,Lotus,Gold,62,12,5,50,65,0.77,0
VAL-07172,Sunset,Platinum,46,13,7,56,81,0.69,0
VAL-07173,Sunset,Platinum,40,12,8,44,68,0.65,0
VAL-07174,Bind,Silver,54,13,1,61,59,1.03,0
VAL-07175,Pearl,Platinum,55,12,11,47,73,0.64,0
VAL-07176,Pearl,Silver,35,11,8,50,57,0.88,0
VAL-07177,Split,Platinum,54,10,4,64,45,1.42,1
VAL-07178,Sunset,Gold,51,9,13,63,52,1.21,1
VAL-07179,Lotus,Diamond,57,13,8,51,57,0.89,0
VAL-07180,Ascent,Diamond,79,11,12,45,68,0.66,0
VAL-07181,Bind,Platinum,35,10,11,66,59,1.12,1
VAL-07182,Bind,Platinum,66,6,13,67,64,1.05,0
VAL-07183,Lotus,Platinum,61,14,10,70,62,1.13,1
VAL-07184,Ascent,Silver,49,15,10,70,64,1.09,1
VAL-07185,Split,Platinum,55,8,9,64,55,1.16,1
VAL-07186,Icebox,Gold,66,12,11,58,52,1.12,1
VAL-07187,Sunset,Gold,56,10,5,54,59,0.92,0
VAL-07188,Pearl,Gold,32,15,8,66,67,0.99,1
VAL-07189,Lotus,Ascendant,59,10,5,51,58,0.88,0
VAL-07190,Sunset,Silver,64,10,10,64,55,1.16,1
VAL-07191,Pearl,Gold,50,13,6,43,60,0.72,0
VAL-07192,Icebox,Ascendant,65,10,6,66,55,1.2,1
VAL-07193,Icebox,Diamond,66,10,1,62,66,0.94,1
VAL-07194,Breeze,Silver,71,10,13,51,58,0.88,1
VAL-07195,Icebox,Ascendant,67,10,3,59,69,0.86,0
VAL-07196,Sunset,Silver,86,11,8,59,62,0.95,0
VAL-07197,Haven,Platinum,69,12,9,77,54,1.43,0
VAL-07198,Haven,Platinum,57,11,11,57,52,1.1,1
VAL-07199,Pearl,Gold,65,14,6,63,44,1.43,1
VAL-07200,Pearl,Platinum,57,7,3,65,62,1.05,1
VAL-07201,Breeze,Silver,52,20,10,57,57,1.0,1
VAL-07202,Haven,Silver,43,12,10,75,57,1.32,1
VAL-07203,Pearl,Platinum,54,16,8,61,54,1.13,1
VAL-07204,Icebox,Gold,66,14,7,38,59,0.64,0
VAL-07205,Pearl,Ascendant,45,12,7,60,49,1.22,1
VAL-07206,Bind,Gold,60,14,4,82,68,1.21,1
VAL-07207,Breeze,Silver,51,13,0,55,58,0.95,1
VAL-07208,Lotus,Platinum,56,11,12,64,53,1.21,1
VAL-07209,Ascent,Gold,55,22,7,53,65,0.82,1
VAL-07210,Split,Silver,58,16,9,58,56,1.04,0
VAL-07211,Ascent,Gold,83,6,6,72,35,2.06,1
VAL-07212,Ascent,Ascendant,49,16,6,68,82,0.83,0
VAL-07213,Lotus,Gold,55,12,6,63,66,0.95,0
VAL-07214,Pearl,Gold,53,19,6,61,72,0.85,0
VAL-07215,Ascent,Gold,38,11,10,59,52,1.13,1
VAL-07216,Bind,Silver,66,3,7,63,65,0.97,0
VAL-07217,Split,Silver,46,11,12,71,56,1.27,1
VAL-07218,Ascent,Diamond,72,6,4,60,65,0.92,1
VAL-07219,Haven,Ascendant,46,9,6,63,55,1.15,0
VAL-07220,Lotus,Silver,60,10,7,49,74,0.66,0
VAL-07221,Lotus,Gold,77,14,9,52,62,0.84,1
VAL-07222,Lotus,Ascendant,61,13,5,74,59,1.25,1
VAL-07223,Breeze,Silver,49,15,10,68,61,1.11,1
VAL-07224,Breeze,Silver,45,14,9,65,56,1.16,1
VAL-07225,Icebox,Ascendant,29,20,12,71,55,1.29,1
VAL-07226,Sunset,Platinum,51,12,5,63,76,0.83,0
VAL-07227,Split,Silver,39,14,2,63,47,1.34,0
VAL-07228,Pearl,Gold,55,16,10,56,71,0.79,0
VAL-07229,Ascent,Silver,51,9,10,63,51,1.24,1
VAL-07230,Sunset,Gold,57,7,0,49,54,0.91,1
VAL-07231,Pearl,Diamond,42,13,9,51,65,0.78,0
VAL-07232,Sunset,Platinum,49,10,8,52,55,0.95,0
VAL-07233,Pearl,Platinum,62,15,5,76,60,1.27,1
VAL-07234,Bind,Gold,59,15,12,60,52,1.15,1
VAL-07235,Breeze,Silver,34,16,6,64,65,0.98,0
VAL-07236,Split,Silver,65,9,12,54,49,1.1,1
VAL-07237,Haven,Diamond,43,10,10,58,63,0.92,0
VAL-07238,Bind,Platinum,37,12,9,55,74,0.74,0
VAL-07239,Breeze,Silver,52,11,8,48,75,0.64,0
VAL-07240,Lotus,Gold,84,14,9,52,74,0.7,1
VAL-07241,Breeze,Diamond,51,17,5,44,46,0.96,1
VAL-07242,Sunset,Gold,56,12,3,62,64,0.97,0
VAL-07243,Icebox,Gold,63,7,12,70,72,0.97,1
VAL-07244,Bind,Gold,45,4,5,56,67,0.84,0
VAL-07245,Lotus,Silver,59,7,6,65,43,1.51,1
VAL-07246,Sunset,Diamond,45,7,3,57,47,1.21,0
VAL-07247,Split,Platinum,62,15,9,69,62,1.11,0
VAL-07248,Breeze,Platinum,60,12,4,59,66,0.89,1
VAL-07249,Lotus,Diamond,59,12,8,75,66,1.14,0
VAL-07250,Sunset,Immortal,57,15,6,56,60,0.93,0
VAL-07251,Icebox,Silver,79,17,8,77,56,1.38,1
VAL-07252,Breeze,Silver,58,11,12,46,50,0.92,0
VAL-07253,Split,Gold,61,15,4,61,62,0.98,1
VAL-07254,Icebox,Silver,59,13,5,54,83,0.65,0
VAL-07255,Pearl,Diamond,43,6,5,65,75,0.87,1
VAL-07256,Sunset,Diamond,46,6,8,48,65,0.74,1
VAL-07257,Breeze,Platinum,42,11,8,50,70,0.71,0
VAL-07258,Breeze,Gold,46,13,6,53,73,0.73,0
VAL-07259,Lotus,Silver,49,14,11,52,69,0.75,0
VAL-07260,Split,Gold,53,11,7,57,67,0.85,0
VAL-07261,Haven,Diamond,52,5,5,43,67,0.64,0
VAL-07262,Pearl,Gold,62,11,11,64,50,1.28,1
VAL-07263,Icebox,Silver,71,5,6,67,73,0.92,0
VAL-07264,Bind,Gold,69,11,6,40,70,0.57,1
VAL-07265,Bind,Immortal,58,14,7,69,52,1.33,1
VAL-07266,Breeze,Platinum,45,14,8,50,50,1.0,1
VAL-07267,Lotus,Ascendant,68,10,11,55,54,1.02,1
VAL-07268,Ascent,Diamond,48,14,10,60,73,0.82,0
VAL-07269,Breeze,Gold,60,8,9,56,56,1.0,1
VAL-07270,Bind,Silver,58,9,4,50,56,0.89,0
VAL-07271,Bind,Gold,42,5,7,53,65,0.82,0
VAL-07272,Pearl,Platinum,49,10,7,59,57,1.04,0
VAL-07273,Ascent,Diamond,61,9,9,56,53,1.06,1
VAL-07274,Breeze,Gold,53,10,6,54,38,1.42,0
VAL-07275,Pearl,Silver,90,11,11,56,73,0.77,1
VAL-07276,Lotus,Platinum,50,13,9,65,57,1.14,1
VAL-07277,Pearl,Silver,43,4,9,60,71,0.85,0
VAL-07278,Breeze,Platinum,56,9,4,44,56,0.79,0
VAL-07279,Sunset,Gold,51,16,5,61,44,1.39,0
VAL-07280,Haven,Silver,34,16,5,70,59,1.19,1
VAL-07281,Breeze,Gold,65,12,7,62,40,1.55,1
VAL-07282,Split,Platinum,67,12,11,74,47,1.57,1
VAL-07283,Bind,Gold,65,7,5,43,55,0.78,0
VAL-07284,Ascent,Silver,59,11,2,56,57,0.98,1
VAL-07285,Ascent,Diamond,53,15,11,79,61,1.3,1
VAL-07286,Haven,Silver,57,7,6,65,72,0.9,0
VAL-07287,Split,Silver,54,13,7,46,56,0.82,0
VAL-07288,Bind,Platinum,47,14,10,65,45,1.44,0
VAL-07289,Ascent,Silver,73,12,11,58,75,0.77,1
VAL-07290,Split,Gold,70,11,4,68,67,1.01,0
VAL-07291,Pearl,Ascendant,63,11,8,58,47,1.23,1
VAL-07292,Breeze,Platinum,50,14,11,69,66,1.05,1
VAL-07293,Breeze,Platinum,62,13,7,58,57,1.02,1
VAL-07294,Sunset,Platinum,52,14,10,63,52,1.21,0
VAL-07295,Bind,Silver,52,11,7,74,60,1.23,1
VAL-07296,Split,Gold,55,11,10,62,60,1.03,1
VAL-07297,Icebox,Gold,60,14,11,48,61,0.79,1
VAL-07298,Ascent,Ascendant,50,8,12,50,58,0.86,0
VAL-07299,Lotus,Silver,53,7,8,72,48,1.5,1
VAL-07300,Lotus,Gold,71,21,6,38,60,0.63,1
VAL-07301,Breeze,Ascendant,35,14,8,53,53,1.0,0
VAL-07302,Icebox,Diamond,67,11,8,89,50,1.78,1
VAL-07303,Lotus,Ascendant,53,9,7,56,54,1.04,0
VAL-07304,Haven,Platinum,49,8,9,63,50,1.26,1
VAL-07305,Haven,Gold,51,12,9,52,53,0.98,1
VAL-07306,Bind,Diamond,55,12,8,64,52,1.23,1
VAL-07307,Icebox,Gold,66,14,13,68,39,1.74,1
VAL-07308,Haven,Silver,57,7,5,56,62,0.9,1
VAL-07309,Haven,Platinum,49,7,8,61,55,1.11,0
VAL-07310,Breeze,Platinum,63,13,7,49,60,0.82,0
VAL-07311,Lotus,Diamond,54,14,1,55,62,0.89,0
VAL-07312,Bind,Ascendant,61,16,5,60,61,0.98,1
VAL-07313,Split,Diamond,58,19,3,80,63,1.27,1
VAL-07314,Pearl,Silver,42,11,10,46,59,0.78,0
VAL-07315,Ascent,Platinum,62,15,3,65,62,1.05,1
VAL-07316,Ascent,Diamond,35,8,3,70,45,1.56,0
VAL-07317,Pearl,Immortal,54,2,6,57,59,0.97,1
VAL-07318,Pearl,Gold,43,8,6,67,59,1.14,0
VAL-07319,Ascent,Silver,31,10,6,71,57,1.25,0
VAL-07320,Ascent,Diamond,58,21,4,80,60,1.33,1
VAL-07321,Split,Gold,65,5,10,78,48,1.62,1
VAL-07322,Icebox,Platinum,55,15,6,39,58,0.67,0
VAL-07323,Icebox,Gold,70,10,10,55,60,0.92,1
VAL-07324,Split,Gold,55,14,4,64,72,0.89,0
VAL-07325,Lotus,Platinum,57,12,5,61,59,1.03,0
VAL-07326,Pearl,Gold,45,8,4,68,52,1.31,0
VAL-07327,Sunset,Platinum,62,16,7,63,41,1.54,1
VAL-07328,Pearl,Silver,61,14,5,63,58,1.09,1
VAL-07329,Ascent,Gold,50,12,10,61,63,0.97,1
VAL-07330,Pearl,Gold,40,13,0,64,59,1.08,0
VAL-07331,Ascent,Platinum,37,10,12,66,68,0.97,0
VAL-07332,Pearl,Gold,67,4,6,65,49,1.33,1
VAL-07333,Lotus,Platinum,41,12,5,35,51,0.69,0
VAL-07334,Sunset,Platinum,73,21,13,48,78,0.62,1
VAL-07335,Haven,Platinum,46,15,7,61,60,1.02,1
VAL-07336,Split,Platinum,51,13,6,66,56,1.18,1
VAL-07337,Split,Gold,89,14,5,65,57,1.14,1
VAL-07338,Sunset,Gold,49,12,6,42,54,0.78,0
VAL-07339,Pearl,Platinum,43,3,8,52,68,0.76,0
VAL-07340,Haven,Silver,51,8,9,63,52,1.21,1
VAL-07341,Icebox,Diamond,37,12,3,67,58,1.16,1
VAL-07342,Pearl,Diamond,52,16,3,63,50,1.26,1
VAL-07343,Lotus,Gold,56,19,10,61,32,1.91,1
VAL-07344,Ascent,Platinum,67,8,5,64,56,1.14,1
VAL-07345,Bind,Ascendant,61,15,7,67,58,1.16,1
VAL-07346,Pearl,Gold,57,3,7,41,58,0.71,0
VAL-07347,Bind,Platinum,81,11,11,54,74,0.73,1
VAL-07348,Pearl,Silver,62,12,11,65,61,1.07,1
VAL-07349,Sunset,Gold,72,19,8,57,64,0.89,1
VAL-07350,Bind,Diamond,66,9,5,61,79,0.77,0
VAL-07351,Pearl,Platinum,72,11,13,54,67,0.81,1
VAL-07352,Split,Platinum,69,16,9,55,51,1.08,1
VAL-07353,Bind,Ascendant,65,9,11,62,51,1.22,1
VAL-07354,Pearl,Platinum,62,10,6,48,47,1.02,0
VAL-07355,Icebox,Platinum,73,6,4,62,71,0.87,0
VAL-07356,Ascent,Platinum,48,14,9,53,83,0.64,0
VAL-07357,Icebox,Platinum,46,6,7,41,64,0.64,0
VAL-07358,Haven,Diamond,36,16,12,69,57,1.21,1
VAL-07359,Pearl,Ascendant,61,7,7,76,75,1.01,0
VAL-07360,Breeze,Diamond,69,9,6,62,70,0.89,0
VAL-07361,Lotus,Platinum,43,7,11,62,51,1.22,1
VAL-07362,Icebox,Silver,46,11,6,55,59,0.93,0
VAL-07363,Bind,Diamond,72,16,6,74,62,1.19,1
VAL-07364,Sunset,Platinum,63,9,2,76,56,1.36,1
VAL-07365,Lotus,Diamond,63,8,10,62,55,1.13,1
VAL-07366,Breeze,Silver,60,12,6,73,68,1.07,1
VAL-07367,Pearl,Ascendant,52,12,3,61,73,0.84,1
VAL-07368,Sunset,Silver,36,15,10,60,71,0.85,0
VAL-07369,Pearl,Gold,62,7,6,61,67,0.91,0
VAL-07370,Haven,Platinum,81,13,12,56,77,0.73,1
VAL-07371,Breeze,Platinum,59,17,11,78,55,1.42,1
VAL-07372,Pearl,Gold,41,8,3,71,56,1.27,0
VAL-07373,Bind,Platinum,53,13,9,51,65,0.78,0
VAL-07374,Haven,Gold,66,8,10,63,64,0.98,0
VAL-07375,Split,Silver,68,16,2,62,54,1.15,0
VAL-07376,Breeze,Silver,74,19,6,66,57,1.16,0
VAL-07377,Ascent,Diamond,68,7,5,59,56,1.05,0
VAL-07378,Sunset,Silver,31,13,10,52,58,0.9,0
VAL-07379,Icebox,Silver,58,13,4,50,65,0.77,0
VAL-07380,Pearl,Platinum,38,13,8,56,60,0.93,0
VAL-07381,Sunset,Gold,63,11,13,65,40,1.62,1
VAL-07382,Sunset,Diamond,64,10,1,66,62,1.06,0
VAL-07383,Ascent,Diamond,45,6,7,77,62,1.24,0
VAL-07384,Ascent,Diamond,51,11,7,33,68,0.49,0
VAL-07385,Haven,Gold,47,15,0,77,62,1.24,0
VAL-07386,Breeze,Gold,65,16,2,39,64,0.61,0
VAL-07387,Bind,Platinum,54,13,10,66,41,1.61,1
VAL-07388,Ascent,Gold,47,8,7,64,60,1.07,0
VAL-07389,Ascent,Silver,64,7,8,50,61,0.82,0
VAL-07390,Icebox,Gold,62,10,7,62,67,0.93,0
VAL-07391,Split,Silver,65,4,11,54,69,0.78,0
VAL-07392,Ascent,Ascendant,37,2,13,73,57,1.28,1
VAL-07393,Split,Diamond,48,7,10,48,77,0.62,0
VAL-07394,Haven,Silver,63,13,0,65,62,1.05,0
VAL-07395,Bind,Gold,35,5,7,69,63,1.1,0
VAL-07396,Sunset,Immortal,35,13,11,43,60,0.72,0
VAL-07397,Ascent,Gold,46,9,6,49,52,0.94,0
VAL-07398,Pearl,Diamond,64,17,11,52,58,0.9,1
VAL-07399,Split,Gold,55,10,6,44,64,0.69,0
VAL-07400,Icebox,Diamond,61,10,3,70,66,1.06,0
VAL-07401,Icebox,Platinum,43,9,9,64,60,1.07,0
VAL-07402,Ascent,Silver,43,9,8,66,49,1.35,1
VAL-07403,Breeze,Gold,72,12,5,68,51,1.33,1
VAL-07404,Sunset,Platinum,60,13,11,62,77,0.81,0
VAL-07405,Bind,Ascendant,42,12,1,44,61,0.72,0
VAL-07406,Pearl,Silver,31,7,10,56,71,0.79,0
VAL-07407,Breeze,Platinum,38,14,5,70,82,0.85,0
VAL-07408,Icebox,Gold,42,7,12,57,48,1.19,1
VAL-07409,Split,Diamond,40,8,9,61,51,1.2,1
VAL-07410,Split,Diamond,55,10,6,70,60,1.17,1
VAL-07411,Breeze,Gold,63,15,4,72,53,1.36,1
VAL-07412,Split,Silver,54,7,2,79,60,1.32,0
VAL-07413,Icebox,Silver,50,13,7,60,52,1.15,1
VAL-07414,Breeze,Platinum,59,2,7,57,56,1.02,0
VAL-07415,Icebox,Gold,51,14,10,59,60,0.98,1
VAL-07416,Pearl,Gold,34,16,5,55,52,1.06,0
VAL-07417,Sunset,Immortal,57,14,8,59,62,0.95,1
VAL-07418,Pearl,Gold,60,12,6,54,54,1.0,1
VAL-07419,Pearl,Platinum,69,9,11,70,56,1.25,1
VAL-07420,Split,Silver,66,8,7,53,66,0.8,0
VAL-07421,Ascent,Silver,48,9,5,77,62,1.24,1
VAL-07422,Lotus,Gold,52,10,3,30,66,0.45,0
VAL-07423,Split,Platinum,55,16,6,60,64,0.94,1
VAL-07424,Ascent,Gold,58,12,6,69,50,1.38,1
VAL-07425,Icebox,Diamond,73,15,6,49,58,0.84,1
VAL-07426,Lotus,Gold,54,24,8,51,54,0.94,1
VAL-07427,Split,Gold,49,19,6,66,60,1.1,1
VAL-07428,Lotus,Ascendant,70,12,5,67,57,1.18,1
VAL-07429,Lotus,Gold,70,10,6,51,65,0.78,0
VAL-07430,Haven,Gold,66,15,6,59,69,0.86,0
VAL-07431,Sunset,Silver,36,15,5,74,55,1.35,1
VAL-07432,Haven,Diamond,56,14,2,62,55,1.13,0
VAL-07433,Ascent,Diamond,52,18,2,49,70,0.7,0
VAL-07434,Bind,Silver,60,8,1,45,72,0.62,0
VAL-07435,Breeze,Gold,45,13,8,64,64,1.0,0
VAL-07436,Bind,Platinum,65,12,8,69,51,1.35,1
VAL-07437,Breeze,Ascendant,59,15,4,71,67,1.06,0
VAL-07438,Ascent,Gold,66,10,8,74,67,1.1,1
VAL-07439,Ascent,Diamond,46,13,6,62,72,0.86,0
VAL-07440,Icebox,Gold,58,5,7,60,56,1.07,0
VAL-07441,Sunset,Silver,64,12,3,63,76,0.83,0
VAL-07442,Lotus,Silver,24,19,11,66,48,1.38,1
VAL-07443,Haven,Gold,63,10,12,54,68,0.79,1
VAL-07444,Haven,Gold,51,12,8,62,68,0.91,0
VAL-07445,Ascent,Ascendant,55,16,5,50,69,0.72,0
VAL-07446,Haven,Silver,70,14,7,24,41,0.59,0
VAL-07447,Ascent,Gold,68,5,5,57,46,1.24,1
VAL-07448,Lotus,Silver,48,11,3,67,66,1.02,0
VAL-07449,Ascent,Diamond,35,14,9,43,68,0.63,0
VAL-07450,Icebox,Ascendant,54,17,4,67,56,1.2,1
VAL-07451,Sunset,Silver,68,17,4,66,58,1.14,1
VAL-07452,Pearl,Gold,71,12,0,52,58,0.9,1
VAL-07453,Split,Silver,30,15,10,77,54,1.43,1
VAL-07454,Sunset,Gold,62,12,12,55,83,0.66,0
VAL-07455,Sunset,Silver,61,10,9,45,69,0.65,0
VAL-07456,Bind,Gold,64,16,9,65,50,1.3,0
VAL-07457,Breeze,Platinum,55,16,3,70,67,1.04,1
VAL-07458,Split,Platinum,34,13,6,76,49,1.55,1
VAL-07459,Lotus,Silver,50,9,9,61,58,1.05,0
VAL-07460,Pearl,Gold,44,12,4,69,51,1.35,1
VAL-07461,Pearl,Platinum,43,12,6,55,44,1.25,1
VAL-07462,Sunset,Platinum,64,16,2,66,64,1.03,1
VAL-07463,Icebox,Silver,53,11,6,77,59,1.31,1
VAL-07464,Breeze,Diamond,60,12,6,84,63,1.33,1
VAL-07465,Ascent,Gold,68,13,9,54,46,1.17,1
VAL-07466,Breeze,Silver,34,11,2,75,84,0.89,0
VAL-07467,Bind,Silver,74,13,2,51,57,0.89,0
VAL-07468,Breeze,Ascendant,76,12,11,54,70,0.77,1
VAL-07469,Sunset,Gold,34,9,10,56,59,0.95,0
VAL-07470,Lotus,Ascendant,63,10,5,69,60,1.15,1
VAL-07471,Sunset,Gold,79,6,12,61,51,1.2,1
VAL-07472,Lotus,Gold,38,9,7,46,81,0.57,0
VAL-07473,Haven,Platinum,41,18,10,65,83,0.78,0
VAL-07474,Lotus,Silver,65,15,6,73,55,1.33,1
VAL-07475,Breeze,Gold,61,9,8,61,63,0.97,0
VAL-07476,Breeze,Gold,58,11,6,69,60,1.15,1
VAL-07477,Breeze,Diamond,52,9,12,52,73,0.71,0
VAL-07478,Haven,Gold,57,15,7,70,78,0.9,0
VAL-07479,Ascent,Gold,25,13,7,53,47,1.13,0
VAL-07480,Split,Gold,41,15,2,61,39,1.56,1
VAL-07481,Breeze,Platinum,54,11,7,51,56,0.91,0
VAL-07482,Bind,Silver,30,16,12,48,50,0.96,0
VAL-07483,Pearl,Silver,53,7,11,50,57,0.88,0
VAL-07484,Pearl,Gold,55,10,6,56,66,0.85,1
VAL-07485,Split,Platinum,46,10,7,62,71,0.87,0
VAL-07486,Split,Gold,47,15,3,52,60,0.87,0
VAL-07487,Ascent,Gold,42,10,8,86,69,1.25,1
VAL-07488,Bind,Platinum,49,8,8,57,57,1.0,0
VAL-07489,Sunset,Ascendant,59,12,9,47,73,0.64,0
VAL-07490,Lotus,Diamond,60,22,2,38,47,0.81,0
VAL-07491,Lotus,Gold,67,8,10,79,61,1.3,1
VAL-07492,Sunset,Platinum,53,17,6,65,41,1.59,1
VAL-07493,Pearl,Ascendant,60,12,11,50,63,0.79,0
VAL-07494,Sunset,Gold,38,12,8,57,63,0.9,0
VAL-07495,Bind,Gold,57,10,11,53,45,1.18,1
VAL-07496,Breeze,Silver,52,15,9,68,61,1.11,1
VAL-07497,Haven,Diamond,61,16,4,80,64,1.25,1
VAL-07498,Breeze,Silver,52,18,9,51,71,0.72,0
VAL-07499,Haven,Silver,50,13,10,67,74,0.91,0
VAL-07500,Lotus,Gold,45,9,8,60,60,1.0,0
VAL-07501,Split,Diamond,67,19,6,55,64,0.86,1
VAL-07502,Breeze,Gold,48,10,10,57,47,1.21,1
VAL-07503,Sunset,Diamond,77,9,10,49,61,0.8,1
VAL-07504,Bind,Diamond,39,13,3,63,64,0.98,0
VAL-07505,Bind,Gold,69,8,7,64,56,1.14,1
VAL-07506,Pearl,Platinum,29,10,6,66,61,1.08,0
VAL-07507,Bind,Gold,53,15,13,62,64,0.97,1
VAL-07508,Bind,Ascendant,48,23,5,50,48,1.04,1
VAL-07509,Split,Platinum,60,14,9,67,66,1.02,1
VAL-07510,Sunset,Ascendant,65,17,9,52,63,0.83,1
VAL-07511,Lotus,Silver,78,10,7,59,57,1.04,0
VAL-07512,Bind,Gold,49,13,11,50,69,0.72,0
VAL-07513,Lotus,Silver,46,4,7,70,56,1.25,0
VAL-07514,Split,Gold,66,7,3,53,79,0.67,0
VAL-07515,Bind,Diamond,53,13,11,81,67,1.21,1
VAL-07516,Pearl,Gold,47,13,6,55,60,0.92,0
VAL-07517,Breeze,Silver,50,15,7,66,67,0.99,1
VAL-07518,Icebox,Silver,46,11,7,66,69,0.96,0
VAL-07519,Ascent,Gold,35,18,4,47,51,0.92,1
VAL-07520,Bind,Silver,74,14,4,40,58,0.69,0
VAL-07521,Lotus,Gold,61,5,2,50,55,0.91,0
VAL-07522,Ascent,Diamond,36,5,9,62,82,0.76,0
VAL-07523,Haven,Gold,73,13,9,50,44,1.14,1
VAL-07524,Bind,Platinum,57,11,8,52,67,0.78,0
VAL-07525,Icebox,Gold,52,13,9,76,54,1.41,1
VAL-07526,Split,Platinum,61,11,7,55,52,1.06,1
VAL-07527,Pearl,Silver,50,10,8,69,64,1.08,1
VAL-07528,Icebox,Ascendant,39,9,7,57,61,0.93,1
VAL-07529,Lotus,Platinum,49,12,7,58,68,0.85,0
VAL-07530,Split,Gold,54,15,4,55,63,0.87,0
VAL-07531,Breeze,Silver,44,8,11,58,52,1.12,1
VAL-07532,Split,Silver,61,11,6,46,70,0.66,0
VAL-07533,Bind,Diamond,70,18,6,51,61,0.84,0
VAL-07534,Ascent,Platinum,51,5,5,53,51,1.04,0
VAL-07535,Ascent,Gold,28,15,6,66,52,1.27,1
VAL-07536,Lotus,Gold,53,11,6,75,56,1.34,1
VAL-07537,Split,Diamond,45,9,8,73,76,0.96,0
VAL-07538,Icebox,Diamond,52,10,2,57,34,1.68,1
VAL-07539,Lotus,Platinum,52,16,4,50,67,0.75,0
VAL-07540,Pearl,Gold,45,11,11,59,66,0.89,0
VAL-07541,Lotus,Diamond,39,8,11,64,68,0.94,0
VAL-07542,Lotus,Platinum,55,9,6,60,59,1.02,0
VAL-07543,Breeze,Gold,46,10,13,68,57,1.19,1
VAL-07544,Bind,Silver,76,15,9,49,74,0.66,0
VAL-07545,Breeze,Diamond,58,10,11,60,47,1.28,1
VAL-07546,Ascent,Silver,46,12,7,59,49,1.2,1
VAL-07547,Ascent,Silver,49,9,6,58,40,1.45,1
VAL-07548,Haven,Diamond,53,10,10,53,56,0.95,0
VAL-07549,Haven,Platinum,56,11,10,45,85,0.53,0
VAL-07550,Icebox,Diamond,62,8,6,46,50,0.92,0
VAL-07551,Ascent,Gold,69,9,8,78,64,1.22,1
VAL-07552,Breeze,Ascendant,54,10,0,47,55,0.85,0
VAL-07553,Pearl,Gold,60,18,5,54,58,0.93,1
VAL-07554,Haven,Platinum,60,12,11,53,51,1.04,1
VAL-07555,Split,Gold,56,8,5,55,55,1.0,0
VAL-07556,Haven,Silver,53,15,7,81,51,1.59,1
VAL-07557,Ascent,Gold,57,16,7,64,76,0.84,0
VAL-07558,Lotus,Platinum,47,8,4,55,57,0.96,0
VAL-07559,Bind,Silver,41,19,7,59,45,1.31,1
VAL-07560,Ascent,Gold,72,14,6,68,73,0.93,1
VAL-07561,Lotus,Silver,58,14,4,72,44,1.64,1
VAL-07562,Pearl,Silver,58,13,7,64,67,0.96,1
VAL-07563,Pearl,Platinum,52,13,3,78,59,1.32,1
VAL-07564,Split,Ascendant,61,12,7,52,72,0.72,0
VAL-07565,Sunset,Gold,53,15,7,57,50,1.14,1
VAL-07566,Breeze,Platinum,37,11,13,62,71,0.87,0
VAL-07567,Bind,Ascendant,49,18,5,64,65,0.98,1
VAL-07568,Ascent,Platinum,62,4,9,53,62,0.85,0
VAL-07569,Ascent,Platinum,48,8,3,71,62,1.15,0
VAL-07570,Sunset,Silver,33,13,13,66,51,1.29,1
VAL-07571,Split,Gold,51,12,8,55,92,0.6,0
VAL-07572,Icebox,Gold,34,10,8,56,61,0.92,0
VAL-07573,Haven,Gold,51,13,9,70,58,1.21,1
VAL-07574,Split,Diamond,69,7,7,54,56,0.96,0
VAL-07575,Lotus,Gold,40,8,6,51,63,0.81,0
VAL-07576,Split,Silver,63,11,4,48,64,0.75,0
VAL-07577,Sunset,Ascendant,76,14,8,41,66,0.62,0
VAL-07578,Sunset,Gold,70,9,11,56,58,0.97,1
VAL-07579,Breeze,Ascendant,52,5,1,34,67,0.51,0
VAL-07580,Bind,Platinum,44,13,13,53,70,0.76,0
VAL-07581,Pearl,Silver,57,14,4,83,78,1.06,1
VAL-07582,Sunset,Platinum,57,8,8,52,63,0.83,0
VAL-07583,Breeze,Platinum,66,10,5,67,70,0.96,0
VAL-07584,Haven,Silver,56,16,7,62,50,1.24,1
VAL-07585,Pearl,Gold,60,7,8,74,57,1.3,1
VAL-07586,Icebox,Gold,44,12,6,53,47,1.13,0
VAL-07587,Ascent,Platinum,64,9,8,60,48,1.25,1
VAL-07588,Haven,Gold,40,21,7,57,61,0.93,1
VAL-07589,Icebox,Platinum,47,7,9,61,66,0.92,0
VAL-07590,Pearl,Silver,62,5,8,49,65,0.75,0
VAL-07591,Haven,Gold,70,14,0,54,53,1.02,1
VAL-07592,Breeze,Silver,63,11,6,46,68,0.68,0
VAL-07593,Icebox,Silver,55,8,11,48,49,0.98,1
VAL-07594,Ascent,Gold,55,10,10,61,54,1.13,1
VAL-07595,Breeze,Gold,44,18,4,79,59,1.34,1
VAL-07596,Lotus,Gold,51,12,6,70,52,1.35,1
VAL-07597,Ascent,Ascendant,32,18,6,63,53,1.19,1
VAL-07598,Bind,Gold,75,7,6,54,63,0.86,0
VAL-07599,Split,Platinum,82,16,7,45,56,0.8,0
VAL-07600,Bind,Ascendant,32,8,5,46,59,0.78,0
VAL-07601,Sunset,Ascendant,38,17,4,60,76,0.79,0
VAL-07602,Lotus,Diamond,71,17,13,80,68,1.18,1
VAL-07603,Lotus,Silver,46,8,8,67,60,1.12,0
VAL-07604,Split,Platinum,72,14,6,62,54,1.15,1
VAL-07605,Icebox,Diamond,64,13,9,83,71,1.17,1
VAL-07606,Split,Diamond,51,16,2,61,50,1.22,0
VAL-07607,Sunset,Platinum,66,7,9,65,56,1.16,1
VAL-07608,Bind,Silver,55,10,3,82,60,1.37,1
VAL-07609,Lotus,Ascendant,54,12,8,70,59,1.19,1
VAL-07610,Bind,Gold,61,18,4,65,43,1.51,0
VAL-07611,Ascent,Gold,65,12,9,36,62,0.58,1
VAL-07612,Haven,Gold,67,8,13,75,70,1.07,1
VAL-07613,Sunset,Gold,83,13,7,47,63,0.75,0
VAL-07614,Haven,Silver,59,8,3,43,70,0.61,0
VAL-07615,Sunset,Gold,71,5,5,63,59,1.07,1
VAL-07616,Pearl,Immortal,70,11,8,66,68,0.97,1
VAL-07617,Ascent,Gold,63,13,11,49,47,1.04,1
VAL-07618,Icebox,Gold,49,13,4,45,76,0.59,0
VAL-07619,Sunset,Diamond,68,12,13,38,75,0.51,1
VAL-07620,Haven,Gold,60,19,9,55,67,0.82,0
VAL-07621,Sunset,Gold,40,18,7,57,65,0.88,0
VAL-07622,Icebox,Gold,67,9,10,46,39,1.18,1
VAL-07623,Sunset,Silver,35,16,3,80,50,1.6,1
VAL-07624,Breeze,Silver,63,21,4,53,64,0.83,1
VAL-07625,Sunset,Platinum,48,19,3,54,52,1.04,1
VAL-07626,Pearl,Ascendant,57,16,13,70,68,1.03,1
VAL-07627,Pearl,Platinum,38,11,7,51,58,0.88,0
VAL-07628,Lotus,Silver,46,7,8,80,54,1.48,1
VAL-07629,Pearl,Gold,49,8,10,70,61,1.15,1
VAL-07630,Sunset,Silver,53,14,3,57,42,1.36,0
VAL-07631,Sunset,Gold,48,13,5,74,44,1.68,1
VAL-07632,Breeze,Silver,59,12,8,75,56,1.34,1
VAL-07633,Pearl,Diamond,61,16,12,56,56,1.0,1
VAL-07634,Bind,Silver,50,17,10,50,57,0.88,0
VAL-07635,Sunset,Silver,55,17,8,56,57,0.98,1
VAL-07636,Ascent,Gold,61,15,8,65,31,2.1,1
VAL-07637,Ascent,Silver,28,14,10,55,63,0.87,0
VAL-07638,Haven,Platinum,60,10,4,57,73,0.78,0
VAL-07639,Breeze,Ascendant,47,12,8,55,51,1.08,1
VAL-07640,Icebox,Silver,23,13,8,53,62,0.85,0
VAL-07641,Bind,Gold,50,12,6,63,71,0.89,0
VAL-07642,Sunset,Immortal,43,6,7,55,54,1.02,0
VAL-07643,Split,Platinum,49,13,2,75,42,1.79,1
VAL-07644,Split,Ascendant,61,12,5,60,72,0.83,0
VAL-07645,Icebox,Silver,65,11,0,49,50,0.98,0
VAL-07646,Lotus,Silver,70,14,9,61,58,1.05,1
VAL-07647,Split,Silver,71,14,7,67,49,1.37,1
VAL-07648,Icebox,Gold,43,17,7,59,50,1.18,1
VAL-07649,Split,Platinum,70,14,8,52,52,1.0,0
VAL-07650,Breeze,Silver,40,10,8,50,65,0.77,1
VAL-07651,Haven,Gold,68,17,6,63,68,0.93,1
VAL-07652,Lotus,Gold,62,18,3,64,70,0.91,0
VAL-07653,Breeze,Diamond,57,12,8,70,64,1.09,1
VAL-07654,Icebox,Silver,44,17,4,50,51,0.98,0
VAL-07655,Bind,Silver,69,13,8,61,53,1.15,1
VAL-07656,Pearl,Platinum,43,17,11,52,57,0.91,1
VAL-07657,Bind,Silver,55,17,12,62,72,0.86,1
VAL-07658,Ascent,Gold,56,9,8,46,65,0.71,0
VAL-07659,Pearl,Gold,35,18,6,72,61,1.18,1
VAL-07660,Icebox,Diamond,57,12,6,39,65,0.6,0
VAL-07661,Ascent,Platinum,42,14,8,50,47,1.06,1
VAL-07662,Split,Platinum,72,16,1,62,84,0.74,0
VAL-07663,Split,Ascendant,87,11,5,51,52,0.98,1
VAL-07664,Pearl,Immortal,46,16,5,51,56,0.91,0
VAL-07665,Sunset,Platinum,50,13,8,67,50,1.34,1
VAL-07666,Bind,Gold,57,10,7,31,48,0.65,0
VAL-07667,Ascent,Platinum,30,15,7,41,54,0.76,0
VAL-07668,Bind,Gold,75,17,7,48,64,0.75,1
VAL-07669,Pearl,Immortal,51,12,6,48,61,0.79,0
VAL-07670,Breeze,Platinum,50,8,8,68,48,1.42,0
VAL-07671,Split,Gold,63,11,9,64,45,1.42,1
VAL-07672,Ascent,Silver,56,9,10,61,44,1.39,1
VAL-07673,Ascent,Silver,57,21,7,72,70,1.03,1
VAL-07674,Icebox,Silver,65,9,10,29,73,0.4,1
VAL-07675,Ascent,Silver,53,3,12,61,61,1.0,0
VAL-07676,Pearl,Gold,42,10,5,78,62,1.26,0
VAL-07677,Ascent,Silver,70,13,9,63,48,1.31,1
VAL-07678,Ascent,Platinum,48,12,5,50,64,0.78,0
VAL-07679,Bind,Silver,49,13,11,66,56,1.18,1
VAL-07680,Haven,Silver,58,7,8,60,25,2.4,1
VAL-07681,Ascent,Gold,39,12,6,61,46,1.33,1
VAL-07682,Sunset,Diamond,58,8,4,51,74,0.69,0
VAL-07683,Lotus,Gold,66,16,5,75,70,1.07,1
VAL-07684,Icebox,Gold,74,7,7,75,59,1.27,1
VAL-07685,Bind,Platinum,64,12,10,58,63,0.92,1
VAL-07686,Icebox,Gold,68,9,6,56,55,1.02,0
VAL-07687,Breeze,Gold,47,16,6,69,56,1.23,1
VAL-07688,Ascent,Silver,65,10,12,49,58,0.84,1
VAL-07689,Split,Platinum,53,8,6,52,49,1.06,0
VAL-07690,Sunset,Platinum,69,16,4,67,66,1.02,1
VAL-07691,Bind,Platinum,56,4,3,59,70,0.84,0
VAL-07692,Icebox,Gold,68,15,5,73,66,1.11,1
VAL-07693,Ascent,Diamond,57,13,7,51,69,0.74,0
VAL-07694,Split,Gold,46,22,7,49,60,0.82,1
VAL-07695,Split,Silver,55,15,5,67,47,1.43,1
VAL-07696,Breeze,Gold,51,14,2,45,61,0.74,0
VAL-07697,Sunset,Platinum,71,9,4,67,70,0.96,0
VAL-07698,Haven,Silver,39,11,3,60,72,0.83,0
VAL-07699,Sunset,Platinum,35,13,0,51,69,0.74,0
VAL-07700,Breeze,Diamond,59,18,0,48,63,0.76,0
VAL-07701,Pearl,Gold,51,9,8,54,79,0.68,0
VAL-07702,Bind,Gold,41,5,6,45,63,0.71,0
VAL-07703,Breeze,Silver,55,12,9,81,47,1.72,1
VAL-07704,Breeze,Gold,58,6,5,59,55,1.07,1
VAL-07705,Bind,Silver,70,15,5,62,61,1.02,1
VAL-07706,Bind,Ascendant,33,18,4,47,40,1.18,0
VAL-07707,Bind,Gold,57,16,4,51,57,0.89,0
VAL-07708,Ascent,Diamond,75,10,5,68,71,0.96,0
VAL-07709,Icebox,Silver,74,18,12,49,73,0.67,1
VAL-07710,Lotus,Diamond,56,9,7,54,62,0.87,0
VAL-07711,Bind,Diamond,48,8,5,63,58,1.09,0
VAL-07712,Icebox,Platinum,52,18,10,56,66,0.85,1
VAL-07713,Lotus,Ascendant,43,11,7,53,63,0.84,0
VAL-07714,Icebox,Silver,50,13,10,47,48,0.98,1
VAL-07715,Bind,Gold,56,16,8,68,57,1.19,1
VAL-07716,Haven,Platinum,61,8,7,73,64,1.14,1
VAL-07717,Breeze,Platinum,65,10,8,80,22,3.64,1
VAL-07718,Icebox,Diamond,54,10,8,57,59,0.97,0
VAL-07719,Split,Silver,53,11,3,64,59,1.08,0
VAL-07720,Split,Silver,66,9,7,71,68,1.04,1
VAL-07721,Icebox,Gold,51,13,8,61,49,1.24,1
VAL-07722,Bind,Diamond,63,13,8,70,61,1.15,0
VAL-07723,Sunset,Ascendant,35,12,6,65,40,1.62,1
VAL-07724,Bind,Platinum,61,13,11,67,55,1.22,1
VAL-07725,Bind,Gold,80,9,8,51,60,0.85,1
VAL-07726,Sunset,Platinum,44,12,6,42,45,0.93,0
VAL-07727,Haven,Platinum,72,5,8,67,54,1.24,1
VAL-07728,Pearl,Silver,63,16,10,59,65,0.91,1
VAL-07729,Split,Platinum,65,10,5,60,67,0.9,0
VAL-07730,Breeze,Gold,63,10,4,42,67,0.63,0
VAL-07731,Split,Gold,47,8,9,73,45,1.62,1
VAL-07732,Pearl,Silver,39,13,10,56,48,1.17,1
VAL-07733,Ascent,Diamond,61,10,7,38,59,0.64,0
VAL-07734,Haven,Diamond,54,15,6,80,55,1.45,1
VAL-07735,Haven,Platinum,38,8,10,59,58,1.02,0
VAL-07736,Ascent,Platinum,50,13,5,65,52,1.25,1
VAL-07737,Breeze,Gold,42,14,0,89,78,1.14,0
VAL-07738,Sunset,Platinum,78,15,7,55,49,1.12,1
VAL-07739,Lotus,Gold,65,15,7,60,68,0.88,1
VAL-07740,Pearl,Diamond,43,8,10,53,73,0.73,0
VAL-07741,Lotus,Gold,61,12,9,72,51,1.41,1
VAL-07742,Breeze,Platinum,41,12,12,47,74,0.64,0
VAL-07743,Sunset,Platinum,33,8,8,74,78,0.95,0
VAL-07744,Haven,Platinum,47,12,13,69,56,1.23,1
VAL-07745,Sunset,Diamond,53,6,11,51,65,0.78,0
VAL-07746,Split,Gold,60,13,7,58,52,1.12,1
VAL-07747,Pearl,Diamond,65,17,10,78,74,1.05,1
VAL-07748,Sunset,Gold,51,16,4,39,42,0.93,0
VAL-07749,Bind,Ascendant,63,14,6,60,50,1.2,1
VAL-07750,Bind,Diamond,36,13,7,56,69,0.81,0
VAL-07751,Sunset,Silver,73,12,6,55,67,0.82,0
VAL-07752,Haven,Diamond,36,21,10,35,61,0.57,0
VAL-07753,Sunset,Platinum,49,11,10,59,69,0.86,0
VAL-07754,Icebox,Immortal,47,7,9,41,41,1.0,0
VAL-07755,Breeze,Platinum,38,15,5,63,69,0.91,0
VAL-07756,Bind,Silver,59,14,9,63,63,1.0,1
VAL-07757,Lotus,Gold,75,8,11,75,68,1.1,1
VAL-07758,Sunset,Gold,33,10,9,74,56,1.32,0
VAL-07759,Bind,Diamond,27,13,3,60,72,0.83,0
VAL-07760,Breeze,Platinum,45,10,4,70,70,1.0,0
VAL-07761,Breeze,Gold,52,16,9,71,58,1.22,1
VAL-07762,Lotus,Platinum,64,9,10,61,54,1.13,1
VAL-07763,Icebox,Platinum,49,11,4,56,62,0.9,0
VAL-07764,Sunset,Silver,33,10,7,75,50,1.5,1
VAL-07765,Ascent,Silver,70,14,7,62,57,1.09,1
VAL-07766,Sunset,Gold,44,15,4,41,72,0.57,0
VAL-07767,Pearl,Silver,63,14,8,64,53,1.21,1
VAL-07768,Split,Silver,41,5,8,52,50,1.04,0
VAL-07769,Haven,Silver,53,13,8,84,75,1.12,1
VAL-07770,Breeze,Diamond,59,14,10,51,64,0.8,1
VAL-07771,Ascent,Gold,45,14,7,56,64,0.88,0
VAL-07772,Haven,Gold,60,11,9,70,62,1.13,1
VAL-07773,Bind,Silver,51,12,8,90,52,1.73,1
VAL-07774,Sunset,Gold,50,10,9,58,76,0.76,0
VAL-07775,Haven,Gold,73,17,6,50,57,0.88,1
VAL-07776,Bind,Silver,59,7,9,50,39,1.28,1
VAL-07777,Split,Platinum,61,14,10,43,55,0.78,0
VAL-07778,Bind,Platinum,64,8,10,62,75,0.83,0
VAL-07779,Ascent,Gold,62,10,11,64,59,1.08,1
VAL-07780,Breeze,Platinum,59,12,8,46,73,0.63,0
VAL-07781,Lotus,Gold,70,4,12,57,62,0.92,1
VAL-07782,Bind,Silver,44,6,6,57,54,1.06,0
VAL-07783,Sunset,Platinum,57,6,6,53,53,1.0,0
VAL-07784,Haven,Diamond,51,14,12,66,71,0.93,1
VAL-07785,Lotus,Platinum,57,16,8,54,66,0.82,0
VAL-07786,Lotus,Gold,47,6,10,75,48,1.56,1
VAL-07787,Haven,Ascendant,36,11,2,43,67,0.64,0
VAL-07788,Haven,Gold,65,13,8,59,57,1.04,1
VAL-07789,Breeze,Gold,84,13,8,40,58,0.69,1
VAL-07790,Ascent,Gold,68,20,9,66,76,0.87,1
VAL-07791,Split,Platinum,65,13,9,57,80,0.71,1
VAL-07792,Ascent,Diamond,58,8,6,58,53,1.09,0
VAL-07793,Haven,Gold,53,15,13,54,38,1.42,1
VAL-07794,Sunset,Silver,54,18,5,71,62,1.15,1
VAL-07795,Icebox,Platinum,54,7,6,71,71,1.0,0
VAL-07796,Icebox,Ascendant,47,14,10,64,58,1.1,1
VAL-07797,Split,Silver,35,12,4,56,54,1.04,0
VAL-07798,Haven,Diamond,57,8,7,62,50,1.24,1
VAL-07799,Icebox,Gold,52,9,9,63,61,1.03,0
VAL-07800,Split,Diamond,69,18,6,58,46,1.26,1
VAL-07801,Lotus,Gold,64,15,5,84,57,1.47,1
VAL-07802,Split,Gold,31,14,8,53,57,0.93,0
VAL-07803,Lotus,Platinum,76,6,8,60,65,0.92,0
VAL-07804,Breeze,Ascendant,49,15,5,56,68,0.82,0
VAL-07805,Icebox,Gold,51,16,7,78,56,1.39,1
VAL-07806,Split,Gold,35,7,7,53,48,1.1,1
VAL-07807,Split,Silver,58,12,10,69,47,1.47,1
VAL-07808,Split,Silver,60,16,4,51,69,0.74,1
VAL-07809,Sunset,Diamond,76,15,5,61,75,0.81,0
VAL-07810,Split,Silver,65,15,6,81,48,1.69,0
VAL-07811,Sunset,Diamond,49,12,6,45,79,0.57,0
VAL-07812,Breeze,Gold,34,16,10,51,79,0.65,0
VAL-07813,Pearl,Immortal,48,13,7,84,52,1.62,1
VAL-07814,Haven,Silver,68,14,9,71,58,1.22,1
VAL-07815,Lotus,Silver,50,13,11,41,67,0.61,0
VAL-07816,Haven,Silver,42,8,5,54,60,0.9,0
VAL-07817,Ascent,Diamond,57,8,11,56,56,1.0,1
VAL-07818,Icebox,Gold,51,6,7,67,71,0.94,0
VAL-07819,Bind,Silver,50,10,0,67,67,1.0,1
VAL-07820,Breeze,Diamond,46,15,8,63,51,1.24,1
VAL-07821,Sunset,Diamond,56,13,3,47,66,0.71,0
VAL-07822,Ascent,Diamond,67,12,3,74,63,1.17,1
VAL-07823,Split,Silver,61,17,4,68,59,1.15,0
VAL-07824,Ascent,Gold,32,11,7,55,56,0.98,0
VAL-07825,Ascent,Platinum,74,14,3,86,50,1.72,1
VAL-07826,Lotus,Gold,64,11,11,57,57,1.0,1
VAL-07827,Bind,Silver,59,6,10,68,55,1.24,1
VAL-07828,Ascent,Silver,60,9,13,84,65,1.29,1
VAL-07829,Lotus,Ascendant,62,9,7,60,73,0.82,0
VAL-07830,Split,Silver,60,6,6,54,56,0.96,0
VAL-07831,Haven,Platinum,43,11,8,68,63,1.08,1
VAL-07832,Split,Gold,61,9,10,61,51,1.2,1
VAL-07833,Icebox,Platinum,57,18,11,73,59,1.24,1
VAL-07834,Ascent,Platinum,60,11,5,68,67,1.01,0
VAL-07835,Ascent,Gold,47,9,10,70,59,1.19,1
VAL-07836,Haven,Gold,68,8,10,51,57,0.89,1
VAL-07837,Breeze,Diamond,48,8,13,70,56,1.25,1
VAL-07838,Ascent,Gold,54,16,11,48,63,0.76,1
VAL-07839,Bind,Diamond,49,16,13,67,59,1.14,1
VAL-07840,Pearl,Platinum,43,4,13,67,52,1.29,1
VAL-07841,Ascent,Platinum,64,21,5,37,71,0.52,0
VAL-07842,Pearl,Gold,49,12,5,72,54,1.33,1
VAL-07843,Split,Silver,57,16,10,59,73,0.81,1
VAL-07844,Breeze,Platinum,38,9,6,54,48,1.12,1
VAL-07845,Lotus,Silver,33,8,9,59,81,0.73,0
VAL-07846,Sunset,Ascendant,76,11,7,46,73,0.63,0
VAL-07847,Breeze,Ascendant,74,14,8,77,49,1.57,0
VAL-07848,Sunset,Silver,48,13,8,68,60,1.13,1
VAL-07849,Split,Silver,60,17,9,81,61,1.33,1
VAL-07850,Breeze,Gold,50,5,3,58,53,1.09,0
VAL-07851,Lotus,Ascendant,63,16,3,57,73,0.78,0
VAL-07852,Sunset,Gold,42,14,7,70,69,1.01,1
VAL-07853,Haven,Gold,41,13,7,71,70,1.01,0
VAL-07854,Bind,Platinum,55,7,12,73,69,1.06,1
VAL-07855,Breeze,Silver,60,9,8,71,54,1.31,1
VAL-07856,Split,Gold,47,15,8,78,64,1.22,1
VAL-07857,Ascent,Gold,39,2,6,68,65,1.05,0
VAL-07858,Lotus,Platinum,70,4,9,66,49,1.35,1
VAL-07859,Sunset,Silver,49,14,6,76,56,1.36,1
VAL-07860,Sunset,Gold,50,14,3,49,64,0.77,0
VAL-07861,Bind,Diamond,70,9,10,68,47,1.45,1
VAL-07862,Sunset,Gold,82,9,6,52,62,0.84,0
VAL-07863,Pearl,Platinum,59,16,6,63,59,1.07,1
VAL-07864,Icebox,Silver,66,16,3,65,45,1.44,1
VAL-07865,Pearl,Gold,41,11,8,49,68,0.72,0
VAL-07866,Sunset,Silver,64,7,12,60,78,0.77,0
VAL-07867,Lotus,Platinum,65,18,2,62,57,1.09,0
VAL-07868,Breeze,Gold,44,7,2,62,55,1.13,0
VAL-07869,Split,Gold,49,15,8,68,62,1.1,1
VAL-07870,Ascent,Silver,70,17,8,65,66,0.98,1
VAL-07871,Breeze,Gold,52,12,6,63,49,1.29,1
VAL-07872,Haven,Gold,72,10,5,60,66,0.91,0
VAL-07873,Breeze,Platinum,55,6,8,57,61,0.93,0
VAL-07874,Breeze,Silver,55,12,1,63,43,1.47,1
VAL-07875,Split,Platinum,67,6,3,48,55,0.87,0
VAL-07876,Bind,Gold,80,13,4,57,60,0.95,1
VAL-07877,Sunset,Gold,63,4,6,60,56,1.07,0
VAL-07878,Bind,Diamond,57,5,6,45,63,0.71,0
VAL-07879,Haven,Gold,70,13,0,67,60,1.12,0
VAL-07880,Ascent,Silver,71,15,3,58,53,1.09,1
VAL-07881,Pearl,Platinum,61,11,9,59,75,0.79,0
VAL-07882,Ascent,Ascendant,60,16,9,62,44,1.41,1
VAL-07883,Sunset,Gold,63,10,10,49,53,0.92,1
VAL-07884,Ascent,Diamond,38,21,9,61,69,0.88,1
VAL-07885,Icebox,Diamond,42,7,7,55,66,0.83,0
VAL-07886,Pearl,Gold,58,9,4,69,60,1.15,0
VAL-07887,Haven,Platinum,46,17,4,67,75,0.89,0
VAL-07888,Sunset,Gold,55,11,4,52,52,1.0,0
VAL-07889,Lotus,Gold,57,16,9,59,68,0.87,1
VAL-07890,Haven,Gold,43,7,9,48,46,1.04,0
VAL-07891,Icebox,Platinum,62,8,4,52,58,0.9,0
VAL-07892,Pearl,Gold,32,14,8,62,64,0.97,0
VAL-07893,Split,Silver,51,6,9,68,65,1.05,0
VAL-07894,Icebox,Diamond,37,7,9,57,55,1.04,0
VAL-07895,Haven,Platinum,51,12,10,56,48,1.17,0
VAL-07896,Sunset,Ascendant,66,17,7,67,78,0.86,1
VAL-07897,Sunset,Gold,46,13,6,64,60,1.07,0
VAL-07898,Pearl,Silver,31,11,7,46,50,0.92,0
VAL-07899,Bind,Silver,52,13,10,58,55,1.05,1
VAL-07900,Pearl,Diamond,45,5,9,57,69,0.83,0
VAL-07901,Pearl,Silver,55,10,7,55,72,0.76,0
VAL-07902,Icebox,Ascendant,52,14,10,55,54,1.02,1
VAL-07903,Sunset,Gold,57,13,13,66,80,0.82,1
VAL-07904,Haven,Diamond,69,14,13,47,55,0.85,1
VAL-07905,Split,Diamond,50,15,13,71,54,1.31,1
VAL-07906,Ascent,Diamond,56,13,13,60,53,1.13,1
VAL-07907,Breeze,Silver,51,2,11,60,52,1.15,0
VAL-07908,Split,Platinum,67,13,0,77,63,1.22,1
VAL-07909,Ascent,Silver,57,10,8,69,55,1.25,1
VAL-07910,Bind,Silver,61,10,3,55,51,1.08,1
VAL-07911,Haven,Gold,64,11,12,62,56,1.11,1
VAL-07912,Sunset,Platinum,32,13,6,55,69,0.8,0
VAL-07913,Lotus,Silver,64,6,8,61,40,1.52,1
VAL-07914,Pearl,Ascendant,60,5,7,50,66,0.76,0
VAL-07915,Split,Silver,47,7,12,58,51,1.14,1
VAL-07916,Ascent,Gold,70,16,3,63,74,0.85,0
VAL-07917,Lotus,Silver,67,10,9,58,78,0.74,0
VAL-07918,Split,Diamond,53,14,4,54,57,0.95,1
VAL-07919,Haven,Silver,30,14,1,78,77,1.01,0
VAL-07920,Sunset,Diamond,54,14,8,58,52,1.12,1
VAL-07921,Split,Gold,43,14,3,52,47,1.11,0
VAL-07922,Split,Ascendant,29,10,3,58,43,1.35,0
VAL-07923,Sunset,Gold,62,15,2,60,45,1.33,1
VAL-07924,Bind,Gold,73,14,6,66,60,1.1,1
VAL-07925,Icebox,Platinum,54,6,10,62,48,1.29,1
VAL-07926,Split,Diamond,58,12,3,60,85,0.71,0
VAL-07927,Sunset,Gold,71,11,10,62,55,1.13,0
VAL-07928,Icebox,Diamond,57,14,5,82,52,1.58,1
VAL-07929,Sunset,Silver,48,12,4,52,54,0.96,0
VAL-07930,Sunset,Platinum,28,11,11,52,64,0.81,0
VAL-07931,Bind,Gold,65,18,10,73,65,1.12,1
VAL-07932,Sunset,Silver,60,14,9,53,70,0.76,0
VAL-07933,Haven,Gold,66,12,8,55,63,0.87,1
VAL-07934,Split,Diamond,26,8,4,65,73,0.89,0
VAL-07935,Ascent,Immortal,80,12,11,55,60,0.92,1
VAL-07936,Ascent,Gold,46,9,7,70,62,1.13,0
VAL-07937,Ascent,Diamond,68,5,7,54,64,0.84,0
VAL-07938,Sunset,Gold,32,10,8,54,59,0.92,0
VAL-07939,Lotus,Platinum,46,11,10,76,60,1.27,1
VAL-07940,Icebox,Silver,48,16,2,58,52,1.12,0
VAL-07941,Icebox,Platinum,43,16,7,48,46,1.04,1
VAL-07942,Sunset,Silver,45,15,6,84,72,1.17,1
VAL-07943,Haven,Gold,74,12,11,60,58,1.03,1
VAL-07944,Haven,Platinum,51,12,12,57,52,1.1,1
VAL-07945,Pearl,Diamond,81,14,8,53,63,0.84,1
VAL-07946,Sunset,Platinum,68,15,3,63,73,0.86,1
VAL-07947,Breeze,Ascendant,31,13,5,62,68,0.91,0
VAL-07948,Bind,Diamond,51,14,0,79,70,1.13,1
VAL-07949,Ascent,Silver,50,12,10,58,50,1.16,1
VAL-07950,Bind,Gold,44,11,5,70,51,1.37,1
VAL-07951,Ascent,Platinum,70,3,11,90,55,1.64,1
VAL-07952,Sunset,Ascendant,65,11,5,65,65,1.0,0
VAL-07953,Lotus,Immortal,81,9,6,63,66,0.95,1
VAL-07954,Pearl,Diamond,49,12,6,63,61,1.03,1
VAL-07955,Haven,Platinum,60,9,2,63,74,0.85,0
VAL-07956,Lotus,Diamond,51,13,2,57,61,0.93,0
VAL-07957,Bind,Gold,50,5,13,47,69,0.68,0
VAL-07958,Bind,Gold,65,8,5,68,41,1.66,1
VAL-07959,Haven,Platinum,81,9,9,57,66,0.86,1
VAL-07960,Pearl,Diamond,67,8,13,57,82,0.7,0
VAL-07961,Ascent,Ascendant,66,24,6,67,63,1.06,1
VAL-07962,Lotus,Gold,54,4,8,57,60,0.95,0
VAL-07963,Pearl,Diamond,65,15,8,73,62,1.18,1
VAL-07964,Split,Diamond,69,16,8,48,61,0.79,1
VAL-07965,Icebox,Platinum,45,10,8,61,49,1.24,0
VAL-07966,Ascent,Gold,55,13,3,50,63,0.79,0
VAL-07967,Split,Platinum,51,14,3,50,55,0.91,0
VAL-07968,Ascent,Platinum,47,13,7,55,58,0.95,0
VAL-07969,Ascent,Platinum,67,5,11,65,53,1.23,1
VAL-07970,Ascent,Platinum,52,14,10,65,67,0.97,0
VAL-07971,Pearl,Diamond,61,16,3,70,46,1.52,1
VAL-07972,Pearl,Silver,61,20,9,47,56,0.84,1
VAL-07973,Split,Gold,52,6,8,55,71,0.77,0
VAL-07974,Bind,Platinum,38,11,7,59,70,0.84,0
VAL-07975,Haven,Gold,51,12,7,78,58,1.34,1
VAL-07976,Lotus,Ascendant,61,12,8,43,42,1.02,1
VAL-07977,Lotus,Gold,59,5,7,62,75,0.83,0
VAL-07978,Breeze,Gold,32,16,5,59,57,1.04,0
VAL-07979,Sunset,Diamond,65,16,6,39,55,0.71,1
VAL-07980,Sunset,Silver,48,14,1,69,62,1.11,0
VAL-07981,Split,Diamond,62,10,9,52,62,0.84,0
VAL-07982,Ascent,Platinum,65,11,8,72,58,1.24,0
VAL-07983,Ascent,Silver,61,11,12,52,61,0.85,0
VAL-07984,Icebox,Ascendant,78,6,9,55,63,0.87,0
VAL-07985,Bind,Silver,67,15,6,72,48,1.5,1
VAL-07986,Breeze,Gold,50,12,8,53,54,0.98,0
VAL-07987,Pearl,Silver,51,15,6,66,68,0.97,0
VAL-07988,Ascent,Silver,54,13,5,42,73,0.58,0
VAL-07989,Breeze,Diamond,51,8,0,62,70,0.89,1
VAL-07990,Lotus,Diamond,59,8,8,65,54,1.2,1
VAL-07991,Icebox,Silver,41,17,8,71,68,1.04,1
VAL-07992,Pearl,Platinum,72,14,11,62,53,1.17,1
VAL-07993,Breeze,Diamond,55,10,11,49,55,0.89,1
VAL-07994,Split,Diamond,71,14,8,54,50,1.08,1
VAL-07995,Pearl,Gold,41,9,3,43,58,0.74,0
VAL-07996,Sunset,Diamond,41,16,3,54,55,0.98,0
VAL-07997,Pearl,Gold,68,7,8,59,71,0.83,1
VAL-07998,Icebox,Platinum,47,13,10,63,48,1.31,1
VAL-07999,Pearl,Ascendant,43,11,10,48,67,0.72,0
VAL-08000,Haven,Silver,69,12,6,69,76,0.91,0
VAL-08001,Bind,Silver,45,15,1,59,57,1.04,0
VAL-08002,Icebox,Gold,55,16,3,69,75,0.92,0
VAL-08003,Split,Silver,49,10,1,77,45,1.71,1
VAL-08004,Icebox,Gold,64,4,8,54,73,0.74,0
VAL-08005,Lotus,Platinum,58,5,6,61,49,1.24,0
VAL-08006,Split,Gold,66,10,6,51,61,0.84,0
VAL-08007,Sunset,Gold,41,12,8,55,47,1.17,1
VAL-08008,Pearl,Gold,58,14,6,56,65,0.86,0
VAL-08009,Pearl,Silver,56,13,13,57,80,0.71,0
VAL-08010,Lotus,Gold,46,16,6,59,55,1.07,1
VAL-08011,Breeze,Platinum,43,19,2,71,46,1.54,1
VAL-08012,Lotus,Silver,54,12,0,50,56,0.89,0
VAL-08013,Haven,Ascendant,52,13,9,59,69,0.86,1
VAL-08014,Ascent,Gold,69,9,9,67,64,1.05,1
VAL-08015,Breeze,Ascendant,65,12,9,72,89,0.81,0
VAL-08016,Ascent,Silver,47,13,3,47,60,0.78,0
VAL-08017,Sunset,Diamond,52,13,4,67,74,0.91,1
VAL-08018,Bind,Platinum,62,9,12,53,42,1.26,1
VAL-08019,Bind,Diamond,63,13,6,63,77,0.82,0
VAL-08020,Pearl,Platinum,69,12,5,59,60,0.98,1
VAL-08021,Bind,Ascendant,54,13,11,62,59,1.05,1
VAL-08022,Lotus,Platinum,57,10,4,65,44,1.48,1
VAL-08023,Breeze,Diamond,34,12,6,51,54,0.94,0
VAL-08024,Pearl,Diamond,42,21,11,63,57,1.11,1
VAL-08025,Pearl,Platinum,66,12,11,67,65,1.03,1
VAL-08026,Breeze,Gold,42,16,11,56,59,0.95,1
VAL-08027,Sunset,Gold,35,18,9,50,82,0.61,0
VAL-08028,Sunset,Diamond,64,6,13,41,41,1.0,0
VAL-08029,Pearl,Gold,50,11,10,57,65,0.88,1
VAL-08030,Sunset,Platinum,45,11,8,72,34,2.12,1
VAL-08031,Haven,Silver,37,20,7,56,59,0.95,1
VAL-08032,Haven,Gold,37,20,6,62,65,0.95,1
VAL-08033,Ascent,Platinum,50,6,3,63,57,1.11,0
VAL-08034,Icebox,Platinum,53,8,0,74,74,1.0,0
VAL-08035,Split,Gold,70,17,10,39,67,0.58,0
VAL-08036,Bind,Silver,53,10,7,69,64,1.08,1
VAL-08037,Sunset,Gold,51,15,4,60,64,0.94,0
VAL-08038,Haven,Platinum,52,11,13,69,53,1.3,1
VAL-08039,Lotus,Silver,28,8,11,67,57,1.18,0
VAL-08040,Breeze,Platinum,49,17,7,54,82,0.66,0
VAL-08041,Icebox,Platinum,63,9,9,75,57,1.32,1
VAL-08042,Ascent,Ascendant,56,11,7,77,49,1.57,1
VAL-08043,Split,Silver,64,7,6,72,75,0.96,0
VAL-08044,Haven,Silver,68,8,11,80,70,1.14,1
VAL-08045,Ascent,Gold,35,12,8,58,59,0.98,0
VAL-08046,Icebox,Gold,47,8,3,51,50,1.02,0
VAL-08047,Breeze,Silver,67,18,8,67,74,0.91,1
VAL-08048,Bind,Diamond,56,15,9,63,56,1.12,1
VAL-08049,Haven,Gold,53,15,12,66,67,0.99,1
VAL-08050,Breeze,Gold,67,11,8,54,70,0.77,0
VAL-08051,Split,Gold,45,11,7,78,59,1.32,1
VAL-08052,Sunset,Diamond,46,14,9,62,69,0.9,0
VAL-08053,Icebox,Silver,45,1,4,48,57,0.84,0
VAL-08054,Split,Silver,39,10,13,62,53,1.17,1
VAL-08055,Bind,Silver,52,5,13,66,44,1.5,1
VAL-08056,Breeze,Platinum,57,13,10,51,70,0.73,0
VAL-08057,Bind,Diamond,42,7,8,66,56,1.18,0
VAL-08058,Pearl,Gold,54,12,3,61,61,1.0,0
VAL-08059,Haven,Silver,48,8,7,49,63,0.78,0
VAL-08060,Sunset,Silver,54,18,8,53,62,0.85,1
VAL-08061,Icebox,Platinum,72,21,4,61,56,1.09,1
VAL-08062,Lotus,Silver,56,16,5,60,55,1.09,1
VAL-08063,Breeze,Diamond,56,16,6,42,61,0.69,0
VAL-08064,Lotus,Silver,79,12,5,65,36,1.81,1
VAL-08065,Haven,Silver,49,9,12,62,37,1.68,1
VAL-08066,Haven,Silver,62,4,7,68,67,1.01,0
VAL-08067,Icebox,Diamond,49,13,11,65,76,0.86,0
VAL-08068,Haven,Platinum,64,11,6,57,66,0.86,0
VAL-08069,Lotus,Ascendant,44,13,6,61,76,0.8,0
VAL-08070,Lotus,Gold,51,9,7,84,67,1.25,1
VAL-08071,Bind,Silver,48,6,8,52,64,0.81,0
VAL-08072,Split,Platinum,42,7,4,57,47,1.21,1
VAL-08073,Ascent,Gold,29,18,8,52,63,0.83,1
VAL-08074,Split,Platinum,60,20,4,48,52,0.92,1
VAL-08075,Split,Gold,47,6,13,56,46,1.22,1
VAL-08076,Sunset,Silver,52,9,5,58,66,0.88,1
VAL-08077,Haven,Silver,53,5,10,52,62,0.84,0
VAL-08078,Bind,Platinum,37,12,5,86,63,1.37,1
VAL-08079,Sunset,Gold,50,12,11,59,57,1.04,1
VAL-08080,Sunset,Diamond,34,12,6,50,77,0.65,0
VAL-08081,Ascent,Gold,49,10,7,69,67,1.03,0
VAL-08082,Breeze,Diamond,73,13,6,51,53,0.96,1
VAL-08083,Lotus,Gold,49,15,6,58,59,0.98,0
VAL-08084,Haven,Silver,41,15,3,43,45,0.96,0
VAL-08085,Sunset,Ascendant,49,17,5,67,48,1.4,1
VAL-08086,Bind,Gold,74,11,8,66,55,1.2,1
VAL-08087,Breeze,Platinum,50,10,9,66,62,1.06,1
VAL-08088,Ascent,Platinum,36,16,4,67,60,1.12,0
VAL-08089,Pearl,Gold,33,10,5,57,59,0.97,0
VAL-08090,Haven,Platinum,50,11,7,68,25,2.72,1
VAL-08091,Pearl,Diamond,65,10,7,82,47,1.74,1
VAL-08092,Split,Gold,60,19,8,64,54,1.19,1
VAL-08093,Sunset,Platinum,68,14,10,60,67,0.9,1
VAL-08094,Icebox,Diamond,63,7,8,46,56,0.82,0
VAL-08095,Haven,Silver,55,12,4,63,61,1.03,0
VAL-08096,Lotus,Gold,23,14,9,51,57,0.89,0
VAL-08097,Breeze,Silver,72,8,10,60,75,0.8,0
VAL-08098,Bind,Platinum,38,13,2,51,63,0.81,0
VAL-08099,Haven,Diamond,83,11,8,50,57,0.88,1
VAL-08100,Lotus,Platinum,46,7,11,59,75,0.79,0
VAL-08101,Pearl,Silver,46,7,5,79,55,1.44,1
VAL-08102,Breeze,Gold,49,17,9,54,57,0.95,0
VAL-08103,Ascent,Diamond,55,9,5,50,45,1.11,0
VAL-08104,Sunset,Gold,39,16,6,83,67,1.24,1
VAL-08105,Haven,Diamond,44,15,4,55,60,0.92,0
VAL-08106,Icebox,Diamond,66,10,9,58,65,0.89,0
VAL-08107,Pearl,Silver,71,14,9,59,74,0.8,1
VAL-08108,Pearl,Silver,42,13,8,65,78,0.83,0
VAL-08109,Haven,Gold,59,16,9,50,57,0.88,1
VAL-08110,Split,Platinum,49,13,9,58,62,0.94,0
VAL-08111,Pearl,Diamond,61,11,11,64,62,1.03,1
VAL-08112,Lotus,Platinum,44,17,5,60,63,0.95,0
VAL-08113,Bind,Gold,64,15,0,52,60,0.87,0
VAL-08114,Sunset,Silver,53,9,6,49,72,0.68,0
VAL-08115,Pearl,Diamond,49,11,6,65,56,1.16,1
VAL-08116,Lotus,Silver,55,17,9,56,79,0.71,0
VAL-08117,Breeze,Platinum,72,18,0,73,56,1.3,1
VAL-08118,Breeze,Silver,54,11,8,59,53,1.11,1
VAL-08119,Sunset,Silver,58,14,11,65,52,1.25,0
VAL-08120,Split,Gold,56,13,7,66,55,1.2,1
VAL-08121,Icebox,Gold,56,8,9,64,60,1.07,1
VAL-08122,Sunset,Platinum,70,14,5,52,44,1.18,1
VAL-08123,Ascent,Silver,65,3,9,69,42,1.64,1
VAL-08124,Split,Ascendant,39,16,7,68,52,1.31,1
VAL-08125,Pearl,Platinum,62,14,5,54,61,0.89,0
VAL-08126,Sunset,Gold,74,0,7,55,62,0.89,0
VAL-08127,Breeze,Gold,52,8,10,62,57,1.09,1
VAL-08128,Lotus,Platinum,65,5,7,66,61,1.08,0
VAL-08129,Sunset,Silver,22,8,7,56,57,0.98,0
VAL-08130,Split,Immortal,43,13,7,62,54,1.15,1
VAL-08131,Ascent,Platinum,84,19,8,53,67,0.79,1
VAL-08132,Lotus,Silver,64,14,8,59,62,0.95,1
VAL-08133,Bind,Platinum,58,10,8,59,64,0.92,0
VAL-08134,Ascent,Gold,77,15,3,81,60,1.35,1
VAL-08135,Pearl,Silver,42,14,7,69,62,1.11,1
VAL-08136,Sunset,Ascendant,70,18,11,59,66,0.89,1
VAL-08137,Sunset,Silver,45,15,9,61,79,0.77,0
VAL-08138,Haven,Platinum,56,12,11,55,56,0.98,1
VAL-08139,Breeze,Ascendant,36,6,8,57,54,1.06,0
VAL-08140,Pearl,Silver,50,17,8,61,74,0.82,0
VAL-08141,Sunset,Gold,71,12,11,55,54,1.02,1
VAL-08142,Bind,Silver,49,8,6,64,60,1.07,0
VAL-08143,Lotus,Silver,61,4,6,64,54,1.19,0
VAL-08144,Pearl,Silver,49,7,12,84,70,1.2,1
VAL-08145,Split,Diamond,60,14,10,37,57,0.65,0
VAL-08146,Bind,Diamond,64,10,6,57,52,1.1,1
VAL-08147,Lotus,Platinum,47,16,5,53,55,0.96,0
VAL-08148,Icebox,Gold,45,18,4,34,67,0.51,0
VAL-08149,Breeze,Diamond,50,3,6,64,60,1.07,0
VAL-08150,Pearl,Gold,50,8,10,58,60,0.97,0
VAL-08151,Ascent,Gold,31,13,0,67,65,1.03,1
VAL-08152,Lotus,Gold,59,18,10,68,48,1.42,1
VAL-08153,Split,Silver,60,9,9,51,65,0.78,0
VAL-08154,Sunset,Ascendant,33,13,4,56,74,0.76,0
VAL-08155,Ascent,Platinum,65,8,7,73,69,1.06,1
VAL-08156,Bind,Platinum,50,12,5,41,54,0.76,0
VAL-08157,Breeze,Platinum,59,13,4,56,57,0.98,1
VAL-08158,Ascent,Platinum,52,11,8,60,46,1.3,1
VAL-08159,Split,Silver,59,19,9,54,60,0.9,1
VAL-08160,Lotus,Gold,56,17,9,57,42,1.36,1
VAL-08161,Icebox,Diamond,66,11,2,73,48,1.52,1
VAL-08162,Sunset,Silver,55,11,6,70,56,1.25,0
VAL-08163,Breeze,Ascendant,64,15,9,47,53,0.89,0
VAL-08164,Ascent,Gold,72,12,10,69,66,1.05,1
VAL-08165,Breeze,Gold,54,12,8,62,74,0.84,0
VAL-08166,Breeze,Gold,52,9,10,68,62,1.1,1
VAL-08167,Breeze,Diamond,62,14,8,72,70,1.03,1
VAL-08168,Lotus,Gold,30,9,9,64,60,1.07,0
VAL-08169,Breeze,Platinum,45,9,4,77,64,1.2,1
VAL-08170,Icebox,Gold,44,13,9,74,59,1.25,1
VAL-08171,Bind,Platinum,62,13,3,75,68,1.1,1
VAL-08172,Split,Silver,57,12,4,58,75,0.77,1
VAL-08173,Icebox,Silver,70,5,5,62,68,0.91,0
VAL-08174,Split,Silver,69,13,12,59,45,1.31,0
VAL-08175,Bind,Gold,31,4,6,53,49,1.08,0
VAL-08176,Pearl,Gold,35,16,8,71,63,1.13,1
VAL-08177,Bind,Platinum,55,10,9,66,61,1.08,1
VAL-08178,Ascent,Gold,36,13,9,54,70,0.77,0
VAL-08179,Icebox,Silver,31,10,4,64,58,1.1,0
VAL-08180,Ascent,Silver,46,13,8,47,52,0.9,0
VAL-08181,Ascent,Silver,30,7,4,33,54,0.61,0
VAL-08182,Ascent,Gold,43,19,2,63,55,1.15,1
VAL-08183,Breeze,Silver,64,9,12,77,61,1.26,1
VAL-08184,Sunset,Gold,49,16,6,54,64,0.84,0
VAL-08185,Ascent,Gold,73,8,6,58,71,0.82,1
VAL-08186,Icebox,Platinum,48,10,10,51,48,1.06,1
VAL-08187,Sunset,Platinum,62,9,10,60,54,1.11,1
VAL-08188,Sunset,Gold,49,10,5,56,70,0.8,0
VAL-08189,Ascent,Silver,52,14,8,60,67,0.9,0
VAL-08190,Lotus,Gold,50,14,9,50,69,0.72,0
VAL-08191,Ascent,Silver,62,14,3,58,67,0.87,0
VAL-08192,Lotus,Silver,64,9,5,52,50,1.04,0
VAL-08193,Ascent,Diamond,80,13,6,39,76,0.51,0
VAL-08194,Icebox,Silver,55,9,7,67,51,1.31,1
VAL-08195,Lotus,Immortal,62,18,11,63,63,1.0,1
VAL-08196,Breeze,Silver,43,8,5,60,76,0.79,0
VAL-08197,Sunset,Diamond,63,10,12,64,45,1.42,1
VAL-08198,Ascent,Platinum,55,12,9,44,61,0.72,0
VAL-08199,Sunset,Gold,23,8,2,74,48,1.54,0
VAL-08200,Ascent,Gold,45,15,8,59,70,0.84,0
VAL-08201,Haven,Platinum,30,16,12,71,49,1.45,1
VAL-08202,Ascent,Diamond,46,8,7,46,51,0.9,0
VAL-08203,Haven,Gold,59,9,5,57,64,0.89,0
VAL-08204,Bind,Silver,51,17,6,78,67,1.16,1
VAL-08205,Bind,Gold,62,13,9,68,62,1.1,1
VAL-08206,Sunset,Silver,27,11,3,46,66,0.7,0
VAL-08207,Lotus,Ascendant,66,9,13,66,68,0.97,1
VAL-08208,Ascent,Platinum,58,11,11,54,63,0.86,0
VAL-08209,Split,Silver,40,11,9,48,57,0.84,0
VAL-08210,Ascent,Gold,55,15,4,54,46,1.17,1
VAL-08211,Ascent,Silver,81,12,12,61,50,1.22,1
VAL-08212,Split,Diamond,73,8,11,61,69,0.88,1
VAL-08213,Bind,Ascendant,75,10,12,51,63,0.81,1
VAL-08214,Haven,Silver,52,8,8,58,58,1.0,0
VAL-08215,Sunset,Gold,69,11,8,50,55,0.91,1
VAL-08216,Bind,Ascendant,71,21,8,59,46,1.28,1
VAL-08217,Split,Silver,42,22,9,64,69,0.93,1
VAL-08218,Ascent,Gold,70,13,11,44,54,0.81,1
VAL-08219,Bind,Gold,68,5,3,48,58,0.83,1
VAL-08220,Icebox,Silver,47,16,8,54,68,0.79,0
VAL-08221,Ascent,Silver,56,15,9,65,53,1.23,1
VAL-08222,Pearl,Ascendant,71,23,11,48,62,0.77,1
VAL-08223,Split,Platinum,54,12,7,68,58,1.17,1
VAL-08224,Breeze,Gold,66,10,8,48,60,0.8,0
VAL-08225,Lotus,Gold,49,8,7,50,50,1.0,1
VAL-08226,Breeze,Platinum,42,15,8,56,65,0.86,0
VAL-08227,Bind,Gold,41,11,6,54,63,0.86,0
VAL-08228,Ascent,Silver,52,11,9,52,69,0.75,0
VAL-08229,Lotus,Silver,60,10,9,46,61,0.75,0
VAL-08230,Lotus,Platinum,34,21,3,44,47,0.94,1
VAL-08231,Sunset,Silver,78,10,4,68,58,1.17,1
VAL-08232,Breeze,Silver,68,15,7,60,46,1.3,1
VAL-08233,Ascent,Gold,61,14,13,77,77,1.0,0
VAL-08234,Sunset,Silver,65,3,7,60,56,1.07,0
VAL-08235,Haven,Ascendant,47,21,4,64,61,1.05,0
VAL-08236,Breeze,Platinum,37,5,5,74,62,1.19,0
VAL-08237,Sunset,Silver,60,8,9,66,56,1.18,1
VAL-08238,Haven,Silver,68,10,12,56,72,0.78,0
VAL-08239,Icebox,Platinum,49,9,6,55,60,0.92,0
VAL-08240,Icebox,Gold,44,11,8,63,52,1.21,1
VAL-08241,Pearl,Diamond,48,9,6,65,58,1.12,0
VAL-08242,Split,Gold,61,17,9,64,63,1.02,1
VAL-08243,Split,Gold,62,14,6,58,55,1.05,1
VAL-08244,Pearl,Ascendant,77,10,10,56,57,0.98,1
VAL-08245,Sunset,Gold,60,9,0,65,64,1.02,0
VAL-08246,Split,Gold,45,10,9,59,58,1.02,0
VAL-08247,Split,Platinum,51,8,7,46,62,0.74,0
VAL-08248,Breeze,Diamond,42,7,9,53,62,0.85,0
VAL-08249,Breeze,Platinum,68,16,7,49,53,0.92,1
VAL-08250,Pearl,Platinum,42,10,3,64,55,1.16,0
VAL-08251,Ascent,Gold,48,14,8,53,43,1.23,1
VAL-08252,Haven,Gold,61,12,9,82,72,1.14,1
VAL-08253,Sunset,Silver,74,18,8,65,63,1.03,1
VAL-08254,Breeze,Platinum,89,16,3,76,56,1.36,1
VAL-08255,Breeze,Silver,39,13,8,76,53,1.43,1
VAL-08256,Icebox,Silver,63,21,9,57,40,1.42,1
VAL-08257,Haven,Ascendant,55,9,6,71,45,1.58,1
VAL-08258,Icebox,Gold,52,11,0,61,77,0.79,0
VAL-08259,Ascent,Silver,52,15,6,72,48,1.5,1
VAL-08260,Haven,Gold,40,15,3,46,56,0.82,0
VAL-08261,Split,Gold,75,8,7,63,69,0.91,0
VAL-08262,Icebox,Gold,30,12,3,64,48,1.33,0
VAL-08263,Sunset,Silver,53,12,3,74,62,1.19,1
VAL-08264,Split,Silver,73,21,9,49,54,0.91,0
VAL-08265,Haven,Gold,58,15,7,57,54,1.06,1
VAL-08266,Ascent,Gold,47,16,8,62,60,1.03,1
VAL-08267,Breeze,Silver,47,10,5,64,46,1.39,1
VAL-08268,Pearl,Gold,66,9,6,79,55,1.44,1
VAL-08269,Lotus,Gold,51,10,5,63,59,1.07,0
VAL-08270,Ascent,Silver,55,14,5,65,41,1.59,1
VAL-08271,Split,Diamond,62,18,6,69,76,0.91,1
VAL-08272,Icebox,Diamond,66,6,4,62,74,0.84,0
VAL-08273,Bind,Silver,48,20,5,53,46,1.15,1
VAL-08274,Ascent,Silver,39,16,8,52,53,0.98,1
VAL-08275,Lotus,Gold,43,16,4,68,74,0.92,0
VAL-08276,Breeze,Platinum,72,16,8,58,63,0.92,1
VAL-08277,Icebox,Ascendant,56,10,2,49,62,0.79,0
VAL-08278,Sunset,Gold,40,11,8,50,69,0.72,0
VAL-08279,Bind,Platinum,44,15,7,61,65,0.94,0
VAL-08280,Lotus,Diamond,69,11,8,66,60,1.1,1
VAL-08281,Sunset,Gold,56,13,8,68,53,1.28,1
VAL-08282,Ascent,Silver,35,9,4,62,60,1.03,0
VAL-08283,Pearl,Gold,42,15,7,46,75,0.61,0
VAL-08284,Lotus,Silver,69,11,4,53,74,0.72,0
VAL-08285,Haven,Silver,48,10,6,41,57,0.72,0
VAL-08286,Split,Diamond,80,9,10,75,44,1.7,1
VAL-08287,Haven,Silver,78,9,4,40,58,0.69,0
VAL-08288,Pearl,Silver,73,7,7,63,33,1.91,1
VAL-08289,Sunset,Diamond,61,14,5,68,65,1.05,1
VAL-08290,Haven,Gold,67,10,8,67,55,1.22,1
VAL-08291,Breeze,Silver,54,12,10,80,50,1.6,1
VAL-08292,Lotus,Gold,55,17,6,52,48,1.08,1
VAL-08293,Breeze,Silver,41,12,8,55,54,1.02,1
VAL-08294,Bind,Silver,54,11,6,40,48,0.83,0
VAL-08295,Pearl,Diamond,40,12,4,61,65,0.94,0
VAL-08296,Bind,Silver,55,13,8,51,37,1.38,1
VAL-08297,Bind,Platinum,40,10,8,68,65,1.05,0
VAL-08298,Bind,Silver,45,15,4,53,68,0.78,0
VAL-08299,Ascent,Ascendant,24,13,10,63,67,0.94,0
VAL-08300,Ascent,Platinum,46,10,11,77,51,1.51,1
VAL-08301,Pearl,Ascendant,46,11,4,52,58,0.9,0
VAL-08302,Icebox,Gold,51,17,11,73,57,1.28,0
VAL-08303,Haven,Diamond,69,9,7,42,44,0.95,1
VAL-08304,Ascent,Diamond,54,14,7,64,49,1.31,0
VAL-08305,Breeze,Platinum,66,14,12,64,66,0.97,1
VAL-08306,Ascent,Silver,67,8,10,57,49,1.16,1
VAL-08307,Sunset,Silver,72,6,5,67,74,0.91,0
VAL-08308,Bind,Silver,44,11,5,63,64,0.98,0
VAL-08309,Ascent,Silver,41,15,8,64,49,1.31,1
VAL-08310,Pearl,Platinum,54,6,8,54,69,0.78,0
VAL-08311,Breeze,Platinum,42,9,7,56,59,0.95,0
VAL-08312,Breeze,Gold,52,15,5,70,72,0.97,0
VAL-08313,Icebox,Gold,44,8,5,50,61,0.82,1
VAL-08314,Split,Silver,40,16,7,54,67,0.81,1
VAL-08315,Split,Silver,59,23,2,46,66,0.7,0
VAL-08316,Haven,Gold,77,9,8,59,57,1.04,1
VAL-08317,Lotus,Platinum,52,18,8,81,57,1.42,0
VAL-08318,Pearl,Gold,58,13,4,65,64,1.02,0
VAL-08319,Sunset,Platinum,56,9,8,48,64,0.75,0
VAL-08320,Ascent,Gold,55,18,2,74,72,1.03,1
VAL-08321,Pearl,Diamond,72,14,8,50,68,0.74,0
VAL-08322,Split,Silver,52,17,10,69,64,1.08,1
VAL-08323,Pearl,Gold,20,21,8,59,44,1.34,1
VAL-08324,Ascent,Silver,44,12,9,65,69,0.94,0
VAL-08325,Icebox,Gold,56,14,9,71,62,1.15,1
VAL-08326,Haven,Gold,54,8,8,45,55,0.82,1
VAL-08327,Icebox,Platinum,52,10,7,57,59,0.97,0
VAL-08328,Split,Silver,49,12,6,68,34,2.0,1
VAL-08329,Bind,Silver,56,13,10,58,75,0.77,0
VAL-08330,Split,Platinum,80,3,9,54,64,0.84,0
VAL-08331,Haven,Gold,51,18,11,59,78,0.76,1
VAL-08332,Ascent,Gold,81,15,10,55,85,0.65,0
VAL-08333,Lotus,Diamond,61,14,3,56,33,1.7,1
VAL-08334,Icebox,Gold,47,20,5,74,53,1.4,1
VAL-08335,Split,Platinum,65,18,1,56,57,0.98,0
VAL-08336,Icebox,Platinum,26,11,2,74,61,1.21,1
VAL-08337,Split,Diamond,55,10,2,71,51,1.39,1
VAL-08338,Haven,Platinum,61,14,0,65,71,0.92,0
VAL-08339,Icebox,Silver,61,18,6,54,74,0.73,0
VAL-08340,Split,Gold,63,11,11,63,45,1.4,1
VAL-08341,Ascent,Immortal,64,16,8,61,68,0.9,1
VAL-08342,Haven,Silver,59,19,9,54,48,1.12,1
VAL-08343,Lotus,Platinum,64,16,7,61,63,0.97,1
VAL-08344,Pearl,Diamond,48,6,7,55,51,1.08,1
VAL-08345,Bind,Platinum,69,7,9,79,70,1.13,1
VAL-08346,Ascent,Gold,49,20,7,49,71,0.69,0
VAL-08347,Haven,Silver,69,12,7,67,61,1.1,1
VAL-08348,Icebox,Gold,55,13,6,60,75,0.8,0
VAL-08349,Ascent,Silver,58,14,3,68,56,1.21,0
VAL-08350,Haven,Ascendant,66,18,7,68,65,1.05,1
VAL-08351,Haven,Platinum,73,9,3,71,65,1.09,0
VAL-08352,Icebox,Platinum,55,10,10,56,59,0.95,1
VAL-08353,Haven,Gold,58,8,8,45,67,0.67,0
VAL-08354,Sunset,Silver,24,4,11,86,68,1.26,0
VAL-08355,Ascent,Gold,45,14,5,57,54,1.06,0
VAL-08356,Split,Gold,37,9,3,45,63,0.71,0
VAL-08357,Split,Gold,50,16,2,63,59,1.07,1
VAL-08358,Ascent,Gold,47,10,12,59,62,0.95,1
VAL-08359,Bind,Gold,46,7,6,68,76,0.89,0
VAL-08360,Ascent,Gold,43,16,3,60,50,1.2,1
VAL-08361,Breeze,Immortal,61,14,8,73,72,1.01,1
VAL-08362,Haven,Gold,34,11,6,58,56,1.04,0
VAL-08363,Pearl,Platinum,42,12,4,47,56,0.84,0
VAL-08364,Icebox,Silver,55,14,11,66,56,1.18,1
VAL-08365,Sunset,Gold,67,19,7,48,59,0.81,1
VAL-08366,Pearl,Silver,44,14,9,61,61,1.0,1
VAL-08367,Split,Platinum,68,14,8,71,53,1.34,1
VAL-08368,Icebox,Gold,22,10,13,54,38,1.42,1
VAL-08369,Icebox,Silver,55,11,6,66,64,1.03,0
VAL-08370,Icebox,Diamond,59,0,4,63,57,1.11,0
VAL-08371,Sunset,Silver,43,8,5,55,49,1.12,0
VAL-08372,Haven,Gold,39,8,10,74,58,1.28,1
VAL-08373,Breeze,Gold,57,8,8,66,59,1.12,1
VAL-08374,Lotus,Gold,55,10,6,73,83,0.88,0
VAL-08375,Sunset,Platinum,45,11,8,53,66,0.8,0
VAL-08376,Pearl,Platinum,52,8,11,61,70,0.87,0
VAL-08377,Haven,Gold,48,17,12,71,62,1.15,1
VAL-08378,Ascent,Silver,70,14,8,61,62,0.98,1
VAL-08379,Split,Diamond,63,13,10,78,63,1.24,1
VAL-08380,Breeze,Gold,57,15,3,55,48,1.15,1
VAL-08381,Haven,Diamond,78,5,9,61,55,1.11,0
VAL-08382,Ascent,Gold,67,5,6,69,54,1.28,0
VAL-08383,Breeze,Platinum,70,17,4,65,53,1.23,0
VAL-08384,Ascent,Ascendant,74,22,4,63,48,1.31,1
VAL-08385,Sunset,Platinum,53,12,5,64,53,1.21,1
VAL-08386,Ascent,Gold,40,21,8,41,70,0.59,0
VAL-08387,Breeze,Platinum,34,12,4,58,44,1.32,0
VAL-08388,Ascent,Gold,64,9,9,63,66,0.95,1
VAL-08389,Pearl,Platinum,43,16,10,64,82,0.78,0
VAL-08390,Haven,Silver,95,3,7,51,82,0.62,0
VAL-08391,Breeze,Platinum,45,10,6,63,59,1.07,0
VAL-08392,Pearl,Silver,43,9,7,65,62,1.05,0
VAL-08393,Ascent,Silver,64,7,6,63,76,0.83,0
VAL-08394,Ascent,Platinum,65,10,11,60,52,1.15,1
VAL-08395,Icebox,Silver,77,13,1,51,76,0.67,0
VAL-08396,Breeze,Diamond,52,17,6,53,60,0.88,0
VAL-08397,Sunset,Diamond,69,16,2,63,77,0.82,0
VAL-08398,Ascent,Ascendant,53,6,9,39,52,0.75,0
VAL-08399,Split,Platinum,62,21,8,71,67,1.06,1
VAL-08400,Lotus,Gold,52,17,9,56,72,0.78,0
VAL-08401,Sunset,Gold,78,12,7,64,61,1.05,0
VAL-08402,Haven,Gold,82,17,8,72,46,1.57,1
VAL-08403,Bind,Silver,41,8,4,48,70,0.69,1
VAL-08404,Split,Gold,70,15,7,64,67,0.96,1
VAL-08405,Bind,Platinum,44,4,5,58,53,1.09,0
VAL-08406,Ascent,Silver,69,11,9,43,63,0.68,0
VAL-08407,Haven,Gold,75,17,4,75,60,1.25,1
VAL-08408,Pearl,Platinum,43,10,5,51,52,0.98,0
VAL-08409,Ascent,Silver,40,10,7,73,50,1.46,1
VAL-08410,Bind,Silver,49,10,12,49,44,1.11,1
VAL-08411,Ascent,Silver,69,11,7,45,68,0.66,1
VAL-08412,Lotus,Platinum,61,8,13,48,54,0.89,1
VAL-08413,Icebox,Platinum,52,18,11,49,66,0.74,1
VAL-08414,Lotus,Platinum,64,7,6,51,70,0.73,0
VAL-08415,Haven,Silver,51,13,8,68,52,1.31,1
VAL-08416,Pearl,Platinum,57,15,9,81,59,1.37,1
VAL-08417,Lotus,Platinum,62,9,0,74,48,1.54,0
VAL-08418,Breeze,Gold,61,6,2,60,69,0.87,0
VAL-08419,Pearl,Gold,75,10,8,58,45,1.29,1
VAL-08420,Bind,Platinum,41,10,9,57,63,0.9,0
VAL-08421,Lotus,Gold,66,16,7,38,57,0.67,0
VAL-08422,Icebox,Platinum,44,11,4,62,68,0.91,0
VAL-08423,Pearl,Silver,50,12,13,65,59,1.1,1
VAL-08424,Ascent,Gold,53,6,9,51,80,0.64,0
VAL-08425,Icebox,Gold,50,11,10,46,59,0.78,0
VAL-08426,Ascent,Gold,39,18,10,60,62,0.97,1
VAL-08427,Lotus,Gold,50,16,7,69,68,1.01,1
VAL-08428,Split,Diamond,58,10,7,50,65,0.77,0
VAL-08429,Split,Diamond,53,15,10,49,52,0.94,1
VAL-08430,Bind,Platinum,73,11,5,54,63,0.86,0
VAL-08431,Icebox,Platinum,54,14,10,65,54,1.2,1
VAL-08432,Ascent,Silver,55,11,8,53,78,0.68,0
VAL-08433,Sunset,Platinum,57,8,9,75,38,1.97,1
VAL-08434,Icebox,Gold,53,8,8,55,73,0.75,0
VAL-08435,Breeze,Gold,61,14,4,54,59,0.92,1
VAL-08436,Bind,Silver,49,1,6,61,47,1.3,0
VAL-08437,Ascent,Silver,41,16,11,70,47,1.49,1
VAL-08438,Split,Silver,54,11,9,66,61,1.08,1
VAL-08439,Pearl,Silver,60,9,10,42,48,0.88,0
VAL-08440,Breeze,Silver,57,16,10,65,65,1.0,0
VAL-08441,Ascent,Platinum,44,1,5,70,56,1.25,0
VAL-08442,Ascent,Silver,57,14,2,71,63,1.13,1
VAL-08443,Lotus,Gold,63,19,10,75,45,1.67,1
VAL-08444,Split,Diamond,57,7,6,82,36,2.28,1
VAL-08445,Icebox,Silver,46,10,9,61,46,1.33,1
VAL-08446,Pearl,Diamond,56,14,11,57,77,0.74,0
VAL-08447,Lotus,Platinum,75,6,6,52,72,0.72,0
VAL-08448,Pearl,Gold,43,13,5,48,67,0.72,0
VAL-08449,Bind,Silver,68,23,4,55,69,0.8,1
VAL-08450,Split,Silver,28,13,7,55,64,0.86,0
VAL-08451,Ascent,Gold,48,13,3,49,83,0.59,0
VAL-08452,Sunset,Silver,50,7,8,62,57,1.09,0
VAL-08453,Haven,Gold,68,17,8,60,67,0.9,1
VAL-08454,Haven,Silver,76,1,8,61,56,1.09,0
VAL-08455,Sunset,Platinum,68,12,2,50,65,0.77,0
VAL-08456,Haven,Silver,61,16,11,64,74,0.86,1
VAL-08457,Lotus,Diamond,68,2,7,53,54,0.98,1
VAL-08458,Bind,Silver,39,4,6,75,42,1.79,1
VAL-08459,Haven,Diamond,66,6,9,38,55,0.69,0
VAL-08460,Bind,Silver,42,17,9,54,43,1.26,1
VAL-08461,Ascent,Platinum,46,9,4,65,62,1.05,0
VAL-08462,Bind,Gold,60,16,7,47,59,0.8,0
VAL-08463,Lotus,Platinum,40,15,5,73,44,1.66,1
VAL-08464,Sunset,Silver,70,5,6,70,32,2.19,1
VAL-08465,Bind,Gold,55,10,9,77,60,1.28,1
VAL-08466,Pearl,Silver,39,11,4,73,94,0.78,0
VAL-08467,Icebox,Gold,73,14,9,67,57,1.18,1
VAL-08468,Haven,Silver,52,13,4,61,54,1.13,0
VAL-08469,Sunset,Gold,53,12,11,48,46,1.04,1
VAL-08470,Breeze,Silver,52,17,5,73,67,1.09,1
VAL-08471,Ascent,Silver,20,17,13,53,51,1.04,1
VAL-08472,Icebox,Platinum,70,6,9,58,47,1.23,1
VAL-08473,Pearl,Ascendant,55,10,6,56,72,0.78,0
VAL-08474,Split,Gold,57,12,4,55,54,1.02,0
VAL-08475,Lotus,Platinum,63,12,9,72,61,1.18,1
VAL-08476,Icebox,Gold,51,14,10,69,66,1.05,1
VAL-08477,Sunset,Gold,42,13,9,65,44,1.48,1
VAL-08478,Sunset,Silver,44,14,5,60,52,1.15,1
VAL-08479,Sunset,Silver,65,15,11,43,79,0.54,0
VAL-08480,Ascent,Diamond,55,11,8,59,52,1.13,0
VAL-08481,Bind,Gold,67,11,5,73,54,1.35,1
VAL-08482,Haven,Platinum,69,18,13,55,56,0.98,1
VAL-08483,Split,Gold,66,10,9,54,71,0.76,0
VAL-08484,Sunset,Gold,70,15,8,69,77,0.9,1
VAL-08485,Breeze,Gold,46,9,6,60,62,0.97,0
VAL-08486,Ascent,Platinum,62,13,7,72,61,1.18,1
VAL-08487,Sunset,Silver,49,14,5,51,56,0.91,0
VAL-08488,Breeze,Gold,42,15,8,62,68,0.91,0
VAL-08489,Split,Gold,61,18,9,63,55,1.15,1
VAL-08490,Split,Immortal,64,8,1,59,59,1.0,0
VAL-08491,Haven,Gold,51,13,3,73,78,0.94,0
VAL-08492,Pearl,Platinum,56,15,4,60,62,0.97,1
VAL-08493,Haven,Silver,63,15,2,67,66,1.02,0
VAL-08494,Bind,Silver,48,11,5,59,56,1.05,1
VAL-08495,Lotus,Diamond,65,14,11,60,56,1.07,1
VAL-08496,Split,Platinum,44,12,10,64,43,1.49,1
VAL-08497,Lotus,Gold,60,15,5,51,70,0.73,0
VAL-08498,Ascent,Gold,40,12,9,54,56,0.96,0
VAL-08499,Icebox,Silver,71,12,4,59,58,1.02,1
VAL-08500,Sunset,Platinum,63,13,13,60,73,0.82,1
VAL-08501,Ascent,Silver,79,10,6,60,72,0.83,0
VAL-08502,Split,Diamond,44,9,1,43,54,0.8,0
VAL-08503,Breeze,Gold,63,7,13,70,56,1.25,1
VAL-08504,Lotus,Gold,55,11,6,59,40,1.48,1
VAL-08505,Haven,Diamond,37,9,13,47,66,0.71,0
VAL-08506,Icebox,Immortal,56,11,10,56,66,0.85,0
VAL-08507,Pearl,Gold,62,17,8,76,53,1.43,1
VAL-08508,Ascent,Diamond,79,11,1,53,63,0.84,0
VAL-08509,Pearl,Diamond,49,17,7,80,68,1.18,1
VAL-08510,Lotus,Platinum,61,14,2,56,50,1.12,1
VAL-08511,Lotus,Ascendant,59,11,6,76,58,1.31,1
VAL-08512,Sunset,Gold,53,8,7,73,62,1.18,1
VAL-08513,Breeze,Platinum,54,12,11,61,65,0.94,1
VAL-08514,Breeze,Diamond,64,10,5,47,66,0.71,0
VAL-08515,Bind,Gold,54,17,13,51,57,0.89,1
VAL-08516,Haven,Gold,52,20,2,57,52,1.1,1
VAL-08517,Split,Gold,49,16,5,63,43,1.47,1
VAL-08518,Split,Diamond,37,9,8,51,57,0.89,0
VAL-08519,Lotus,Platinum,66,12,0,43,66,0.65,0
VAL-08520,Ascent,Gold,49,11,3,60,79,0.76,0
VAL-08521,Split,Gold,70,10,8,51,69,0.74,0
VAL-08522,Split,Silver,70,12,10,53,61,0.87,1
VAL-08523,Ascent,Silver,84,11,4,53,60,0.88,0
VAL-08524,Haven,Gold,60,19,5,61,54,1.13,1
VAL-08525,Icebox,Gold,62,13,9,66,48,1.38,1
VAL-08526,Breeze,Diamond,62,15,2,75,69,1.09,1
VAL-08527,Sunset,Gold,58,16,6,47,72,0.65,0
VAL-08528,Sunset,Ascendant,69,15,6,55,48,1.15,0
VAL-08529,Sunset,Silver,54,17,12,66,73,0.9,1
VAL-08530,Ascent,Immortal,62,11,9,60,63,0.95,1
VAL-08531,Sunset,Gold,54,16,7,50,68,0.74,0
VAL-08532,Lotus,Platinum,39,20,9,70,78,0.9,1
VAL-08533,Bind,Gold,64,9,8,60,47,1.28,1
VAL-08534,Ascent,Gold,22,11,4,77,50,1.54,1
VAL-08535,Ascent,Silver,62,10,9,61,58,1.05,1
VAL-08536,Breeze,Silver,68,21,10,55,52,1.06,1
VAL-08537,Sunset,Platinum,62,8,6,55,53,1.04,1
VAL-08538,Pearl,Gold,46,12,8,46,69,0.67,0
VAL-08539,Icebox,Ascendant,74,14,13,74,62,1.19,1
VAL-08540,Bind,Gold,77,10,8,59,63,0.94,1
VAL-08541,Ascent,Immortal,63,8,6,42,61,0.69,0
VAL-08542,Bind,Silver,77,9,4,69,54,1.28,1
VAL-08543,Ascent,Silver,80,11,4,49,63,0.78,0
VAL-08544,Haven,Gold,47,10,7,66,59,1.12,0
VAL-08545,Breeze,Diamond,44,18,5,55,69,0.8,0
VAL-08546,Lotus,Gold,64,10,9,65,67,0.97,1
VAL-08547,Haven,Silver,20,10,6,46,65,0.71,1
VAL-08548,Sunset,Silver,52,14,13,63,61,1.03,0
VAL-08549,Icebox,Gold,47,13,8,52,56,0.93,0
VAL-08550,Pearl,Platinum,53,0,2,42,49,0.86,0
VAL-08551,Lotus,Gold,40,9,8,66,90,0.73,0
VAL-08552,Haven,Platinum,53,10,6,58,60,0.97,0
VAL-08553,Bind,Platinum,62,8,9,54,67,0.81,0
VAL-08554,Bind,Diamond,76,16,7,55,69,0.8,1
VAL-08555,Icebox,Gold,61,6,8,67,61,1.1,1
VAL-08556,Ascent,Gold,34,16,13,60,59,1.02,1
VAL-08557,Bind,Immortal,56,4,6,66,54,1.22,0
VAL-08558,Sunset,Gold,72,12,9,60,44,1.36,1
VAL-08559,Pearl,Gold,53,18,10,70,79,0.89,1
VAL-08560,Breeze,Diamond,63,10,8,46,55,0.84,0
VAL-08561,Sunset,Silver,70,12,2,45,50,0.9,0
VAL-08562,Pearl,Gold,57,16,9,65,75,0.87,1
VAL-08563,Icebox,Silver,59,16,1,70,58,1.21,1
VAL-08564,Sunset,Silver,62,13,12,65,62,1.05,1
VAL-08565,Breeze,Silver,50,11,3,71,56,1.27,1
VAL-08566,Breeze,Silver,53,11,13,69,45,1.53,1
VAL-08567,Split,Gold,44,6,7,63,61,1.03,0
VAL-08568,Ascent,Diamond,49,8,10,41,60,0.68,0
VAL-08569,Icebox,Platinum,65,12,9,59,56,1.05,1
VAL-08570,Sunset,Platinum,61,13,10,56,71,0.79,1
VAL-08571,Lotus,Gold,41,22,1,65,67,0.97,0
VAL-08572,Lotus,Diamond,44,15,5,66,74,0.89,0
VAL-08573,Icebox,Diamond,48,11,8,45,50,0.9,0
VAL-08574,Sunset,Diamond,38,14,7,47,66,0.71,0
VAL-08575,Haven,Diamond,58,5,6,36,81,0.44,0
VAL-08576,Haven,Silver,47,12,8,77,67,1.15,1
VAL-08577,Ascent,Platinum,61,15,6,65,67,0.97,1
VAL-08578,Sunset,Platinum,67,15,13,56,61,0.92,1
VAL-08579,Breeze,Gold,35,12,11,62,68,0.91,0
VAL-08580,Bind,Gold,48,14,11,64,51,1.25,1
VAL-08581,Lotus,Silver,36,11,12,67,54,1.24,1
VAL-08582,Sunset,Silver,33,14,8,40,52,0.77,0
VAL-08583,Sunset,Ascendant,62,8,4,52,56,0.93,0
VAL-08584,Bind,Platinum,58,7,6,62,60,1.03,0
VAL-08585,Bind,Gold,48,17,8,60,76,0.79,1
VAL-08586,Pearl,Gold,44,11,7,66,72,0.92,0
VAL-08587,Split,Platinum,42,14,3,47,50,0.94,0
VAL-08588,Ascent,Gold,57,9,8,57,51,1.12,1
VAL-08589,Lotus,Gold,52,7,4,59,54,1.09,0
VAL-08590,Bind,Silver,44,10,13,66,54,1.22,0
VAL-08591,Haven,Silver,60,14,9,63,72,0.88,0
VAL-08592,Icebox,Gold,58,4,6,51,76,0.67,0
VAL-08593,Haven,Platinum,43,13,7,71,48,1.48,1
VAL-08594,Pearl,Silver,49,15,12,55,63,0.87,1
VAL-08595,Pearl,Gold,65,8,3,50,57,0.88,0
VAL-08596,Bind,Platinum,64,13,6,61,40,1.52,1
VAL-08597,Pearl,Diamond,47,13,9,52,53,0.98,1
VAL-08598,Breeze,Silver,75,9,1,71,59,1.2,1
VAL-08599,Sunset,Platinum,53,11,7,74,49,1.51,1
VAL-08600,Sunset,Ascendant,64,12,6,55,55,1.0,1
VAL-08601,Bind,Ascendant,42,9,13,51,67,0.76,0
VAL-08602,Pearl,Diamond,53,11,7,66,61,1.08,1
VAL-08603,Icebox,Platinum,44,12,4,61,69,0.88,0
VAL-08604,Breeze,Silver,35,13,4,53,49,1.08,0
VAL-08605,Ascent,Platinum,54,20,0,57,47,1.21,1
VAL-08606,Pearl,Platinum,51,8,12,59,65,0.91,0
VAL-08607,Breeze,Gold,68,17,7,44,68,0.65,0
VAL-08608,Split,Gold,48,8,6,69,39,1.77,1
VAL-08609,Ascent,Platinum,58,12,10,51,55,0.93,1
VAL-08610,Sunset,Ascendant,50,16,9,55,73,0.75,0
VAL-08611,Split,Gold,43,14,7,61,60,1.02,0
VAL-08612,Bind,Silver,65,3,4,70,48,1.46,1
VAL-08613,Lotus,Platinum,48,16,5,79,45,1.76,1
VAL-08614,Bind,Silver,50,13,7,57,65,0.88,0
VAL-08615,Icebox,Platinum,41,10,9,70,63,1.11,1
VAL-08616,Breeze,Silver,35,11,3,55,78,0.71,0
VAL-08617,Lotus,Gold,60,14,7,66,46,1.43,1
VAL-08618,Ascent,Platinum,54,14,11,54,51,1.06,1
VAL-08619,Ascent,Silver,66,14,3,43,69,0.62,0
VAL-08620,Split,Silver,61,9,9,70,53,1.32,1
VAL-08621,Icebox,Gold,40,12,3,53,42,1.26,0
VAL-08622,Sunset,Gold,55,9,5,62,60,1.03,0
VAL-08623,Pearl,Platinum,55,15,1,44,51,0.86,0
VAL-08624,Pearl,Gold,67,11,8,47,69,0.68,0
VAL-08625,Lotus,Gold,70,14,5,42,55,0.76,0
VAL-08626,Icebox,Gold,34,10,1,63,65,0.97,0
VAL-08627,Icebox,Silver,68,12,7,50,68,0.74,0
VAL-08628,Ascent,Diamond,67,11,10,74,62,1.19,1
VAL-08629,Sunset,Silver,45,7,8,45,90,0.5,0
VAL-08630,Breeze,Diamond,54,16,8,62,63,0.98,1
VAL-08631,Sunset,Gold,30,15,9,40,77,0.52,0
VAL-08632,Haven,Gold,54,7,5,81,51,1.59,1
VAL-08633,Icebox,Platinum,42,9,7,48,60,0.8,0
VAL-08634,Bind,Diamond,61,10,13,66,71,0.93,1
VAL-08635,Icebox,Ascendant,60,17,7,54,59,0.92,1
VAL-08636,Lotus,Gold,54,15,4,67,64,1.05,1
VAL-08637,Bind,Silver,57,13,8,49,73,0.67,0
VAL-08638,Lotus,Diamond,46,6,6,61,63,0.97,0
VAL-08639,Split,Silver,41,14,7,54,45,1.2,1
VAL-08640,Ascent,Diamond,80,13,9,87,61,1.43,1
VAL-08641,Icebox,Platinum,67,11,5,50,67,0.75,0
VAL-08642,Ascent,Ascendant,57,17,0,49,63,0.78,0
VAL-08643,Pearl,Diamond,52,11,6,76,55,1.38,1
VAL-08644,Lotus,Silver,84,17,8,67,49,1.37,1
VAL-08645,Haven,Platinum,75,11,12,52,53,0.98,1
VAL-08646,Haven,Silver,52,9,10,61,67,0.91,0
VAL-08647,Pearl,Silver,43,7,6,61,61,1.0,0
VAL-08648,Split,Gold,56,12,8,63,60,1.05,1
VAL-08649,Haven,Silver,50,12,6,67,64,1.05,0
VAL-08650,Lotus,Platinum,44,8,10,49,58,0.84,0
VAL-08651,Haven,Ascendant,71,8,7,62,70,0.89,0
VAL-08652,Pearl,Platinum,61,17,9,57,49,1.16,1
VAL-08653,Bind,Silver,50,15,12,35,67,0.52,0
VAL-08654,Ascent,Diamond,50,19,13,55,72,0.76,1
VAL-08655,Breeze,Diamond,55,6,3,55,81,0.68,1
VAL-08656,Lotus,Platinum,49,19,2,68,65,1.05,1
VAL-08657,Ascent,Platinum,48,9,4,72,46,1.57,1
VAL-08658,Sunset,Diamond,80,7,7,66,89,0.74,0
VAL-08659,Haven,Silver,44,13,5,39,77,0.51,1
VAL-08660,Haven,Ascendant,28,5,11,81,78,1.04,0
VAL-08661,Split,Ascendant,63,16,5,71,56,1.27,1
VAL-08662,Ascent,Diamond,68,13,4,59,62,0.95,0
VAL-08663,Sunset,Gold,57,9,11,62,60,1.03,1
VAL-08664,Haven,Diamond,36,16,9,65,57,1.14,1
VAL-08665,Split,Gold,53,11,8,61,51,1.2,1
VAL-08666,Ascent,Platinum,49,12,4,68,70,0.97,0
VAL-08667,Split,Diamond,71,15,10,74,74,1.0,1
VAL-08668,Ascent,Silver,45,9,6,41,72,0.57,0
VAL-08669,Icebox,Gold,58,8,7,56,53,1.06,0
VAL-08670,Icebox,Diamond,62,11,8,64,54,1.19,1
VAL-08671,Pearl,Diamond,45,7,11,47,68,0.69,1
VAL-08672,Lotus,Diamond,48,10,8,81,70,1.16,1
VAL-08673,Split,Silver,60,8,5,33,64,0.52,0
VAL-08674,Pearl,Platinum,20,11,7,53,56,0.95,0
VAL-08675,Split,Silver,71,8,9,67,72,0.93,1
VAL-08676,Haven,Diamond,43,11,12,82,74,1.11,1
VAL-08677,Breeze,Silver,56,16,6,63,68,0.93,1
VAL-08678,Split,Platinum,39,9,6,66,55,1.2,0
VAL-08679,Haven,Gold,71,14,9,54,53,1.02,1
VAL-08680,Sunset,Immortal,55,5,4,80,74,1.08,0
VAL-08681,Icebox,Platinum,58,11,5,77,57,1.35,0
VAL-08682,Pearl,Platinum,62,9,7,68,57,1.19,1
VAL-08683,Breeze,Gold,68,12,8,35,65,0.54,0
VAL-08684,Icebox,Platinum,42,10,10,61,56,1.09,1
VAL-08685,Pearl,Gold,52,15,7,54,70,0.77,0
VAL-08686,Breeze,Silver,70,11,7,60,61,0.98,1
VAL-08687,Bind,Platinum,50,16,9,55,55,1.0,1
VAL-08688,Haven,Diamond,71,4,2,64,61,1.05,0
VAL-08689,Bind,Silver,57,12,7,54,52,1.04,1
VAL-08690,Haven,Silver,50,13,12,57,55,1.04,0
VAL-08691,Ascent,Platinum,63,8,9,56,56,1.0,1
VAL-08692,Lotus,Diamond,53,12,7,64,70,0.91,0
VAL-08693,Breeze,Silver,65,14,9,45,67,0.67,0
VAL-08694,Bind,Ascendant,49,16,3,42,48,0.88,0
VAL-08695,Lotus,Ascendant,65,11,8,68,58,1.17,1
VAL-08696,Breeze,Silver,60,10,7,56,50,1.12,1
VAL-08697,Pearl,Gold,51,10,7,67,53,1.26,1
VAL-08698,Ascent,Platinum,33,12,6,68,56,1.21,0
VAL-08699,Pearl,Ascendant,61,8,11,54,64,0.84,0
VAL-08700,Haven,Platinum,68,15,6,54,64,0.84,0
VAL-08701,Lotus,Gold,57,6,4,54,47,1.15,0
VAL-08702,Breeze,Silver,28,12,3,46,48,0.96,0
VAL-08703,Split,Gold,69,6,1,43,56,0.77,0
VAL-08704,Lotus,Platinum,60,12,8,59,64,0.92,1
VAL-08705,Sunset,Gold,62,15,5,47,60,0.78,0
VAL-08706,Bind,Gold,54,13,3,58,41,1.41,1
VAL-08707,Breeze,Silver,32,10,6,51,66,0.77,0
VAL-08708,Icebox,Gold,62,15,9,51,44,1.16,1
VAL-08709,Icebox,Silver,52,1,7,57,66,0.86,0
VAL-08710,Haven,Silver,46,12,7,77,68,1.13,1
VAL-08711,Lotus,Diamond,76,9,11,76,80,0.95,1
VAL-08712,Lotus,Silver,62,14,9,71,66,1.08,1
VAL-08713,Icebox,Platinum,58,2,7,61,82,0.74,0
VAL-08714,Lotus,Silver,45,10,4,42,80,0.52,0
VAL-08715,Lotus,Gold,43,9,5,72,60,1.2,0
VAL-08716,Haven,Gold,61,16,7,53,59,0.9,1
VAL-08717,Bind,Silver,31,9,9,76,81,0.94,0
VAL-08718,Sunset,Silver,62,11,8,53,73,0.73,0
VAL-08719,Bind,Diamond,62,12,5,73,79,0.92,0
VAL-08720,Sunset,Silver,72,12,8,68,61,1.11,1
VAL-08721,Split,Silver,67,12,12,39,50,0.78,1
VAL-08722,Bind,Diamond,69,12,8,69,56,1.23,1
VAL-08723,Ascent,Gold,48,12,9,61,61,1.0,1
VAL-08724,Split,Platinum,37,22,6,47,55,0.85,0
VAL-08725,Sunset,Silver,57,5,6,56,44,1.27,0
VAL-08726,Sunset,Silver,60,9,2,84,60,1.4,1
VAL-08727,Split,Platinum,67,12,7,40,64,0.62,0
VAL-08728,Sunset,Immortal,73,16,0,61,46,1.33,1
VAL-08729,Breeze,Silver,41,16,2,54,65,0.83,0
VAL-08730,Ascent,Gold,65,16,8,66,57,1.16,1
VAL-08731,Breeze,Silver,28,12,4,71,65,1.09,0
VAL-08732,Sunset,Silver,58,17,1,63,78,0.81,0
VAL-08733,Bind,Ascendant,63,10,7,70,48,1.46,1
VAL-08734,Breeze,Silver,37,16,2,50,42,1.19,0
VAL-08735,Bind,Diamond,62,13,10,59,63,0.94,1
VAL-08736,Split,Silver,42,13,8,77,57,1.35,1
VAL-08737,Lotus,Diamond,50,7,12,53,66,0.8,0
VAL-08738,Pearl,Gold,65,5,8,51,53,0.96,0
VAL-08739,Sunset,Diamond,51,11,13,54,68,0.79,0
VAL-08740,Pearl,Silver,51,12,4,65,52,1.25,1
VAL-08741,Ascent,Diamond,59,8,5,60,59,1.02,0
VAL-08742,Bind,Platinum,65,16,8,67,65,1.03,1
VAL-08743,Breeze,Gold,55,9,7,52,60,0.87,0
VAL-08744,Pearl,Diamond,74,14,7,45,71,0.63,0
VAL-08745,Haven,Platinum,51,11,7,53,73,0.73,0
VAL-08746,Sunset,Diamond,70,15,6,46,67,0.69,0
VAL-08747,Pearl,Gold,61,7,4,62,67,0.93,0
VAL-08748,Breeze,Platinum,63,6,5,58,61,0.95,0
VAL-08749,Breeze,Diamond,41,14,4,61,49,1.24,1
VAL-08750,Ascent,Silver,70,15,4,63,72,0.88,0
VAL-08751,Icebox,Gold,56,13,7,54,38,1.42,1
VAL-08752,Haven,Ascendant,83,8,5,67,37,1.81,1
VAL-08753,Pearl,Gold,58,15,5,62,60,1.03,1
VAL-08754,Haven,Gold,55,14,11,54,54,1.0,1
VAL-08755,Icebox,Gold,49,7,8,64,60,1.07,0
VAL-08756,Pearl,Diamond,55,14,9,64,52,1.23,1
VAL-08757,Haven,Ascendant,72,13,10,83,66,1.26,1
VAL-08758,Bind,Ascendant,64,12,12,66,55,1.2,1
VAL-08759,Breeze,Platinum,59,6,7,71,58,1.22,1
VAL-08760,Lotus,Gold,65,15,8,56,56,1.0,1
VAL-08761,Split,Silver,50,10,5,51,77,0.66,0
VAL-08762,Sunset,Silver,49,9,4,66,45,1.47,1
VAL-08763,Lotus,Silver,47,14,3,53,75,0.71,0
VAL-08764,Pearl,Silver,67,11,4,55,50,1.1,1
VAL-08765,Pearl,Diamond,68,6,5,46,47,0.98,0
VAL-08766,Haven,Diamond,45,18,8,60,54,1.11,1
VAL-08767,Breeze,Platinum,47,13,4,57,55,1.04,0
VAL-08768,Icebox,Immortal,53,12,4,57,65,0.88,0
VAL-08769,Ascent,Ascendant,43,12,1,68,48,1.42,0
VAL-08770,Haven,Platinum,58,12,5,54,53,1.02,1
VAL-08771,Ascent,Gold,72,12,7,61,72,0.85,1
VAL-08772,Split,Silver,59,17,7,55,59,0.93,1
VAL-08773,Haven,Gold,67,18,6,47,49,0.96,1
VAL-08774,Split,Silver,39,11,6,62,74,0.84,0
VAL-08775,Sunset,Gold,49,15,7,64,54,1.19,1
VAL-08776,Haven,Ascendant,32,15,11,68,48,1.42,1
VAL-08777,Breeze,Gold,54,15,6,65,46,1.41,0
VAL-08778,Breeze,Silver,81,17,7,55,61,0.9,1
VAL-08779,Pearl,Platinum,76,15,3,79,69,1.14,1
VAL-08780,Sunset,Platinum,60,14,8,60,47,1.28,0
VAL-08781,Pearl,Silver,56,9,7,61,57,1.07,0
VAL-08782,Ascent,Silver,61,13,5,49,77,0.64,0
VAL-08783,Lotus,Immortal,41,8,3,53,58,0.91,0
VAL-08784,Icebox,Silver,58,14,8,72,64,1.12,0
VAL-08785,Sunset,Diamond,29,13,4,65,59,1.1,0
VAL-08786,Icebox,Gold,24,6,9,49,73,0.67,0
VAL-08787,Icebox,Gold,51,10,12,48,68,0.71,0
VAL-08788,Bind,Gold,83,9,10,66,65,1.02,0
VAL-08789,Haven,Diamond,75,15,7,54,52,1.04,1
VAL-08790,Sunset,Diamond,69,11,9,76,86,0.88,1
VAL-08791,Pearl,Gold,55,6,5,92,47,1.96,1
VAL-08792,Ascent,Silver,74,14,3,62,63,0.98,1
VAL-08793,Haven,Silver,49,13,7,67,63,1.06,1
VAL-08794,Bind,Diamond,41,12,5,67,61,1.1,0
VAL-08795,Ascent,Gold,48,8,3,56,73,0.77,0
VAL-08796,Sunset,Silver,36,14,2,52,52,1.0,0
VAL-08797,Lotus,Gold,82,12,6,42,62,0.68,0
VAL-08798,Icebox,Gold,62,11,10,68,54,1.26,0
VAL-08799,Bind,Diamond,45,7,7,57,66,0.86,0
VAL-08800,Ascent,Platinum,54,7,6,50,57,0.88,1
VAL-08801,Pearl,Silver,54,26,7,55,55,1.0,1
VAL-08802,Bind,Silver,72,7,4,56,54,1.04,0
VAL-08803,Ascent,Gold,82,4,6,49,39,1.26,1
VAL-08804,Bind,Silver,68,10,11,49,59,0.83,1
VAL-08805,Pearl,Diamond,64,11,12,62,50,1.24,1
VAL-08806,Pearl,Gold,59,8,10,51,41,1.24,1
VAL-08807,Breeze,Gold,56,9,9,51,62,0.82,0
VAL-08808,Icebox,Gold,56,12,12,55,46,1.2,1
VAL-08809,Haven,Platinum,56,13,4,38,77,0.49,0
VAL-08810,Haven,Platinum,53,6,13,44,50,0.88,0
VAL-08811,Sunset,Diamond,50,10,1,50,70,0.71,0
VAL-08812,Split,Platinum,42,12,6,76,74,1.03,0
VAL-08813,Sunset,Diamond,52,11,0,69,66,1.05,0
VAL-08814,Split,Platinum,39,9,9,60,47,1.28,1
VAL-08815,Bind,Silver,48,8,3,69,80,0.86,0
VAL-08816,Split,Silver,54,19,4,69,69,1.0,1
VAL-08817,Breeze,Ascendant,58,3,11,45,68,0.66,0
VAL-08818,Breeze,Ascendant,58,16,6,46,52,0.88,1
VAL-08819,Icebox,Platinum,61,7,9,53,57,0.93,1
VAL-08820,Ascent,Platinum,60,13,6,58,45,1.29,1
VAL-08821,Haven,Gold,77,12,4,44,47,0.94,1
VAL-08822,Icebox,Gold,75,8,10,66,74,0.89,1
VAL-08823,Breeze,Immortal,50,11,8,63,67,0.94,0
VAL-08824,Ascent,Diamond,66,10,8,70,53,1.32,1
VAL-08825,Sunset,Gold,53,12,5,53,59,0.9,0
VAL-08826,Haven,Gold,35,17,7,50,74,0.68,1
VAL-08827,Haven,Gold,63,18,5,82,71,1.15,1
VAL-08828,Bind,Gold,49,9,9,53,50,1.06,0
VAL-08829,Lotus,Gold,47,13,7,53,53,1.0,0
VAL-08830,Haven,Platinum,48,16,9,54,61,0.89,1
VAL-08831,Breeze,Silver,46,10,6,68,68,1.0,1
VAL-08832,Bind,Diamond,77,14,12,68,49,1.39,0
VAL-08833,Pearl,Platinum,41,22,7,56,47,1.19,1
VAL-08834,Split,Diamond,53,7,8,71,54,1.31,1
VAL-08835,Sunset,Diamond,35,14,9,84,44,1.91,1
VAL-08836,Sunset,Platinum,46,8,4,53,62,0.85,0
VAL-08837,Pearl,Diamond,39,9,6,41,44,0.93,0
VAL-08838,Lotus,Gold,61,10,9,58,78,0.74,0
VAL-08839,Haven,Ascendant,37,14,2,63,48,1.31,0
VAL-08840,Icebox,Silver,72,20,8,64,45,1.42,1
VAL-08841,Bind,Ascendant,39,10,3,51,72,0.71,0
VAL-08842,Pearl,Gold,43,16,3,57,63,0.9,0
VAL-08843,Lotus,Silver,63,8,4,64,53,1.21,1
VAL-08844,Sunset,Gold,78,10,8,50,63,0.79,0
VAL-08845,Pearl,Platinum,50,17,13,66,75,0.88,1
VAL-08846,Lotus,Silver,62,16,3,48,64,0.75,0
VAL-08847,Sunset,Platinum,42,10,7,67,70,0.96,0
VAL-08848,Breeze,Diamond,49,10,10,57,45,1.27,1
VAL-08849,Bind,Gold,54,14,9,80,64,1.25,1
VAL-08850,Bind,Platinum,45,9,5,56,57,0.98,0
VAL-08851,Split,Gold,69,10,9,69,63,1.1,0
VAL-08852,Sunset,Gold,65,10,5,59,58,1.02,0
VAL-08853,Pearl,Platinum,49,11,7,70,47,1.49,1
VAL-08854,Bind,Gold,26,10,4,74,62,1.19,1
VAL-08855,Lotus,Immortal,46,5,10,61,69,0.88,0
VAL-08856,Pearl,Platinum,70,18,8,60,55,1.09,1
VAL-08857,Sunset,Diamond,54,15,6,71,72,0.99,0
VAL-08858,Lotus,Platinum,67,12,8,68,58,1.17,1
VAL-08859,Haven,Diamond,75,9,7,43,75,0.57,0
VAL-08860,Ascent,Silver,62,17,8,70,60,1.17,1
VAL-08861,Bind,Silver,69,14,9,78,65,1.2,1
VAL-08862,Bind,Gold,48,9,8,72,57,1.26,0
VAL-08863,Split,Diamond,69,14,5,56,62,0.9,0
VAL-08864,Breeze,Silver,52,12,2,44,59,0.75,0
VAL-08865,Split,Ascendant,46,13,9,51,48,1.06,1
VAL-08866,Sunset,Silver,80,15,5,67,65,1.03,1
VAL-08867,Split,Silver,55,14,10,42,62,0.68,0
VAL-08868,Breeze,Silver,46,15,3,72,75,0.96,0
VAL-08869,Breeze,Platinum,60,19,4,78,53,1.47,1
VAL-08870,Ascent,Ascendant,42,14,7,64,35,1.83,1
VAL-08871,Lotus,Gold,40,21,7,70,76,0.92,1
VAL-08872,Haven,Platinum,52,17,10,57,52,1.1,1
VAL-08873,Breeze,Silver,38,11,10,59,61,0.97,0
VAL-08874,Haven,Platinum,49,6,7,58,43,1.35,1
VAL-08875,Bind,Silver,39,17,9,56,54,1.04,1
VAL-08876,Icebox,Gold,67,7,1,66,64,1.03,1
VAL-08877,Ascent,Platinum,75,13,6,72,50,1.44,1
VAL-08878,Sunset,Platinum,38,15,9,53,53,1.0,1
VAL-08879,Pearl,Silver,81,8,7,59,41,1.44,1
VAL-08880,Haven,Silver,64,9,11,62,75,0.83,0
VAL-08881,Split,Platinum,58,8,4,57,49,1.16,0
VAL-08882,Breeze,Diamond,37,20,10,59,46,1.28,1
VAL-08883,Haven,Ascendant,35,15,6,51,35,1.46,1
VAL-08884,Pearl,Diamond,55,9,8,60,51,1.18,1
VAL-08885,Breeze,Ascendant,53,6,4,62,70,0.89,0
VAL-08886,Sunset,Gold,51,9,7,58,71,0.82,1
VAL-08887,Icebox,Gold,56,9,10,65,56,1.16,0
VAL-08888,Split,Silver,46,10,9,58,46,1.26,0
VAL-08889,Haven,Gold,52,15,7,50,56,0.89,0
VAL-08890,Ascent,Platinum,55,6,9,70,57,1.23,1
VAL-08891,Haven,Diamond,86,16,9,68,66,1.03,0
VAL-08892,Haven,Gold,28,5,6,64,61,1.05,0
VAL-08893,Pearl,Gold,60,12,8,78,75,1.04,1
VAL-08894,Pearl,Platinum,56,9,10,41,49,0.84,0
VAL-08895,Ascent,Platinum,55,16,13,55,47,1.17,1
VAL-08896,Haven,Gold,59,18,9,46,58,0.79,1
VAL-08897,Lotus,Diamond,79,15,4,79,59,1.34,0
VAL-08898,Sunset,Silver,59,14,8,73,68,1.07,1
VAL-08899,Pearl,Ascendant,37,11,13,62,60,1.03,1
VAL-08900,Pearl,Ascendant,59,17,5,62,58,1.07,1
VAL-08901,Lotus,Gold,53,8,3,49,73,0.67,0
VAL-08902,Breeze,Gold,48,14,9,62,45,1.38,1
VAL-08903,Haven,Platinum,57,16,7,48,82,0.59,0
VAL-08904,Ascent,Gold,54,16,7,77,63,1.22,1
VAL-08905,Pearl,Silver,52,14,6,67,41,1.63,1
VAL-08906,Ascent,Ascendant,54,14,5,73,57,1.28,1
VAL-08907,Ascent,Gold,41,16,5,49,37,1.32,1
VAL-08908,Sunset,Silver,64,11,8,63,52,1.21,1
VAL-08909,Pearl,Platinum,53,18,9,48,54,0.89,1
VAL-08910,Split,Silver,58,20,6,53,83,0.64,0
VAL-08911,Breeze,Silver,45,5,11,74,58,1.28,1
VAL-08912,Ascent,Gold,42,10,7,59,59,1.0,0
VAL-08913,Pearl,Gold,51,8,9,56,49,1.14,1
VAL-08914,Breeze,Platinum,55,9,6,64,81,0.79,0
VAL-08915,Split,Immortal,50,12,7,79,64,1.23,1
VAL-08916,Pearl,Diamond,56,14,8,65,51,1.27,1
VAL-08917,Haven,Silver,29,11,7,68,52,1.31,1
VAL-08918,Ascent,Silver,79,15,4,58,48,1.21,1
VAL-08919,Split,Platinum,46,9,11,58,61,0.95,0
VAL-08920,Haven,Platinum,41,10,7,38,52,0.73,0
VAL-08921,Ascent,Diamond,69,15,1,44,55,0.8,0
VAL-08922,Bind,Platinum,41,11,6,79,71,1.11,0
VAL-08923,Icebox,Silver,57,7,12,65,51,1.27,1
VAL-08924,Lotus,Gold,41,21,11,67,60,1.12,1
VAL-08925,Ascent,Diamond,51,16,8,56,54,1.04,1
VAL-08926,Split,Ascendant,52,13,10,61,60,1.02,1
VAL-08927,Split,Silver,46,16,11,66,58,1.14,0
VAL-08928,Icebox,Gold,66,14,7,74,56,1.32,1
VAL-08929,Pearl,Silver,72,6,10,72,72,1.0,1
VAL-08930,Lotus,Gold,46,13,5,59,70,0.84,0
VAL-08931,Breeze,Silver,57,9,4,68,43,1.58,1
VAL-08932,Ascent,Ascendant,39,12,7,61,34,1.79,1
VAL-08933,Pearl,Platinum,56,14,9,65,72,0.9,1
VAL-08934,Haven,Diamond,65,16,11,71,59,1.2,1
VAL-08935,Breeze,Immortal,56,8,7,68,60,1.13,1
VAL-08936,Lotus,Silver,48,8,5,56,74,0.76,0
VAL-08937,Pearl,Platinum,52,10,13,67,51,1.31,1
VAL-08938,Breeze,Diamond,49,18,6,80,61,1.31,1
VAL-08939,Sunset,Platinum,52,11,4,45,60,0.75,0
VAL-08940,Sunset,Platinum,47,14,9,60,71,0.85,0
VAL-08941,Ascent,Gold,57,12,13,50,60,0.83,1
VAL-08942,Ascent,Platinum,41,10,7,61,57,1.07,0
VAL-08943,Ascent,Gold,22,13,7,68,54,1.26,1
VAL-08944,Lotus,Gold,68,15,9,54,64,0.84,1
VAL-08945,Pearl,Silver,54,15,10,51,56,0.91,0
VAL-08946,Haven,Silver,56,7,3,76,43,1.77,0
VAL-08947,Bind,Silver,46,13,11,64,61,1.05,1
VAL-08948,Split,Silver,50,19,7,70,33,2.12,1
VAL-08949,Haven,Gold,42,13,7,69,71,0.97,0
VAL-08950,Pearl,Silver,69,17,4,51,50,1.02,1
VAL-08951,Lotus,Silver,49,19,6,70,64,1.09,1
VAL-08952,Breeze,Diamond,36,13,11,55,68,0.81,1
VAL-08953,Haven,Diamond,63,12,10,53,68,0.78,0
VAL-08954,Breeze,Diamond,69,14,8,70,78,0.9,1
VAL-08955,Bind,Ascendant,53,17,0,46,56,0.82,0
VAL-08956,Pearl,Silver,73,11,5,49,65,0.75,0
VAL-08957,Pearl,Silver,59,7,8,55,60,0.92,1
VAL-08958,Split,Gold,53,13,6,43,60,0.72,0
VAL-08959,Lotus,Ascendant,54,16,9,61,61,1.0,1
VAL-08960,Split,Diamond,61,14,9,55,51,1.08,1
VAL-08961,Pearl,Gold,68,14,11,63,66,0.95,0
VAL-08962,Split,Silver,61,12,2,79,56,1.41,0
VAL-08963,Icebox,Platinum,58,11,6,48,72,0.67,0
VAL-08964,Pearl,Gold,56,17,5,46,60,0.77,0
VAL-08965,Haven,Gold,63,5,5,55,62,0.89,0
VAL-08966,Icebox,Ascendant,47,12,7,52,66,0.79,0
VAL-08967,Haven,Platinum,37,8,8,60,56,1.07,1
VAL-08968,Icebox,Ascendant,57,12,9,76,43,1.77,1
VAL-08969,Haven,Gold,43,13,5,78,74,1.05,0
VAL-08970,Pearl,Platinum,37,14,6,55,73,0.75,0
VAL-08971,Ascent,Diamond,74,13,7,51,58,0.88,1
VAL-08972,Sunset,Platinum,20,18,7,51,54,0.94,0
VAL-08973,Sunset,Platinum,62,12,5,64,39,1.64,1
VAL-08974,Icebox,Platinum,42,8,5,60,64,0.94,0
VAL-08975,Sunset,Diamond,45,16,6,61,48,1.27,1
VAL-08976,Breeze,Silver,60,13,3,55,63,0.87,0
VAL-08977,Icebox,Gold,83,8,3,62,59,1.05,0
VAL-08978,Haven,Gold,63,15,6,80,58,1.38,1
VAL-08979,Lotus,Ascendant,43,10,7,73,58,1.26,1
VAL-08980,Split,Ascendant,54,16,11,84,60,1.4,1
VAL-08981,Haven,Silver,52,7,2,61,44,1.39,1
VAL-08982,Breeze,Silver,30,11,8,48,72,0.67,0
VAL-08983,Lotus,Ascendant,56,14,11,39,54,0.72,0
VAL-08984,Sunset,Gold,47,8,8,66,57,1.16,0
VAL-08985,Breeze,Silver,64,14,5,46,49,0.94,1
VAL-08986,Icebox,Silver,51,16,6,78,64,1.22,1
VAL-08987,Bind,Gold,74,11,12,60,62,0.97,0
VAL-08988,Bind,Platinum,59,14,10,57,39,1.46,1
VAL-08989,Sunset,Gold,58,9,5,60,67,0.9,0
VAL-08990,Bind,Gold,79,23,5,62,76,0.82,1
VAL-08991,Bind,Ascendant,59,12,8,69,58,1.19,1
VAL-08992,Haven,Silver,75,13,8,59,43,1.37,1
VAL-08993,Haven,Silver,41,11,11,62,54,1.15,1
VAL-08994,Split,Diamond,31,9,6,65,48,1.35,0
VAL-08995,Pearl,Diamond,58,16,3,62,66,0.94,0
VAL-08996,Sunset,Gold,69,2,6,45,57,0.79,0
VAL-08997,Bind,Gold,41,5,6,55,62,0.89,0
VAL-08998,Split,Gold,50,13,0,71,75,0.95,0
VAL-08999,Sunset,Platinum,35,11,6,77,63,1.22,0
VAL-09000,Bind,Silver,55,15,10,76,48,1.58,1
VAL-09001,Ascent,Gold,55,10,9,66,57,1.16,1
VAL-09002,Lotus,Silver,62,5,6,56,59,0.95,0
VAL-09003,Sunset,Diamond,49,12,6,74,49,1.51,1
VAL-09004,Pearl,Gold,52,11,5,57,68,0.84,0
VAL-09005,Lotus,Gold,63,8,5,55,67,0.82,0
VAL-09006,Split,Silver,58,15,9,64,48,1.33,1
VAL-09007,Split,Silver,60,13,11,36,56,0.64,1
VAL-09008,Bind,Platinum,65,8,9,60,67,0.9,0
VAL-09009,Lotus,Diamond,64,6,5,61,64,0.95,1
VAL-09010,Bind,Platinum,80,13,5,59,63,0.94,1
VAL-09011,Sunset,Platinum,60,8,11,58,51,1.14,1
VAL-09012,Split,Silver,60,8,7,75,53,1.42,0
VAL-09013,Ascent,Platinum,51,12,5,44,48,0.92,1
VAL-09014,Split,Silver,56,12,7,64,54,1.19,1
VAL-09015,Haven,Silver,40,14,3,66,50,1.32,1
VAL-09016,Breeze,Diamond,48,16,3,76,86,0.88,0
VAL-09017,Pearl,Diamond,69,10,5,63,72,0.88,0
VAL-09018,Lotus,Platinum,36,14,10,65,69,0.94,0
VAL-09019,Bind,Diamond,72,11,6,60,73,0.82,0
VAL-09020,Breeze,Immortal,51,17,9,63,72,0.88,1
VAL-09021,Breeze,Silver,44,9,8,60,52,1.15,0
VAL-09022,Icebox,Ascendant,52,14,3,48,67,0.72,0
VAL-09023,Pearl,Platinum,62,9,12,63,58,1.09,1
VAL-09024,Haven,Diamond,56,8,3,62,48,1.29,1
VAL-09025,Split,Platinum,78,10,5,54,65,0.83,0
VAL-09026,Sunset,Platinum,60,4,6,63,63,1.0,0
VAL-09027,Split,Platinum,61,16,9,73,55,1.33,0
VAL-09028,Haven,Gold,61,9,5,57,63,0.9,0
VAL-09029,Bind,Ascendant,57,10,4,77,60,1.28,1
VAL-09030,Icebox,Silver,52,8,10,75,60,1.25,1
VAL-09031,Split,Gold,56,16,6,52,74,0.7,0
VAL-09032,Lotus,Silver,58,13,9,55,70,0.79,0
VAL-09033,Pearl,Gold,54,14,13,58,35,1.66,1
VAL-09034,Breeze,Silver,70,13,6,47,47,1.0,1
VAL-09035,Bind,Silver,69,13,8,51,58,0.88,1
VAL-09036,Haven,Gold,41,13,3,38,74,0.51,0
VAL-09037,Sunset,Gold,67,16,5,66,35,1.89,1
VAL-09038,Sunset,Silver,55,7,8,67,60,1.12,1
VAL-09039,Icebox,Gold,51,10,11,44,64,0.69,0
VAL-09040,Haven,Ascendant,64,8,2,45,56,0.8,0
VAL-09041,Bind,Silver,58,14,8,59,53,1.11,1
VAL-09042,Lotus,Gold,44,14,4,61,50,1.22,0
VAL-09043,Breeze,Silver,65,15,6,73,43,1.7,1
VAL-09044,Pearl,Silver,54,2,5,53,69,0.77,0
VAL-09045,Ascent,Platinum,64,10,5,53,60,0.88,0
VAL-09046,Ascent,Gold,55,2,8,61,74,0.82,0
VAL-09047,Bind,Gold,65,20,4,72,66,1.09,1
VAL-09048,Haven,Silver,66,13,0,75,51,1.47,1
VAL-09049,Ascent,Platinum,69,9,6,50,48,1.04,1
VAL-09050,Icebox,Diamond,48,12,5,71,75,0.95,0
VAL-09051,Haven,Silver,77,12,6,51,78,0.65,0
VAL-09052,Ascent,Silver,53,20,5,42,68,0.62,0
VAL-09053,Lotus,Silver,41,11,8,62,59,1.05,0
VAL-09054,Breeze,Platinum,57,13,9,73,53,1.38,1
VAL-09055,Sunset,Silver,53,10,3,58,78,0.74,0
VAL-09056,Haven,Gold,48,20,11,71,62,1.15,1
VAL-09057,Sunset,Silver,56,18,9,52,49,1.06,1
VAL-09058,Sunset,Silver,64,4,6,61,56,1.09,0
VAL-09059,Ascent,Silver,59,15,7,69,44,1.57,1
VAL-09060,Haven,Gold,71,14,10,63,59,1.07,1
VAL-09061,Breeze,Silver,54,9,6,58,65,0.89,0
VAL-09062,Lotus,Gold,60,8,9,54,65,0.83,0
VAL-09063,Split,Platinum,58,4,8,57,52,1.1,0
VAL-09064,Icebox,Gold,77,15,9,71,63,1.13,1
VAL-09065,Sunset,Platinum,43,7,9,59,67,0.88,0
VAL-09066,Breeze,Platinum,48,13,5,43,56,0.77,1
VAL-09067,Pearl,Platinum,80,8,7,63,64,0.98,1
VAL-09068,Pearl,Ascendant,52,7,9,60,53,1.13,1
VAL-09069,Split,Silver,36,12,9,64,49,1.31,1
VAL-09070,Split,Silver,79,17,9,59,69,0.86,1
VAL-09071,Split,Platinum,43,9,6,59,53,1.11,0
VAL-09072,Icebox,Platinum,56,12,11,69,73,0.95,1
VAL-09073,Icebox,Gold,68,12,8,83,61,1.36,1
VAL-09074,Lotus,Silver,66,12,12,58,59,0.98,1
VAL-09075,Sunset,Platinum,44,13,3,70,67,1.04,0
VAL-09076,Bind,Ascendant,84,12,6,46,58,0.79,1
VAL-09077,Pearl,Gold,61,5,6,59,59,1.0,0
VAL-09078,Ascent,Ascendant,54,17,9,57,65,0.88,1
VAL-09079,Ascent,Gold,43,14,5,48,53,0.91,0
VAL-09080,Split,Silver,61,11,5,65,75,0.87,0
VAL-09081,Pearl,Gold,73,8,10,70,72,0.97,1
VAL-09082,Bind,Gold,52,11,7,65,67,0.97,0
VAL-09083,Bind,Platinum,34,15,9,61,46,1.33,1
VAL-09084,Ascent,Gold,47,7,5,56,69,0.81,0
VAL-09085,Bind,Gold,51,9,9,74,68,1.09,1
VAL-09086,Pearl,Silver,37,12,10,64,56,1.14,1
VAL-09087,Sunset,Gold,61,6,11,56,69,0.81,0
VAL-09088,Breeze,Gold,64,8,4,79,61,1.3,1
VAL-09089,Bind,Immortal,46,11,3,34,44,0.77,0
VAL-09090,Sunset,Gold,65,2,7,61,55,1.11,1
VAL-09091,Pearl,Diamond,44,11,11,63,69,0.91,0
VAL-09092,Ascent,Gold,39,7,4,81,62,1.31,0
VAL-09093,Sunset,Silver,42,17,4,58,42,1.38,0
VAL-09094,Bind,Silver,45,10,6,54,60,0.9,0
VAL-09095,Split,Gold,64,15,8,65,57,1.14,1
VAL-09096,Sunset,Ascendant,62,14,7,32,45,0.71,0
VAL-09097,Split,Platinum,44,9,4,42,56,0.75,0
VAL-09098,Haven,Ascendant,47,13,5,41,67,0.61,0
VAL-09099,Ascent,Diamond,76,19,7,58,47,1.23,1
VAL-09100,Pearl,Platinum,65,12,5,64,62,1.03,0
VAL-09101,Breeze,Platinum,38,11,4,73,57,1.28,0
VAL-09102,Split,Platinum,71,14,9,65,77,0.84,1
VAL-09103,Breeze,Platinum,82,14,5,56,68,0.82,1
VAL-09104,Breeze,Gold,55,11,6,60,52,1.15,0
VAL-09105,Split,Gold,51,0,6,65,81,0.8,0
VAL-09106,Breeze,Platinum,50,8,8,67,47,1.43,1
VAL-09107,Lotus,Silver,51,7,7,56,67,0.84,0
VAL-09108,Haven,Gold,64,12,5,67,56,1.2,1
VAL-09109,Split,Diamond,47,17,7,58,71,0.82,0
VAL-09110,Ascent,Gold,64,14,6,52,54,0.96,1
VAL-09111,Split,Platinum,55,10,11,59,57,1.04,0
VAL-09112,Sunset,Silver,48,13,7,71,69,1.03,1
VAL-09113,Lotus,Diamond,59,12,5,51,54,0.94,0
VAL-09114,Split,Gold,52,14,2,52,59,0.88,1
VAL-09115,Pearl,Ascendant,47,14,10,61,67,0.91,1
VAL-09116,Haven,Immortal,55,17,7,70,56,1.25,1
VAL-09117,Sunset,Ascendant,55,11,8,54,42,1.29,1
VAL-09118,Split,Silver,49,5,9,70,55,1.27,1
VAL-09119,Bind,Gold,45,7,5,70,56,1.25,0
VAL-09120,Icebox,Ascendant,56,12,5,63,53,1.19,1
VAL-09121,Bind,Diamond,57,11,7,72,66,1.09,1
VAL-09122,Breeze,Ascendant,60,15,13,55,49,1.12,1
VAL-09123,Ascent,Platinum,59,16,5,75,67,1.12,1
VAL-09124,Breeze,Gold,71,12,5,75,66,1.14,1
VAL-09125,Split,Silver,42,7,10,74,59,1.25,1
VAL-09126,Haven,Diamond,74,14,9,66,77,0.86,1
VAL-09127,Bind,Platinum,39,13,6,47,52,0.9,0
VAL-09128,Pearl,Silver,70,15,2,67,58,1.16,1
VAL-09129,Sunset,Silver,61,9,6,74,47,1.57,1
VAL-09130,Haven,Platinum,49,24,12,34,82,0.41,0
VAL-09131,Breeze,Platinum,26,5,6,65,67,0.97,0
VAL-09132,Sunset,Silver,37,12,9,64,54,1.19,1
VAL-09133,Bind,Silver,47,15,4,53,66,0.8,0
VAL-09134,Pearl,Silver,60,15,10,41,77,0.53,0
VAL-09135,Icebox,Silver,49,12,10,55,63,0.87,1
VAL-09136,Icebox,Ascendant,55,14,7,65,46,1.41,1
VAL-09137,Pearl,Platinum,50,16,11,54,67,0.81,1
VAL-09138,Sunset,Platinum,57,12,7,76,52,1.46,1
VAL-09139,Split,Diamond,38,13,13,60,65,0.92,1
VAL-09140,Sunset,Gold,52,15,7,61,53,1.15,1
VAL-09141,Sunset,Diamond,61,12,6,57,64,0.89,0
VAL-09142,Split,Ascendant,85,17,8,57,60,0.95,1
VAL-09143,Haven,Platinum,65,16,3,58,44,1.32,1
VAL-09144,Bind,Gold,53,11,8,60,58,1.03,1
VAL-09145,Sunset,Platinum,47,9,5,57,63,0.9,0
VAL-09146,Bind,Ascendant,60,15,10,54,72,0.75,0
VAL-09147,Breeze,Silver,45,12,10,67,50,1.34,1
VAL-09148,Icebox,Gold,57,10,5,59,61,0.97,1
VAL-09149,Icebox,Ascendant,59,10,6,70,61,1.15,1
VAL-09150,Split,Ascendant,53,15,10,61,45,1.36,1
VAL-09151,Breeze,Gold,67,10,13,52,86,0.6,0
VAL-09152,Icebox,Gold,54,18,7,48,50,0.96,0
VAL-09153,Split,Gold,50,8,9,60,56,1.07,0
VAL-09154,Sunset,Gold,49,10,9,70,66,1.06,1
VAL-09155,Breeze,Ascendant,40,8,9,75,66,1.14,0
VAL-09156,Haven,Silver,38,7,0,79,79,1.0,0
VAL-09157,Breeze,Gold,62,9,4,71,54,1.31,1
VAL-09158,Ascent,Ascendant,73,10,11,78,68,1.15,1
VAL-09159,Icebox,Gold,81,10,5,52,56,0.93,1
VAL-09160,Breeze,Diamond,68,3,6,64,66,0.97,0
VAL-09161,Lotus,Gold,61,7,13,52,63,0.83,0
VAL-09162,Sunset,Diamond,59,13,6,65,44,1.48,1
VAL-09163,Haven,Immortal,71,9,7,70,55,1.27,0
VAL-09164,Bind,Gold,51,16,8,55,52,1.06,1
VAL-09165,Split,Diamond,77,11,11,64,64,1.0,1
VAL-09166,Lotus,Immortal,55,14,9,61,60,1.02,1
VAL-09167,Lotus,Immortal,58,11,5,63,68,0.93,0
VAL-09168,Haven,Gold,55,16,7,58,75,0.77,0
VAL-09169,Split,Gold,69,3,6,47,49,0.96,0
VAL-09170,Haven,Gold,55,12,10,74,50,1.48,1
VAL-09171,Bind,Gold,60,18,7,64,56,1.14,1
VAL-09172,Split,Gold,40,6,8,66,68,0.97,0
VAL-09173,Breeze,Silver,53,15,6,74,45,1.64,0
VAL-09174,Icebox,Platinum,68,14,13,70,79,0.89,1
VAL-09175,Haven,Gold,45,6,5,45,70,0.64,0
VAL-09176,Bind,Diamond,55,13,13,72,61,1.18,1
VAL-09177,Sunset,Diamond,55,13,6,63,73,0.86,0
VAL-09178,Ascent,Gold,48,12,10,61,58,1.05,1
VAL-09179,Sunset,Gold,67,17,7,66,43,1.53,1
VAL-09180,Ascent,Diamond,61,16,3,64,72,0.89,0
VAL-09181,Pearl,Silver,66,15,6,53,69,0.77,0
VAL-09182,Breeze,Silver,68,18,10,48,66,0.73,1
VAL-09183,Pearl,Diamond,55,9,4,28,65,0.43,0
VAL-09184,Haven,Silver,74,10,0,69,54,1.28,1
VAL-09185,Haven,Diamond,40,9,2,82,43,1.91,1
VAL-09186,Ascent,Ascendant,53,10,7,55,36,1.53,1
VAL-09187,Split,Gold,57,10,4,71,40,1.78,1
VAL-09188,Bind,Diamond,34,11,7,51,60,0.85,0
VAL-09189,Lotus,Gold,72,10,9,55,46,1.2,1
VAL-09190,Haven,Diamond,45,8,9,73,44,1.66,1
VAL-09191,Pearl,Diamond,56,15,8,52,48,1.08,1
VAL-09192,Pearl,Silver,64,8,13,56,60,0.93,1
VAL-09193,Sunset,Platinum,83,18,12,56,69,0.81,1
VAL-09194,Breeze,Platinum,35,15,4,58,83,0.7,0
VAL-09195,Ascent,Silver,62,7,9,71,79,0.9,1
VAL-09196,Lotus,Ascendant,52,12,9,48,56,0.86,0
VAL-09197,Ascent,Gold,63,6,4,56,48,1.17,0
VAL-09198,Haven,Gold,66,17,5,52,67,0.78,0
VAL-09199,Icebox,Silver,60,12,2,40,58,0.69,0
VAL-09200,Lotus,Platinum,56,12,5,63,59,1.07,0
VAL-09201,Sunset,Diamond,42,13,9,58,57,1.02,0
VAL-09202,Pearl,Platinum,43,11,10,31,54,0.57,0
VAL-09203,Sunset,Diamond,65,9,13,66,67,0.99,0
VAL-09204,Haven,Platinum,45,12,9,64,69,0.93,0
VAL-09205,Icebox,Silver,60,17,8,55,59,0.93,1
VAL-09206,Lotus,Gold,71,10,13,48,64,0.75,1
VAL-09207,Ascent,Silver,39,18,12,60,53,1.13,1
VAL-09208,Lotus,Silver,71,10,5,88,57,1.54,1
VAL-09209,Pearl,Silver,70,13,7,58,55,1.05,1
VAL-09210,Ascent,Ascendant,59,20,9,54,65,0.83,1
VAL-09211,Breeze,Immortal,48,14,3,56,59,0.95,0
VAL-09212,Ascent,Silver,61,13,8,46,63,0.73,0
VAL-09213,Bind,Gold,53,15,8,73,53,1.38,1
VAL-09214,Icebox,Silver,47,16,9,49,80,0.61,0
VAL-09215,Bind,Diamond,57,9,10,46,58,0.79,1
VAL-09216,Ascent,Gold,44,14,6,55,45,1.22,1
VAL-09217,Breeze,Platinum,41,13,8,74,71,1.04,1
VAL-09218,Lotus,Gold,48,3,6,68,45,1.51,1
VAL-09219,Lotus,Platinum,34,13,10,57,52,1.1,1
VAL-09220,Lotus,Gold,69,8,8,55,61,0.9,1
VAL-09221,Breeze,Silver,61,12,10,54,54,1.0,1
VAL-09222,Haven,Silver,45,16,2,54,57,0.95,0
VAL-09223,Ascent,Gold,49,8,3,57,56,1.02,0
VAL-09224,Bind,Ascendant,64,12,8,70,57,1.23,1
VAL-09225,Icebox,Gold,70,10,3,52,42,1.24,1
VAL-09226,Icebox,Silver,56,17,10,80,68,1.18,1
VAL-09227,Ascent,Ascendant,52,10,10,71,62,1.15,1
VAL-09228,Ascent,Silver,35,13,8,82,62,1.32,1
VAL-09229,Sunset,Silver,51,15,6,43,58,0.74,0
VAL-09230,Bind,Diamond,41,15,6,55,54,1.02,0
VAL-09231,Pearl,Platinum,41,8,10,63,64,0.98,0
VAL-09232,Split,Gold,70,11,9,61,72,0.85,0
VAL-09233,Pearl,Diamond,54,18,4,68,66,1.03,1
VAL-09234,Lotus,Platinum,57,12,8,66,79,0.84,0
VAL-09235,Icebox,Silver,60,16,11,50,56,0.89,1
VAL-09236,Ascent,Platinum,53,20,9,53,58,0.91,1
VAL-09237,Split,Platinum,56,12,6,59,72,0.82,0
VAL-09238,Haven,Ascendant,55,15,6,45,52,0.87,0
VAL-09239,Icebox,Ascendant,50,16,6,56,63,0.89,0
VAL-09240,Breeze,Gold,58,7,6,65,68,0.96,0
VAL-09241,Bind,Platinum,54,14,3,73,73,1.0,0
VAL-09242,Pearl,Silver,56,18,7,63,52,1.21,1
VAL-09243,Haven,Silver,55,6,2,33,60,0.55,0
VAL-09244,Ascent,Gold,78,12,9,60,60,1.0,1
VAL-09245,Haven,Platinum,67,12,6,71,41,1.73,1
VAL-09246,Sunset,Platinum,64,12,11,43,52,0.83,1
VAL-09247,Breeze,Gold,61,11,4,59,65,0.91,0
VAL-09248,Breeze,Diamond,60,8,7,71,74,0.96,0
VAL-09249,Split,Diamond,52,14,7,59,61,0.97,1
VAL-09250,Lotus,Platinum,68,9,4,57,51,1.12,0
VAL-09251,Icebox,Silver,59,9,8,73,53,1.38,1
VAL-09252,Pearl,Diamond,62,4,4,59,44,1.34,0
VAL-09253,Sunset,Ascendant,51,6,8,59,73,0.81,0
VAL-09254,Icebox,Silver,45,18,11,58,71,0.82,1
VAL-09255,Icebox,Gold,69,12,9,72,47,1.53,1
VAL-09256,Split,Immortal,57,15,6,60,75,0.8,0
VAL-09257,Breeze,Platinum,49,8,10,58,68,0.85,0
VAL-09258,Bind,Gold,59,4,13,57,60,0.95,0
VAL-09259,Haven,Silver,54,9,8,40,48,0.83,0
VAL-09260,Ascent,Platinum,74,4,5,65,55,1.18,0
VAL-09261,Bind,Gold,51,9,7,60,64,0.94,0
VAL-09262,Bind,Silver,60,17,3,62,51,1.22,1
VAL-09263,Lotus,Gold,68,12,10,52,53,0.98,1
VAL-09264,Lotus,Silver,63,18,8,48,48,1.0,1
VAL-09265,Bind,Platinum,62,14,5,53,59,0.9,0
VAL-09266,Breeze,Ascendant,49,16,9,41,51,0.8,0
VAL-09267,Icebox,Gold,56,11,6,54,59,0.92,0
VAL-09268,Haven,Platinum,61,6,6,86,66,1.3,1
VAL-09269,Icebox,Gold,57,8,7,65,64,1.02,0
VAL-09270,Icebox,Silver,73,17,12,62,76,0.82,1
VAL-09271,Icebox,Ascendant,53,13,4,50,64,0.78,0
VAL-09272,Haven,Silver,55,7,9,51,58,0.88,0
VAL-09273,Haven,Silver,86,15,5,58,76,0.76,0
VAL-09274,Split,Gold,65,6,12,37,61,0.61,0
VAL-09275,Pearl,Platinum,43,14,4,62,57,1.09,1
VAL-09276,Bind,Gold,61,11,4,55,56,0.98,0
VAL-09277,Split,Silver,65,15,9,87,75,1.16,1
VAL-09278,Split,Diamond,45,11,7,74,57,1.3,1
VAL-09279,Ascent,Gold,51,15,9,67,59,1.14,1
VAL-09280,Lotus,Silver,41,6,11,55,66,0.83,0
VAL-09281,Ascent,Gold,59,13,8,77,56,1.38,1
VAL-09282,Lotus,Silver,36,10,10,49,60,0.82,0
VAL-09283,Pearl,Gold,46,13,1,67,54,1.24,0
VAL-09284,Sunset,Platinum,38,11,8,54,60,0.9,0
VAL-09285,Lotus,Diamond,59,8,6,65,60,1.08,0
VAL-09286,Icebox,Silver,51,12,12,58,57,1.02,1
VAL-09287,Lotus,Silver,60,17,0,49,69,0.71,0
VAL-09288,Haven,Silver,33,10,5,59,69,0.86,0
VAL-09289,Pearl,Silver,46,13,3,71,80,0.89,0
VAL-09290,Split,Silver,64,9,8,81,43,1.88,0
VAL-09291,Icebox,Gold,41,4,8,73,53,1.38,1
VAL-09292,Sunset,Silver,67,12,7,57,61,0.93,1
VAL-09293,Pearl,Platinum,53,26,9,49,63,0.78,1
VAL-09294,Split,Gold,45,7,10,58,74,0.78,0
VAL-09295,Breeze,Silver,46,16,8,85,43,1.98,1
VAL-09296,Pearl,Gold,58,3,3,47,71,0.66,0
VAL-09297,Sunset,Silver,81,12,5,60,53,1.13,1
VAL-09298,Split,Platinum,88,6,9,50,50,1.0,1
VAL-09299,Haven,Gold,39,14,8,38,62,0.61,0
VAL-09300,Lotus,Silver,63,10,5,81,59,1.37,1
VAL-09301,Ascent,Gold,75,10,10,61,87,0.7,0
VAL-09302,Sunset,Silver,40,7,9,66,67,0.99,1
VAL-09303,Ascent,Diamond,48,3,10,61,68,0.9,0
VAL-09304,Bind,Immortal,58,11,8,68,57,1.19,1
VAL-09305,Lotus,Silver,55,9,5,70,58,1.21,1
VAL-09306,Sunset,Platinum,38,10,11,51,46,1.11,1
VAL-09307,Pearl,Gold,64,11,9,81,64,1.27,0
VAL-09308,Haven,Silver,60,9,9,75,46,1.63,1
VAL-09309,Pearl,Silver,66,12,10,65,49,1.33,1
VAL-09310,Breeze,Diamond,61,11,6,51,61,0.84,0
VAL-09311,Bind,Gold,61,15,9,50,54,0.93,1
VAL-09312,Haven,Immortal,55,22,7,46,52,0.88,1
VAL-09313,Icebox,Gold,70,13,5,60,55,1.09,0
VAL-09314,Split,Silver,39,16,3,70,66,1.06,0
VAL-09315,Bind,Diamond,42,13,1,65,66,0.98,1
VAL-09316,Split,Ascendant,68,14,8,55,48,1.15,1
VAL-09317,Lotus,Diamond,52,11,5,47,65,0.72,0
VAL-09318,Icebox,Platinum,44,12,5,73,69,1.06,0
VAL-09319,Icebox,Gold,65,9,5,53,81,0.65,0
VAL-09320,Haven,Silver,63,18,2,43,65,0.66,1
VAL-09321,Lotus,Silver,31,16,10,63,39,1.62,0
VAL-09322,Breeze,Gold,63,13,13,57,67,0.85,1
VAL-09323,Bind,Ascendant,47,8,2,68,71,0.96,0
VAL-09324,Bind,Platinum,61,11,8,55,71,0.77,0
VAL-09325,Sunset,Diamond,54,16,3,61,74,0.82,0
VAL-09326,Pearl,Gold,62,22,9,60,74,0.81,1
VAL-09327,Sunset,Platinum,55,12,11,57,60,0.95,1
VAL-09328,Breeze,Diamond,40,17,9,53,62,0.85,0
VAL-09329,Icebox,Gold,36,13,4,70,53,1.32,1
VAL-09330,Ascent,Gold,39,17,5,63,49,1.29,1
VAL-09331,Breeze,Platinum,42,4,6,61,51,1.2,0
VAL-09332,Breeze,Platinum,60,9,9,59,69,0.86,0
VAL-09333,Haven,Immortal,67,13,6,60,51,1.18,1
VAL-09334,Haven,Gold,51,7,9,52,62,0.84,0
VAL-09335,Haven,Silver,44,14,7,51,65,0.78,1
VAL-09336,Haven,Gold,55,12,7,61,66,0.92,0
VAL-09337,Pearl,Silver,31,6,7,65,74,0.88,0
VAL-09338,Bind,Platinum,62,5,7,65,65,1.0,0
VAL-09339,Bind,Silver,54,13,2,70,62,1.13,0
VAL-09340,Haven,Ascendant,56,7,4,68,76,0.89,0
VAL-09341,Pearl,Diamond,49,10,12,56,51,1.1,0
VAL-09342,Haven,Silver,48,15,8,86,60,1.43,1
VAL-09343,Pearl,Silver,35,12,12,77,58,1.33,1
VAL-09344,Sunset,Gold,65,10,4,50,65,0.77,0
VAL-09345,Split,Diamond,40,6,7,63,64,0.98,0
VAL-09346,Pearl,Silver,46,18,6,53,47,1.13,1
VAL-09347,Sunset,Silver,44,15,4,52,46,1.13,0
VAL-09348,Lotus,Gold,65,9,2,57,51,1.12,0
VAL-09349,Lotus,Platinum,48,8,4,72,60,1.2,0
VAL-09350,Sunset,Silver,67,10,10,49,48,1.02,1
VAL-09351,Icebox,Platinum,62,8,6,84,44,1.91,1
VAL-09352,Icebox,Ascendant,44,11,6,66,51,1.29,0
VAL-09353,Haven,Silver,54,16,7,47,56,0.84,0
VAL-09354,Icebox,Gold,35,16,7,66,52,1.27,1
VAL-09355,Lotus,Silver,60,16,6,55,65,0.85,0
VAL-09356,Icebox,Silver,47,7,6,54,65,0.83,0
VAL-09357,Split,Silver,42,8,8,70,75,0.93,0
VAL-09358,Lotus,Gold,52,16,12,61,64,0.95,1
VAL-09359,Pearl,Diamond,49,14,5,57,51,1.12,1
VAL-09360,Breeze,Platinum,58,10,2,63,63,1.0,0
VAL-09361,Icebox,Silver,78,15,5,48,60,0.8,1
VAL-09362,Icebox,Silver,71,14,7,60,68,0.88,0
VAL-09363,Bind,Platinum,41,6,1,79,66,1.2,0
VAL-09364,Split,Silver,73,3,7,41,64,0.64,0
VAL-09365,Lotus,Gold,56,12,9,63,73,0.86,0
VAL-09366,Lotus,Gold,24,3,4,63,74,0.85,0
VAL-09367,Ascent,Ascendant,52,16,6,59,52,1.13,1
VAL-09368,Bind,Silver,36,14,9,34,49,0.69,0
VAL-09369,Icebox,Platinum,50,11,7,55,45,1.22,1
VAL-09370,Sunset,Silver,78,7,7,66,66,1.0,1
VAL-09371,Pearl,Platinum,39,8,7,75,50,1.5,1
VAL-09372,Icebox,Platinum,39,0,7,54,56,0.96,0
VAL-09373,Ascent,Diamond,54,18,12,48,67,0.72,1
VAL-09374,Breeze,Gold,45,13,9,66,73,0.9,0
VAL-09375,Lotus,Gold,52,11,1,67,56,1.2,0
VAL-09376,Pearl,Silver,56,19,7,54,77,0.7,0
VAL-09377,Bind,Silver,37,8,12,68,58,1.17,1
VAL-09378,Icebox,Gold,58,11,7,50,77,0.65,0
VAL-09379,Split,Diamond,46,9,2,61,49,1.24,1
VAL-09380,Sunset,Gold,68,20,4,62,61,1.02,0
VAL-09381,Ascent,Platinum,45,11,7,50,57,0.88,1
VAL-09382,Breeze,Gold,46,13,5,60,68,0.88,0
VAL-09383,Haven,Gold,44,18,12,58,55,1.05,1
VAL-09384,Sunset,Gold,50,16,4,46,67,0.69,1
VAL-09385,Icebox,Silver,38,5,7,53,66,0.8,0
VAL-09386,Breeze,Gold,61,11,7,60,76,0.79,0
VAL-09387,Sunset,Diamond,49,12,12,65,48,1.35,0
VAL-09388,Sunset,Gold,65,13,7,57,65,0.88,0
VAL-09389,Lotus,Platinum,56,13,10,67,76,0.88,1
VAL-09390,Sunset,Diamond,76,8,6,70,67,1.04,1
VAL-09391,Split,Gold,52,18,7,60,73,0.82,0
VAL-09392,Breeze,Diamond,51,14,6,81,49,1.65,1
VAL-09393,Icebox,Gold,62,15,2,70,45,1.56,1
VAL-09394,Icebox,Gold,30,17,10,62,68,0.91,1
VAL-09395,Split,Silver,49,13,9,53,68,0.78,0
VAL-09396,Bind,Silver,54,11,7,67,48,1.4,1
VAL-09397,Breeze,Platinum,64,11,6,57,58,0.98,0
VAL-09398,Sunset,Diamond,66,11,3,54,57,0.95,0
VAL-09399,Ascent,Silver,68,11,5,49,60,0.82,0
VAL-09400,Pearl,Silver,51,4,7,56,57,0.98,0
VAL-09401,Breeze,Gold,46,10,8,46,61,0.75,0
VAL-09402,Haven,Platinum,56,8,8,76,75,1.01,0
VAL-09403,Ascent,Gold,52,4,4,61,68,0.9,0
VAL-09404,Split,Gold,35,13,4,51,55,0.93,0
VAL-09405,Sunset,Platinum,57,14,7,62,80,0.78,0
VAL-09406,Bind,Gold,44,9,6,61,58,1.05,0
VAL-09407,Haven,Immortal,52,11,9,78,61,1.28,1
VAL-09408,Bind,Gold,52,14,3,70,60,1.17,1
VAL-09409,Bind,Ascendant,81,11,9,52,57,0.91,1
VAL-09410,Lotus,Silver,66,11,7,51,59,0.86,0
VAL-09411,Haven,Silver,63,11,5,70,43,1.63,1
VAL-09412,Pearl,Diamond,67,14,8,58,55,1.05,1
VAL-09413,Lotus,Platinum,51,12,9,45,84,0.54,0
VAL-09414,Haven,Diamond,40,11,1,56,63,0.89,0
VAL-09415,Bind,Gold,29,10,13,58,58,1.0,0
VAL-09416,Lotus,Ascendant,61,9,7,68,70,0.97,0
VAL-09417,Haven,Silver,62,14,8,61,56,1.09,1
VAL-09418,Pearl,Silver,46,14,8,52,67,0.78,0
VAL-09419,Ascent,Gold,47,12,8,65,75,0.87,0
VAL-09420,Breeze,Diamond,45,16,5,61,63,0.97,0
VAL-09421,Sunset,Platinum,45,12,7,32,43,0.74,0
VAL-09422,Haven,Gold,49,13,7,65,56,1.16,1
VAL-09423,Pearl,Gold,59,10,8,50,65,0.77,0
VAL-09424,Breeze,Silver,68,17,12,57,65,0.88,1
VAL-09425,Lotus,Gold,55,13,6,55,67,0.82,1
VAL-09426,Haven,Gold,70,14,4,37,45,0.82,0
VAL-09427,Haven,Platinum,83,12,7,64,64,1.0,1
VAL-09428,Split,Platinum,60,12,5,46,57,0.81,1
VAL-09429,Haven,Ascendant,54,13,4,56,58,0.97,0
VAL-09430,Sunset,Silver,27,4,5,57,53,1.08,0
VAL-09431,Split,Gold,62,14,3,43,69,0.62,0
VAL-09432,Breeze,Gold,56,9,3,69,64,1.08,0
VAL-09433,Lotus,Platinum,56,11,11,56,66,0.85,0
VAL-09434,Lotus,Gold,52,9,10,57,70,0.81,0
VAL-09435,Icebox,Ascendant,50,15,7,62,52,1.19,1
VAL-09436,Icebox,Platinum,43,9,4,56,70,0.8,1
VAL-09437,Breeze,Silver,65,11,1,51,70,0.73,0
VAL-09438,Pearl,Silver,22,9,6,48,58,0.83,0
VAL-09439,Pearl,Diamond,60,9,9,78,70,1.11,1
VAL-09440,Split,Platinum,37,9,7,60,59,1.02,0
VAL-09441,Breeze,Silver,70,7,10,52,43,1.21,1
VAL-09442,Pearl,Silver,51,10,6,63,63,1.0,1
VAL-09443,Icebox,Platinum,62,13,6,69,51,1.35,1
VAL-09444,Icebox,Platinum,57,8,9,88,60,1.47,1
VAL-09445,Bind,Silver,69,13,3,60,75,0.8,0
VAL-09446,Pearl,Gold,77,14,8,55,59,0.93,1
VAL-09447,Breeze,Gold,69,11,7,37,75,0.49,0
VAL-09448,Ascent,Ascendant,62,7,6,59,55,1.07,0
VAL-09449,Split,Silver,52,5,11,54,65,0.83,0
VAL-09450,Haven,Platinum,61,15,9,61,63,0.97,1
VAL-09451,Haven,Gold,67,18,2,61,58,1.05,1
VAL-09452,Pearl,Silver,50,18,6,72,58,1.24,1
VAL-09453,Split,Gold,56,13,5,62,50,1.24,1
VAL-09454,Lotus,Silver,46,13,7,61,65,0.94,0
VAL-09455,Sunset,Platinum,65,11,4,62,71,0.87,0
VAL-09456,Haven,Platinum,61,11,4,57,37,1.54,1
VAL-09457,Icebox,Silver,40,9,6,74,69,1.07,0
VAL-09458,Split,Silver,59,9,7,64,49,1.31,1
VAL-09459,Breeze,Diamond,53,5,5,68,70,0.97,0
VAL-09460,Split,Gold,57,15,4,58,50,1.16,1
VAL-09461,Lotus,Gold,47,14,2,49,62,0.79,0
VAL-09462,Haven,Gold,71,10,8,50,42,1.19,1
VAL-09463,Icebox,Ascendant,47,17,6,75,53,1.42,1
VAL-09464,Ascent,Gold,81,21,5,79,72,1.1,1
VAL-09465,Breeze,Platinum,57,6,10,52,66,0.79,1
VAL-09466,Icebox,Silver,51,14,0,49,65,0.75,0
VAL-09467,Lotus,Silver,60,12,9,68,60,1.13,1
VAL-09468,Sunset,Gold,59,18,11,55,62,0.89,1
VAL-09469,Lotus,Gold,79,10,1,44,75,0.59,0
VAL-09470,Lotus,Platinum,61,16,1,48,59,0.81,0
VAL-09471,Haven,Platinum,33,15,3,59,60,0.98,0
VAL-09472,Split,Gold,47,17,3,83,71,1.17,1
VAL-09473,Split,Platinum,65,9,10,77,60,1.28,1
VAL-09474,Icebox,Silver,53,10,6,54,56,0.96,0
VAL-09475,Sunset,Silver,49,14,13,46,57,0.81,1
VAL-09476,Sunset,Diamond,47,17,6,56,58,0.97,1
VAL-09477,Ascent,Platinum,44,13,6,58,49,1.18,1
VAL-09478,Lotus,Platinum,58,4,11,61,44,1.39,1
VAL-09479,Ascent,Gold,47,17,0,54,60,0.9,0
VAL-09480,Bind,Gold,71,17,7,54,64,0.84,1
VAL-09481,Pearl,Silver,45,10,9,66,68,0.97,0
VAL-09482,Lotus,Diamond,39,15,10,56,50,1.12,1
VAL-09483,Ascent,Platinum,55,14,10,57,75,0.76,0
VAL-09484,Haven,Silver,31,8,8,63,42,1.5,1
VAL-09485,Pearl,Diamond,26,16,11,68,68,1.0,1
VAL-09486,Sunset,Gold,62,12,11,62,60,1.03,1
VAL-09487,Lotus,Diamond,56,7,9,66,58,1.14,1
VAL-09488,Lotus,Silver,30,16,4,76,49,1.55,1
VAL-09489,Sunset,Silver,56,20,7,57,58,0.98,1
VAL-09490,Haven,Silver,51,3,9,67,57,1.18,0
VAL-09491,Lotus,Silver,37,13,6,52,71,0.73,0
VAL-09492,Ascent,Diamond,64,13,9,60,53,1.13,1
VAL-09493,Lotus,Platinum,73,7,7,55,54,1.02,1
VAL-09494,Pearl,Platinum,78,16,5,62,64,0.97,1
VAL-09495,Lotus,Diamond,59,8,7,70,57,1.23,1
VAL-09496,Ascent,Silver,55,12,3,51,50,1.02,0
VAL-09497,Breeze,Ascendant,76,9,8,72,41,1.76,1
VAL-09498,Pearl,Ascendant,58,8,5,58,77,0.75,0
VAL-09499,Icebox,Gold,51,13,9,60,62,0.97,1
VAL-09500,Icebox,Silver,47,9,4,53,76,0.7,0
VAL-09501,Pearl,Platinum,62,17,13,45,62,0.73,1
VAL-09502,Haven,Gold,35,12,4,54,70,0.77,1
VAL-09503,Breeze,Diamond,69,15,10,66,77,0.86,1
VAL-09504,Pearl,Silver,38,15,7,49,70,0.7,0
VAL-09505,Ascent,Gold,45,17,9,65,76,0.86,0
VAL-09506,Bind,Gold,59,11,9,48,75,0.64,0
VAL-09507,Split,Silver,76,12,6,46,51,0.9,1
VAL-09508,Lotus,Gold,52,8,7,54,59,0.92,0
VAL-09509,Breeze,Silver,42,13,6,54,73,0.74,0
VAL-09510,Ascent,Gold,68,9,1,72,54,1.33,1
VAL-09511,Icebox,Diamond,50,17,10,69,60,1.15,1
VAL-09512,Pearl,Gold,35,8,7,55,60,0.92,1
VAL-09513,Breeze,Diamond,62,10,6,70,60,1.17,1
VAL-09514,Sunset,Silver,52,14,7,61,63,0.97,1
VAL-09515,Lotus,Platinum,52,14,6,48,60,0.8,0
VAL-09516,Split,Ascendant,64,7,1,57,54,1.06,0
VAL-09517,Icebox,Gold,65,10,6,54,64,0.84,0
VAL-09518,Pearl,Ascendant,46,11,7,66,59,1.12,1
VAL-09519,Lotus,Gold,56,11,5,50,72,0.69,0
VAL-09520,Icebox,Gold,36,13,7,56,59,0.95,0
VAL-09521,Sunset,Diamond,52,15,10,64,66,0.97,1
VAL-09522,Split,Silver,44,11,5,58,58,1.0,0
VAL-09523,Split,Silver,52,12,3,68,41,1.66,1
VAL-09524,Lotus,Platinum,50,9,7,62,66,0.94,0
VAL-09525,Ascent,Diamond,53,18,8,48,77,0.62,0
VAL-09526,Lotus,Diamond,35,14,12,65,62,1.05,1
VAL-09527,Icebox,Silver,39,11,6,73,66,1.11,0
VAL-09528,Ascent,Ascendant,52,17,7,60,62,0.97,1
VAL-09529,Split,Platinum,73,13,11,63,60,1.05,1
VAL-09530,Bind,Ascendant,64,13,4,50,75,0.67,0
VAL-09531,Split,Gold,60,12,9,52,68,0.76,0
VAL-09532,Lotus,Platinum,48,16,9,77,58,1.33,1
VAL-09533,Icebox,Diamond,44,18,9,72,52,1.38,1
VAL-09534,Ascent,Gold,62,16,5,62,79,0.78,0
VAL-09535,Pearl,Ascendant,41,12,4,61,62,0.98,0
VAL-09536,Ascent,Gold,75,17,6,66,69,0.96,1
VAL-09537,Sunset,Gold,54,11,7,50,49,1.02,0
VAL-09538,Haven,Ascendant,79,8,3,72,38,1.89,1
VAL-09539,Haven,Ascendant,75,15,9,68,51,1.33,1
VAL-09540,Breeze,Gold,60,18,10,57,66,0.86,1
VAL-09541,Breeze,Silver,60,12,3,59,54,1.09,1
VAL-09542,Breeze,Diamond,47,19,10,59,49,1.2,1
VAL-09543,Ascent,Ascendant,71,6,3,55,60,0.92,0
VAL-09544,Icebox,Platinum,50,12,5,57,59,0.97,1
VAL-09545,Breeze,Platinum,35,9,7,67,70,0.96,0
VAL-09546,Lotus,Diamond,69,9,7,63,59,1.07,1
VAL-09547,Ascent,Silver,62,12,11,59,73,0.81,1
VAL-09548,Icebox,Ascendant,49,19,9,68,70,0.97,0
VAL-09549,Haven,Gold,58,17,8,72,52,1.38,1
VAL-09550,Bind,Platinum,55,18,5,52,78,0.67,0
VAL-09551,Lotus,Gold,73,14,6,77,75,1.03,1
VAL-09552,Pearl,Gold,43,11,4,70,59,1.19,0
VAL-09553,Pearl,Platinum,73,13,6,73,71,1.03,1
VAL-09554,Icebox,Immortal,71,6,12,90,80,1.12,1
VAL-09555,Sunset,Platinum,47,18,7,69,67,1.03,1
VAL-09556,Icebox,Diamond,60,5,8,43,61,0.7,0
VAL-09557,Bind,Silver,62,11,6,52,60,0.87,0
VAL-09558,Haven,Diamond,91,12,4,47,49,0.96,1
VAL-09559,Split,Gold,46,15,7,74,71,1.04,1
VAL-09560,Icebox,Silver,32,14,7,74,67,1.1,0
VAL-09561,Haven,Silver,31,14,10,78,56,1.39,1
VAL-09562,Pearl,Platinum,58,3,6,68,48,1.42,0
VAL-09563,Icebox,Immortal,67,11,6,77,46,1.67,1
VAL-09564,Icebox,Platinum,44,9,5,44,53,0.83,0
VAL-09565,Breeze,Gold,53,13,8,60,61,0.98,1
VAL-09566,Pearl,Silver,50,11,10,51,67,0.76,0
VAL-09567,Lotus,Gold,41,13,10,44,72,0.61,0
VAL-09568,Sunset,Silver,62,7,12,78,68,1.15,1
VAL-09569,Split,Gold,34,12,3,48,72,0.67,0
VAL-09570,Icebox,Platinum,63,19,8,58,62,0.94,1
VAL-09571,Icebox,Ascendant,50,21,8,65,60,1.08,1
VAL-09572,Lotus,Gold,67,17,3,52,62,0.84,0
VAL-09573,Sunset,Silver,57,5,10,42,46,0.91,0
VAL-09574,Pearl,Diamond,36,11,0,62,71,0.87,0
VAL-09575,Icebox,Platinum,59,10,6,55,54,1.02,0
VAL-09576,Haven,Diamond,50,13,2,79,55,1.44,1
VAL-09577,Ascent,Silver,68,17,13,63,57,1.11,1
VAL-09578,Sunset,Gold,64,12,7,66,78,0.85,1
VAL-09579,Icebox,Immortal,69,8,10,30,52,0.58,0
VAL-09580,Sunset,Silver,51,17,7,65,61,1.07,1
VAL-09581,Split,Platinum,44,13,5,59,60,0.98,0
VAL-09582,Icebox,Silver,55,15,10,75,57,1.32,1
VAL-09583,Split,Gold,64,16,7,53,67,0.79,0
VAL-09584,Bind,Diamond,43,11,3,65,46,1.41,1
VAL-09585,Ascent,Gold,59,7,5,49,73,0.67,0
VAL-09586,Lotus,Diamond,60,13,4,45,60,0.75,0
VAL-09587,Split,Gold,72,11,7,55,61,0.9,1
VAL-09588,Icebox,Immortal,42,12,6,56,72,0.78,0
VAL-09589,Breeze,Gold,61,18,6,49,71,0.69,0
VAL-09590,Lotus,Silver,49,13,8,57,55,1.04,1
VAL-09591,Lotus,Gold,46,19,13,63,41,1.54,1
VAL-09592,Pearl,Platinum,78,13,7,69,60,1.15,1
VAL-09593,Split,Diamond,60,11,5,40,59,0.68,0
VAL-09594,Breeze,Gold,73,7,13,61,54,1.13,1
VAL-09595,Split,Platinum,46,13,11,40,63,0.63,0
VAL-09596,Pearl,Diamond,75,8,9,75,65,1.15,1
VAL-09597,Ascent,Diamond,50,14,7,72,57,1.26,1
VAL-09598,Icebox,Platinum,65,12,8,59,63,0.94,1
VAL-09599,Split,Diamond,44,11,0,51,71,0.72,0
VAL-09600,Pearl,Platinum,42,12,2,59,77,0.77,0
VAL-09601,Sunset,Silver,55,13,10,47,53,0.89,1
VAL-09602,Icebox,Silver,74,12,11,77,71,1.08,1
VAL-09603,Split,Ascendant,70,21,2,50,57,0.88,1
VAL-09604,Sunset,Silver,57,9,4,67,51,1.31,1
VAL-09605,Icebox,Gold,51,16,5,54,67,0.81,0
VAL-09606,Sunset,Ascendant,59,17,4,65,51,1.27,1
VAL-09607,Lotus,Silver,42,8,8,57,45,1.27,0
VAL-09608,Split,Diamond,57,12,9,67,58,1.16,1
VAL-09609,Pearl,Diamond,56,13,4,71,55,1.29,1
VAL-09610,Icebox,Immortal,56,13,3,56,62,0.9,1
VAL-09611,Split,Gold,61,13,3,63,61,1.03,0
VAL-09612,Icebox,Gold,65,15,6,79,68,1.16,1
VAL-09613,Icebox,Ascendant,26,4,12,60,44,1.36,0
VAL-09614,Sunset,Silver,45,12,7,66,57,1.16,1
VAL-09615,Sunset,Gold,47,10,13,68,42,1.62,1
VAL-09616,Breeze,Platinum,53,9,9,49,64,0.77,0
VAL-09617,Split,Gold,54,16,5,46,69,0.67,0
VAL-09618,Bind,Ascendant,63,16,7,61,58,1.05,1
VAL-09619,Haven,Platinum,59,17,5,56,55,1.02,1
VAL-09620,Bind,Silver,69,15,4,50,49,1.02,1
VAL-09621,Icebox,Silver,51,7,6,40,73,0.55,0
VAL-09622,Breeze,Silver,47,13,9,57,69,0.83,0
VAL-09623,Icebox,Silver,53,16,5,58,68,0.85,0
VAL-09624,Bind,Platinum,55,2,6,66,67,0.99,0
VAL-09625,Icebox,Silver,56,19,5,59,63,0.94,1
VAL-09626,Sunset,Gold,52,7,11,45,81,0.56,0
VAL-09627,Split,Ascendant,68,8,6,56,68,0.82,0
VAL-09628,Bind,Platinum,67,15,6,49,55,0.89,1
VAL-09629,Haven,Gold,68,20,6,66,44,1.5,1
VAL-09630,Haven,Ascendant,43,8,8,75,35,2.14,0
VAL-09631,Sunset,Silver,64,9,7,60,57,1.05,1
VAL-09632,Split,Ascendant,74,17,10,57,66,0.86,1
VAL-09633,Ascent,Platinum,68,13,6,63,70,0.9,0
VAL-09634,Ascent,Platinum,49,11,12,73,58,1.26,1
VAL-09635,Pearl,Diamond,51,13,5,35,49,0.71,0
VAL-09636,Pearl,Gold,36,21,7,51,46,1.11,1
VAL-09637,Bind,Diamond,70,15,8,52,60,0.87,1
VAL-09638,Sunset,Diamond,43,13,7,61,61,1.0,0
VAL-09639,Sunset,Gold,49,14,7,64,36,1.78,1
VAL-09640,Icebox,Gold,62,14,4,63,60,1.05,1
VAL-09641,Haven,Diamond,57,16,9,63,69,0.91,1
VAL-09642,Haven,Gold,59,9,7,61,61,1.0,0
VAL-09643,Haven,Diamond,48,12,7,56,60,0.93,0
VAL-09644,Breeze,Platinum,40,12,1,61,63,0.97,0
VAL-09645,Split,Platinum,58,8,9,37,65,0.57,0
VAL-09646,Lotus,Silver,44,8,9,52,53,0.98,1
VAL-09647,Icebox,Gold,61,18,0,62,75,0.83,0
VAL-09648,Ascent,Gold,44,15,9,46,66,0.7,0
VAL-09649,Sunset,Platinum,53,19,6,47,60,0.78,1
VAL-09650,Ascent,Platinum,76,14,2,58,61,0.95,0
VAL-09651,Breeze,Platinum,58,13,4,73,56,1.3,0
VAL-09652,Ascent,Platinum,45,11,3,60,74,0.81,0
VAL-09653,Haven,Diamond,61,16,4,45,73,0.62,0
VAL-09654,Icebox,Gold,53,7,9,60,60,1.0,0
VAL-09655,Pearl,Platinum,46,13,9,68,66,1.03,1
VAL-09656,Lotus,Silver,55,16,9,64,82,0.78,0
VAL-09657,Sunset,Gold,70,12,6,54,65,0.83,1
VAL-09658,Breeze,Gold,62,14,13,58,46,1.26,1
VAL-09659,Sunset,Gold,53,18,0,63,67,0.94,0
VAL-09660,Lotus,Gold,40,11,4,66,44,1.5,1
VAL-09661,Sunset,Silver,64,14,8,58,51,1.14,1
VAL-09662,Split,Gold,61,16,5,50,59,0.85,0
VAL-09663,Sunset,Immortal,35,11,6,59,62,0.95,0
VAL-09664,Pearl,Gold,37,8,7,57,71,0.8,0
VAL-09665,Icebox,Platinum,74,15,6,63,80,0.79,0
VAL-09666,Icebox,Gold,59,12,3,74,62,1.19,1
VAL-09667,Ascent,Gold,38,12,9,72,63,1.14,1
VAL-09668,Bind,Silver,69,13,10,59,67,0.88,1
VAL-09669,Haven,Silver,70,7,12,62,52,1.19,1
VAL-09670,Lotus,Diamond,46,11,1,47,51,0.92,0
VAL-09671,Breeze,Gold,44,15,9,66,55,1.2,1
VAL-09672,Icebox,Silver,56,12,4,62,59,1.05,0
VAL-09673,Ascent,Gold,57,10,7,65,50,1.3,1
VAL-09674,Sunset,Platinum,53,9,5,52,56,0.93,0
VAL-09675,Haven,Platinum,42,13,4,61,65,0.94,0
VAL-09676,Haven,Gold,51,15,9,54,66,0.82,0
VAL-09677,Bind,Gold,50,16,12,70,54,1.3,1
VAL-09678,Split,Gold,37,10,13,64,52,1.23,1
VAL-09679,Bind,Silver,67,18,10,72,44,1.64,1
VAL-09680,Sunset,Gold,42,12,4,49,64,0.77,1
VAL-09681,Pearl,Platinum,71,5,7,59,63,0.94,0
VAL-09682,Lotus,Platinum,57,12,7,58,54,1.07,1
VAL-09683,Haven,Platinum,47,8,9,63,43,1.47,1
VAL-09684,Breeze,Platinum,60,14,9,62,65,0.95,1
VAL-09685,Breeze,Gold,53,13,6,61,64,0.95,0
VAL-09686,Ascent,Gold,71,6,11,45,52,0.87,0
VAL-09687,Breeze,Gold,80,18,13,50,49,1.02,1
VAL-09688,Haven,Platinum,60,9,8,57,78,0.73,0
VAL-09689,Haven,Silver,53,5,5,63,59,1.07,1
VAL-09690,Haven,Ascendant,74,17,10,75,51,1.47,1
VAL-09691,Lotus,Gold,53,14,10,62,66,0.94,1
VAL-09692,Icebox,Gold,49,11,9,71,47,1.51,1
VAL-09693,Split,Platinum,70,12,7,56,60,0.93,1
VAL-09694,Sunset,Silver,65,12,11,46,64,0.72,0
VAL-09695,Sunset,Gold,49,6,4,64,62,1.03,0
VAL-09696,Ascent,Gold,59,6,7,60,60,1.0,1
VAL-09697,Bind,Silver,51,16,13,56,56,1.0,1
VAL-09698,Lotus,Diamond,62,14,7,44,55,0.8,0
VAL-09699,Icebox,Diamond,61,16,7,40,74,0.54,0
VAL-09700,Pearl,Silver,40,17,8,72,53,1.36,1
VAL-09701,Ascent,Gold,55,0,4,54,57,0.95,0
VAL-09702,Icebox,Silver,37,10,4,68,41,1.66,1
VAL-09703,Haven,Diamond,38,7,5,77,78,0.99,0
VAL-09704,Bind,Gold,49,11,6,56,58,0.97,0
VAL-09705,Bind,Gold,48,5,11,71,64,1.11,1
VAL-09706,Sunset,Gold,34,14,8,65,77,0.84,0
VAL-09707,Split,Gold,41,15,12,71,54,1.31,1
VAL-09708,Split,Platinum,37,21,9,61,50,1.22,1
VAL-09709,Pearl,Platinum,46,12,10,64,65,0.98,1
VAL-09710,Bind,Gold,61,15,9,67,63,1.06,1
VAL-09711,Haven,Platinum,73,16,12,45,78,0.58,0
VAL-09712,Haven,Gold,68,19,7,57,63,0.9,1
VAL-09713,Breeze,Silver,60,7,7,45,67,0.67,0
VAL-09714,Haven,Silver,60,16,4,59,62,0.95,0
VAL-09715,Icebox,Gold,54,14,10,56,52,1.08,1
VAL-09716,Split,Platinum,54,6,6,74,46,1.61,1
VAL-09717,Haven,Ascendant,72,14,9,79,68,1.16,1
VAL-09718,Lotus,Silver,62,15,8,64,50,1.28,1
VAL-09719,Haven,Gold,57,5,4,76,66,1.15,0
VAL-09720,Breeze,Silver,34,12,7,62,61,1.02,0
VAL-09721,Pearl,Diamond,64,12,6,53,59,0.9,0
VAL-09722,Pearl,Diamond,64,12,3,68,57,1.19,1
VAL-09723,Bind,Silver,48,14,8,57,53,1.08,1
VAL-09724,Haven,Platinum,58,10,12,59,64,0.92,1
VAL-09725,Split,Platinum,53,8,4,65,56,1.16,0
VAL-09726,Pearl,Silver,49,14,0,55,60,0.92,0
VAL-09727,Bind,Gold,60,18,13,80,74,1.08,0
VAL-09728,Haven,Platinum,42,18,2,38,65,0.58,0
VAL-09729,Pearl,Silver,79,22,12,48,58,0.83,1
VAL-09730,Pearl,Gold,61,11,11,62,56,1.11,1
VAL-09731,Haven,Silver,54,11,7,63,54,1.17,1
VAL-09732,Ascent,Gold,67,3,5,59,52,1.13,0
VAL-09733,Haven,Diamond,64,10,10,60,64,0.94,1
VAL-09734,Icebox,Gold,46,6,7,47,44,1.07,0
VAL-09735,Pearl,Silver,49,11,13,67,64,1.05,1
VAL-09736,Split,Silver,28,17,9,62,78,0.79,0
VAL-09737,Ascent,Platinum,42,16,12,60,71,0.85,1
VAL-09738,Breeze,Gold,63,11,9,67,49,1.37,1
VAL-09739,Bind,Platinum,57,10,11,66,81,0.81,0
VAL-09740,Haven,Silver,49,9,8,52,68,0.76,1
VAL-09741,Split,Diamond,59,15,7,63,49,1.29,1
VAL-09742,Breeze,Diamond,49,11,6,60,45,1.33,1
VAL-09743,Breeze,Diamond,38,13,4,66,54,1.22,0
VAL-09744,Pearl,Gold,44,15,7,71,61,1.16,0
VAL-09745,Icebox,Platinum,83,15,4,57,65,0.88,1
VAL-09746,Pearl,Gold,53,1,6,66,55,1.2,0
VAL-09747,Bind,Diamond,54,14,8,62,56,1.11,1
VAL-09748,Ascent,Silver,61,12,9,48,64,0.75,0
VAL-09749,Lotus,Diamond,67,5,11,52,53,0.98,0
VAL-09750,Ascent,Gold,52,18,8,52,61,0.85,1
VAL-09751,Bind,Diamond,68,13,8,71,68,1.04,1
VAL-09752,Breeze,Platinum,52,6,6,48,59,0.81,0
VAL-09753,Ascent,Gold,55,10,7,45,74,0.61,0
VAL-09754,Haven,Ascendant,49,11,7,69,59,1.17,0
VAL-09755,Pearl,Gold,64,22,13,62,50,1.24,1
VAL-09756,Lotus,Ascendant,38,9,8,57,79,0.72,0
VAL-09757,Split,Diamond,58,9,3,41,67,0.61,0
VAL-09758,Haven,Immortal,62,13,8,42,61,0.69,0
VAL-09759,Ascent,Silver,67,21,4,35,61,0.57,0
VAL-09760,Sunset,Gold,62,11,5,51,52,0.98,0
VAL-09761,Breeze,Platinum,44,10,7,83,61,1.36,1
VAL-09762,Breeze,Ascendant,62,13,8,62,54,1.15,1
VAL-09763,Sunset,Silver,64,11,8,64,72,0.89,1
VAL-09764,Ascent,Silver,63,11,5,59,64,0.92,0
VAL-09765,Breeze,Gold,52,16,2,47,62,0.76,1
VAL-09766,Icebox,Diamond,53,10,7,55,55,1.0,0
VAL-09767,Breeze,Diamond,67,11,7,71,61,1.16,1
VAL-09768,Lotus,Gold,55,16,7,64,47,1.36,1
VAL-09769,Icebox,Silver,44,6,8,36,66,0.55,0
VAL-09770,Bind,Platinum,50,11,6,77,55,1.4,1
VAL-09771,Bind,Silver,73,5,10,59,53,1.11,1
VAL-09772,Icebox,Platinum,39,10,9,52,78,0.67,0
VAL-09773,Haven,Gold,71,11,9,57,67,0.85,1
VAL-09774,Haven,Platinum,55,11,11,56,48,1.17,1
VAL-09775,Lotus,Diamond,39,10,8,53,71,0.75,0
VAL-09776,Pearl,Gold,65,13,7,66,42,1.57,1
VAL-09777,Ascent,Gold,46,8,7,52,51,1.02,0
VAL-09778,Icebox,Diamond,56,14,9,51,64,0.8,0
VAL-09779,Sunset,Gold,33,10,7,61,60,1.02,0
VAL-09780,Split,Diamond,71,15,2,64,54,1.19,1
VAL-09781,Ascent,Silver,51,12,5,67,63,1.06,0
VAL-09782,Lotus,Diamond,48,10,11,67,55,1.22,1
VAL-09783,Icebox,Silver,57,7,1,61,62,0.98,1
VAL-09784,Bind,Silver,66,13,8,42,65,0.65,0
VAL-09785,Ascent,Gold,53,11,9,73,74,0.99,0
VAL-09786,Haven,Ascendant,65,18,7,70,66,1.06,0
VAL-09787,Sunset,Immortal,55,18,5,63,58,1.09,1
VAL-09788,Ascent,Silver,56,10,4,58,64,0.91,0
VAL-09789,Split,Silver,45,3,8,54,42,1.29,0
VAL-09790,Lotus,Gold,68,16,6,68,75,0.91,1
VAL-09791,Lotus,Gold,63,10,12,42,63,0.67,0
VAL-09792,Lotus,Diamond,62,11,8,64,92,0.7,0
VAL-09793,Lotus,Gold,68,17,6,66,63,1.05,1
VAL-09794,Split,Diamond,42,13,8,38,63,0.6,1
VAL-09795,Lotus,Platinum,56,15,5,79,45,1.76,0
VAL-09796,Sunset,Platinum,68,16,6,83,53,1.57,1
VAL-09797,Pearl,Diamond,55,11,2,81,60,1.35,1
VAL-09798,Bind,Silver,57,15,6,67,56,1.2,1
VAL-09799,Sunset,Silver,56,12,9,78,78,1.0,1
VAL-09800,Lotus,Diamond,61,14,6,57,62,0.92,0
VAL-09801,Icebox,Silver,32,13,10,83,58,1.43,1
VAL-09802,Haven,Silver,56,17,11,62,66,0.94,1
VAL-09803,Pearl,Ascendant,60,7,9,40,57,0.7,0
VAL-09804,Bind,Platinum,60,10,13,53,66,0.8,1
VAL-09805,Haven,Gold,74,12,10,64,48,1.33,1
VAL-09806,Sunset,Platinum,48,12,7,62,75,0.83,0
VAL-09807,Split,Gold,75,7,6,48,64,0.75,0
VAL-09808,Split,Ascendant,51,9,6,73,65,1.12,0
VAL-09809,Haven,Silver,39,12,5,71,55,1.29,1
VAL-09810,Icebox,Platinum,73,10,8,53,70,0.76,0
VAL-09811,Haven,Diamond,68,5,6,41,47,0.87,0
VAL-09812,Sunset,Gold,57,11,3,67,55,1.22,1
VAL-09813,Haven,Diamond,48,7,9,55,64,0.86,0
VAL-09814,Bind,Ascendant,52,14,5,54,59,0.92,0
VAL-09815,Icebox,Platinum,58,13,2,49,50,0.98,0
VAL-09816,Breeze,Gold,72,16,10,73,58,1.26,1
VAL-09817,Ascent,Platinum,39,13,10,45,55,0.82,0
VAL-09818,Breeze,Ascendant,52,8,4,52,53,0.98,0
VAL-09819,Haven,Gold,52,0,5,55,75,0.73,1
VAL-09820,Split,Platinum,49,17,5,56,53,1.06,1
VAL-09821,Breeze,Gold,47,10,5,39,49,0.8,0
VAL-09822,Lotus,Silver,74,3,1,55,49,1.12,1
VAL-09823,Sunset,Silver,45,18,6,64,55,1.16,1
VAL-09824,Breeze,Ascendant,57,14,6,63,61,1.03,1
VAL-09825,Pearl,Platinum,41,18,12,35,64,0.55,0
VAL-09826,Icebox,Silver,65,14,7,70,78,0.9,1
VAL-09827,Sunset,Diamond,49,15,5,66,40,1.65,1
VAL-09828,Split,Gold,29,10,8,43,48,0.9,0
VAL-09829,Breeze,Diamond,67,15,3,57,53,1.08,1
VAL-09830,Icebox,Silver,48,20,7,47,52,0.9,1
VAL-09831,Ascent,Ascendant,71,15,5,71,46,1.54,1
VAL-09832,Icebox,Platinum,68,11,7,73,60,1.22,0
VAL-09833,Icebox,Platinum,54,7,8,67,79,0.85,0
VAL-09834,Sunset,Silver,60,17,5,77,69,1.12,1
VAL-09835,Ascent,Gold,56,12,8,65,50,1.3,1
VAL-09836,Icebox,Gold,38,12,5,61,59,1.03,0
VAL-09837,Pearl,Ascendant,72,4,4,66,59,1.12,0
VAL-09838,Breeze,Silver,52,4,10,51,65,0.78,0
VAL-09839,Breeze,Platinum,55,12,10,49,59,0.83,1
VAL-09840,Pearl,Silver,55,8,8,58,55,1.05,0
VAL-09841,Breeze,Silver,52,13,9,56,78,0.72,0
VAL-09842,Icebox,Gold,63,16,2,52,57,0.91,0
VAL-09843,Icebox,Diamond,54,10,9,76,55,1.38,1
VAL-09844,Sunset,Diamond,49,13,11,52,76,0.68,0
VAL-09845,Lotus,Ascendant,50,12,9,45,62,0.73,0
VAL-09846,Split,Ascendant,75,24,7,45,63,0.71,1
VAL-09847,Split,Silver,56,10,3,61,76,0.8,0
VAL-09848,Icebox,Diamond,74,9,9,76,62,1.23,1
VAL-09849,Haven,Gold,44,10,9,39,53,0.74,0
VAL-09850,Lotus,Diamond,47,17,10,66,65,1.02,1
VAL-09851,Pearl,Silver,49,10,6,73,39,1.87,1
VAL-09852,Icebox,Diamond,54,15,5,51,83,0.61,1
VAL-09853,Haven,Silver,46,12,5,50,47,1.06,1
VAL-09854,Icebox,Gold,53,12,4,80,60,1.33,1
VAL-09855,Haven,Silver,57,18,8,73,64,1.14,1
VAL-09856,Icebox,Silver,67,5,7,55,36,1.53,0
VAL-09857,Ascent,Gold,39,13,8,64,53,1.21,1
VAL-09858,Breeze,Diamond,66,15,7,60,78,0.77,0
VAL-09859,Split,Diamond,64,14,6,69,72,0.96,1
VAL-09860,Split,Silver,43,6,4,59,75,0.79,0
VAL-09861,Lotus,Silver,46,7,11,53,57,0.93,0
VAL-09862,Bind,Gold,59,13,8,53,73,0.73,0
VAL-09863,Split,Diamond,47,3,11,73,66,1.11,0
VAL-09864,Bind,Silver,71,10,8,62,59,1.05,1
VAL-09865,Ascent,Gold,55,7,6,61,66,0.92,0
VAL-09866,Haven,Silver,40,13,6,66,62,1.06,0
VAL-09867,Lotus,Gold,42,11,5,66,65,1.02,0
VAL-09868,Breeze,Silver,37,14,11,48,48,1.0,1
VAL-09869,Pearl,Silver,54,9,11,55,69,0.8,0
VAL-09870,Bind,Silver,54,13,6,48,38,1.26,1
VAL-09871,Breeze,Gold,61,12,9,51,53,0.96,1
VAL-09872,Lotus,Gold,70,9,6,75,44,1.7,0
VAL-09873,Lotus,Platinum,55,16,3,89,81,1.1,1
VAL-09874,Split,Silver,70,15,5,50,99,0.51,0
VAL-09875,Breeze,Silver,46,9,9,54,80,0.68,0
VAL-09876,Icebox,Silver,37,9,10,58,72,0.81,0
VAL-09877,Sunset,Diamond,65,16,7,32,51,0.63,0
VAL-09878,Lotus,Platinum,64,6,5,85,49,1.73,1
VAL-09879,Bind,Platinum,58,7,4,47,62,0.76,0
VAL-09880,Pearl,Gold,63,14,6,57,58,0.98,0
VAL-09881,Pearl,Silver,27,19,6,64,51,1.25,1
VAL-09882,Ascent,Silver,49,10,6,60,60,1.0,0
VAL-09883,Ascent,Gold,68,10,3,61,40,1.52,1
VAL-09884,Split,Platinum,52,11,8,64,53,1.21,1
VAL-09885,Icebox,Diamond,63,10,7,46,50,0.92,0
VAL-09886,Split,Diamond,86,10,6,60,66,0.91,1
VAL-09887,Pearl,Gold,67,10,7,73,48,1.52,1
VAL-09888,Haven,Gold,51,13,9,55,56,0.98,1
VAL-09889,Pearl,Silver,34,15,9,61,56,1.09,1
VAL-09890,Lotus,Gold,64,13,11,65,63,1.03,1
VAL-09891,Breeze,Ascendant,31,11,11,66,63,1.05,0
VAL-09892,Breeze,Silver,46,10,9,62,54,1.15,1
VAL-09893,Lotus,Ascendant,46,7,7,63,66,0.95,0
VAL-09894,Lotus,Gold,54,7,5,50,48,1.04,0
VAL-09895,Pearl,Gold,58,6,10,47,53,0.89,0
VAL-09896,Breeze,Silver,45,15,3,64,57,1.12,0
VAL-09897,Breeze,Platinum,68,10,7,56,75,0.75,0
VAL-09898,Breeze,Gold,72,14,4,63,73,0.86,0
VAL-09899,Lotus,Gold,52,9,10,60,39,1.54,1
VAL-09900,Ascent,Gold,68,12,9,53,66,0.8,0
VAL-09901,Icebox,Silver,47,11,7,54,63,0.86,0
VAL-09902,Haven,Gold,43,18,13,42,66,0.64,1
VAL-09903,Lotus,Gold,68,10,5,59,50,1.18,1
VAL-09904,Breeze,Platinum,58,15,8,50,88,0.57,0
VAL-09905,Bind,Platinum,60,6,9,65,54,1.2,1
VAL-09906,Pearl,Gold,77,17,8,59,61,0.97,1
VAL-09907,Pearl,Platinum,63,15,6,64,82,0.78,0
VAL-09908,Icebox,Gold,84,10,7,62,59,1.05,1
VAL-09909,Lotus,Platinum,56,10,12,67,54,1.24,1
VAL-09910,Icebox,Silver,73,17,7,67,69,0.97,1
VAL-09911,Ascent,Silver,54,16,9,56,57,0.98,1
VAL-09912,Sunset,Silver,41,11,2,66,61,1.08,0
VAL-09913,Split,Diamond,65,9,7,70,47,1.49,1
VAL-09914,Bind,Silver,55,16,13,58,50,1.16,1
VAL-09915,Split,Silver,80,10,5,67,62,1.08,1
VAL-09916,Sunset,Gold,62,13,5,63,55,1.15,1
VAL-09917,Bind,Silver,66,10,12,66,48,1.38,1
VAL-09918,Split,Diamond,36,11,5,66,54,1.22,0
VAL-09919,Bind,Platinum,64,20,5,71,55,1.29,1
VAL-09920,Icebox,Ascendant,54,12,9,42,60,0.7,0
VAL-09921,Haven,Silver,46,18,13,67,61,1.1,1
VAL-09922,Bind,Gold,72,6,10,66,66,1.0,1
VAL-09923,Sunset,Platinum,39,5,7,73,49,1.49,1
VAL-09924,Icebox,Platinum,59,14,11,64,51,1.25,1
VAL-09925,Icebox,Silver,48,9,6,68,49,1.39,1
VAL-09926,Ascent,Platinum,58,12,5,59,53,1.11,1
VAL-09927,Breeze,Diamond,52,4,11,51,54,0.94,0
VAL-09928,Pearl,Silver,53,4,11,60,46,1.3,1
VAL-09929,Ascent,Platinum,56,12,6,59,78,0.76,0
VAL-09930,Sunset,Gold,43,10,10,63,62,1.02,0
VAL-09931,Lotus,Ascendant,67,11,11,83,52,1.6,1
VAL-09932,Lotus,Gold,63,19,7,63,56,1.12,1
VAL-09933,Pearl,Silver,43,14,7,60,60,1.0,0
VAL-09934,Icebox,Gold,72,21,3,60,58,1.03,1
VAL-09935,Haven,Ascendant,64,12,7,64,54,1.19,1
VAL-09936,Sunset,Platinum,56,18,5,61,71,0.86,0
VAL-09937,Pearl,Gold,38,16,6,62,61,1.02,0
VAL-09938,Lotus,Platinum,47,10,3,59,60,0.98,0
VAL-09939,Breeze,Platinum,32,11,11,67,75,0.89,0
VAL-09940,Icebox,Silver,57,11,10,51,83,0.61,0
VAL-09941,Lotus,Silver,65,16,11,56,61,0.92,1
VAL-09942,Haven,Platinum,46,13,7,72,63,1.14,1
VAL-09943,Pearl,Gold,55,8,6,57,44,1.3,1
VAL-09944,Bind,Silver,67,7,8,52,61,0.85,0
VAL-09945,Haven,Diamond,48,7,8,62,71,0.87,0
VAL-09946,Bind,Gold,62,8,11,55,40,1.38,1
VAL-09947,Icebox,Gold,80,8,8,49,44,1.11,1
VAL-09948,Pearl,Silver,64,7,7,69,82,0.84,0
VAL-09949,Ascent,Platinum,43,16,9,55,51,1.08,1
VAL-09950,Sunset,Platinum,55,6,1,62,65,0.95,0
VAL-09951,Ascent,Platinum,64,14,11,59,64,0.92,1
VAL-09952,Ascent,Silver,61,21,9,56,66,0.85,1
VAL-09953,Lotus,Platinum,42,12,8,56,67,0.84,0
VAL-09954,Breeze,Ascendant,60,12,9,60,68,0.88,0
VAL-09955,Breeze,Gold,52,13,10,72,60,1.2,1
VAL-09956,Sunset,Silver,50,6,13,63,56,1.12,1
VAL-09957,Split,Diamond,62,14,6,75,49,1.53,1
VAL-09958,Lotus,Silver,76,13,10,55,51,1.08,1
VAL-09959,Split,Gold,46,12,8,61,55,1.11,1
VAL-09960,Bind,Silver,60,5,5,48,53,0.91,0
VAL-09961,Lotus,Gold,54,20,10,67,63,1.06,1
VAL-09962,Pearl,Gold,62,13,8,70,62,1.13,1
VAL-09963,Split,Silver,56,7,8,67,47,1.43,1
VAL-09964,Sunset,Diamond,48,8,8,69,51,1.35,1
VAL-09965,Sunset,Gold,48,9,8,60,63,0.95,0
VAL-09966,Lotus,Platinum,61,18,10,64,42,1.52,1
VAL-09967,Ascent,Gold,57,12,6,69,61,1.13,1
VAL-09968,Pearl,Platinum,62,12,7,71,54,1.31,1
VAL-09969,Icebox,Gold,36,10,10,60,60,1.0,0
VAL-09970,Pearl,Diamond,68,16,4,54,68,0.79,0
VAL-09971,Sunset,Diamond,72,16,10,74,55,1.35,1
VAL-09972,Bind,Platinum,57,6,7,61,59,1.03,0
VAL-09973,Split,Gold,63,12,10,60,49,1.22,1
VAL-09974,Split,Diamond,67,11,9,53,61,0.87,1
VAL-09975,Bind,Gold,53,8,6,59,41,1.44,0
VAL-09976,Haven,Silver,58,10,6,56,56,1.0,0
VAL-09977,Lotus,Silver,61,11,5,51,57,0.89,0
VAL-09978,Sunset,Ascendant,49,8,4,52,63,0.83,0
VAL-09979,Breeze,Silver,57,13,8,66,72,0.92,0
VAL-09980,Bind,Diamond,31,13,8,57,50,1.14,0
VAL-09981,Bind,Silver,48,14,9,61,61,1.0,1
VAL-09982,Pearl,Gold,73,10,6,58,73,0.79,0
VAL-09983,Lotus,Platinum,60,3,9,51,57,0.89,0
VAL-09984,Lotus,Silver,45,9,11,72,68,1.06,1
VAL-09985,Breeze,Platinum,40,8,13,63,57,1.11,1
VAL-09986,Lotus,Platinum,85,11,5,67,59,1.14,1
VAL-09987,Ascent,Gold,47,14,11,64,50,1.28,0
VAL-09988,Sunset,Platinum,49,20,8,59,68,0.87,1
VAL-09989,Ascent,Silver,62,8,8,55,63,0.87,0
VAL-09990,Haven,Gold,45,13,6,44,44,1.0,0
VAL-09991,Sunset,Silver,60,13,11,40,66,0.61,0
VAL-09992,Icebox,Gold,55,18,8,68,61,1.11,0
VAL-09993,Sunset,Ascendant,41,13,4,70,60,1.17,0
VAL-09994,Sunset,Platinum,56,11,2,73,35,2.09,1
VAL-09995,Breeze,Platinum,59,12,8,59,57,1.04,1
VAL-09996,Ascent,Platinum,42,13,9,53,41,1.29,1
VAL-09997,Pearl,Silver,61,15,5,66,69,0.96,1
VAL-09998,Breeze,Platinum,63,19,6,72,74,0.97,1
VAL-09999,Sunset,Diamond,43,18,10,77,60,1.28,1
VAL-10000,Pearl,Silver,61,9,6,57,77,0.74,0
